Customer ID,LastPurchase,FirstPurchase,Frequency,Monetary,TotalQuantity,Recency,PurchaseSpan,AOV,Predicted_LTV,Customer_Segment
12346,18-01-2011 10:01,14-12-2009 08:34,12,77556.46,74285,326,400,6463.038333,77598.555,High Value
12347,07-12-2011 15:52,31-10-2010 14:20,8,4921.53,2967,2,402,615.19125,4831.109,Medium Value
12348,25-09-2011 13:13,27-09-2010 14:59,5,2019.4,2714,75,362,403.88,2303.3872,Medium Value
12349,21-11-2011 09:51,29-04-2010 13:20,4,4428.69,1624,19,570,1107.1725,3979.9353,Medium Value
12350,02-02-2011 16:01,02-02-2011 16:01,1,334.4,197,310,0,334.4,350.98447,Low Value
12351,29-11-2010 15:23,29-11-2010 15:23,1,300.93,261,375,0,300.93,348.3154,Low Value
12352,03-11-2011 14:37,12-11-2010 10:20,10,2849.84,724,36,356,284.984,2547.6443,Medium Value
12353,19-05-2011 17:47,27-10-2010 12:44,2,406.76,212,204,204,203.38,350.6718,Low Value
12354,21-04-2011 13:11,21-04-2011 13:11,1,1079.4,530,232,0,1079.4,1085.4108,Medium Value
12355,09-05-2011 13:49,21-05-2010 11:59,2,947.61,543,214,353,473.805,918.8134,Medium Value
12356,17-11-2011 08:40,11-10-2010 09:42,6,6371.73,3416,23,401,1061.955,6074.1416,High Value
12357,06-11-2011 16:07,16-11-2010 10:05,3,18287.66,6587,33,355,6095.886667,18320.26,High Value
12358,08-12-2011 10:26,08-12-2009 07:59,5,3887.07,1079,2,730,777.414,3344.4058,Medium Value
12359,13-10-2011 12:47,05-12-2009 13:32,10,8873.39,2739,58,676,887.339,8002.7153,High Value
12360,18-10-2011 15:22,22-02-2010 09:32,8,4252.89,2459,52,603,531.61125,4148.2393,Medium Value
12361,25-02-2011 13:51,26-01-2010 14:37,4,511.25,235,287,394,127.8125,446.35052,Low Value
12362,06-12-2011 15:40,01-12-2009 10:10,11,5356.23,2230,3,735,486.93,5072.698,Medium Value
12363,22-08-2011 10:18,11-04-2011 13:29,2,552,408,110,132,276,606.4716,Low Value
12364,02-12-2011 10:22,19-08-2011 15:24,4,1313.1,1506,8,104,328.275,1344.2006,Medium Value
12365,21-02-2011 14:04,21-02-2011 13:51,2,641.38,174,291,0,320.69,476.19028,Low Value
12366,16-03-2010 10:28,16-03-2010 10:28,1,500.24,296,634,0,500.24,520.0484,Low Value
12367,05-12-2011 16:48,05-12-2011 16:48,1,168.9,173,4,0,168.9,173.79178,Low Value
12368,21-03-2010 15:56,21-03-2010 15:56,1,917.7,330,628,0,917.7,896.56854,Medium Value
12369,22-10-2010 13:13,08-03-2010 08:09,3,1791.15,1241,413,228,597.05,1823.0443,Medium Value
12370,19-10-2011 14:51,09-02-2010 09:41,7,4316.56,2604,51,617,616.6514286,4625.021,Medium Value
12371,26-10-2011 10:16,04-03-2010 18:23,5,4067.38,1436,45,600,813.476,3542.9395,Medium Value
12372,29-09-2011 12:12,16-02-2011 12:46,3,1298.04,794,72,224,432.68,1301.0951,Medium Value
12373,01-02-2011 13:10,04-02-2010 12:08,3,1127.65,516,311,362,375.8833333,1118.4438,Medium Value
12374,14-11-2011 15:37,30-04-2010 14:01,4,2989.22,1362,25,563,747.305,2734.4214,Medium Value
12375,29-11-2011 10:36,02-09-2011 14:23,2,457.5,178,11,87,228.75,381.65845,Low Value
12376,15-11-2010 12:15,18-10-2010 08:42,2,503.15,240,390,28,251.575,468.21313,Low Value
12377,28-01-2011 15:45,29-04-2010 15:34,4,3426.32,2105,315,274,856.58,3278.3076,Medium Value
12378,02-08-2011 10:34,26-05-2010 14:07,2,5416.32,3316,130,432,2708.16,5205.7686,Medium Value
12379,19-09-2011 10:09,23-06-2010 12:49,4,1620.22,815,82,452,405.055,1510.8895,Medium Value
12380,18-11-2011 11:27,15-02-2010 12:05,11,9676.3,3355,22,640,879.6636364,8689.167,High Value
12381,05-12-2011 12:44,12-08-2011 09:57,5,1845.31,808,5,115,369.062,1679.768,Medium Value
12383,08-06-2011 08:02,22-12-2010 14:28,5,1850.56,1532,185,167,370.112,2040.6954,Medium Value
12384,11-11-2011 08:39,10-08-2011 11:23,2,585.27,126,29,92,292.635,480.0653,Low Value
12385,25-11-2010 15:14,25-11-2010 15:14,1,1938.4,612,379,0,1938.4,1598.837,Medium Value
12386,06-01-2011 12:37,08-12-2010 09:53,2,401.9,354,338,29,200.95,466.58035,Low Value
12387,20-10-2010 16:27,20-10-2010 16:27,1,143.94,134,415,0,143.94,138.89738,Low Value
12388,24-11-2011 12:30,06-05-2010 12:54,8,3901.11,2001,16,566,487.63875,3860.4282,Medium Value
12389,02-11-2010 11:52,22-02-2010 10:15,3,1433.33,614,403,253,477.7766667,1283.8976,Medium Value
12390,21-09-2011 09:33,21-09-2011 09:33,1,549.84,353,80,0,549.84,562.8477,Low Value
12391,18-11-2011 12:07,15-02-2010 10:12,6,2724.84,1204,22,641,454.14,2551.0613,Medium Value
12392,27-04-2010 14:04,27-04-2010 14:04,1,234.75,73,591,0,234.75,244.20036,Low Value
12393,28-09-2011 15:41,07-10-2010 13:49,6,2399.45,1311,72,356,399.9083333,2285.694,Medium Value
12394,07-10-2011 08:08,06-05-2011 14:01,2,1272.48,819,64,153,636.24,1236.7242,Medium Value
12395,20-11-2011 15:21,16-04-2010 10:16,15,4721.17,3205,19,583,314.7446667,4584.6934,Medium Value
12396,03-02-2010 13:22,03-02-2010 13:22,1,931.43,591,674,0,931.43,989.8754,Medium Value
12397,04-11-2011 09:52,27-07-2011 14:21,2,2409.9,1263,36,99,1204.95,2232.7786,Medium Value
12398,25-10-2011 10:27,25-10-2011 10:27,1,1635.66,1394,46,0,1635.66,1789.4169,Medium Value
12399,12-08-2011 13:15,05-03-2010 08:45,7,1962.3,2198,119,525,280.3285714,2142.8975,Medium Value
12400,21-10-2010 13:45,21-10-2010 13:45,1,205.25,91,414,0,205.25,213.2137,Low Value
12401,09-02-2011 13:50,09-02-2011 13:50,1,84.3,11,303,0,84.3,78.87771,Low Value
12402,20-01-2011 13:49,07-02-2010 12:41,6,1256.9,584,323,347,209.4833333,1168.6714,Medium Value
12403,21-10-2011 10:51,06-07-2010 11:39,2,1019.36,260,50,471,509.68,858.94257,Low Value
12404,26-01-2010 16:25,26-01-2010 16:25,1,63.24,1,682,0,63.24,70.265274,Low Value
12405,14-07-2011 08:52,14-07-2011 08:52,1,1710.39,857,149,0,1710.39,1640.7211,Medium Value
12406,17-11-2011 19:22,11-01-2010 14:04,5,6390.36,3416,22,675,1278.072,6564.752,High Value
12407,21-10-2011 10:11,20-03-2011 13:21,5,1708.12,1416,50,214,341.624,1726.7015,Medium Value
12408,07-11-2011 12:27,29-07-2010 13:27,8,4340.77,2229,33,465,542.59625,4050.8215,Medium Value
12409,22-09-2011 10:38,23-05-2010 15:21,7,23419.29,13143,79,486,3345.612857,24459.865,High Value
12410,04-02-2011 10:39,25-07-2010 13:26,3,1013.71,341,309,193,337.9033333,911.21295,Medium Value
12411,26-10-2010 09:25,26-10-2010 09:25,1,346.9,138,410,0,346.9,350.98447,Low Value
12412,26-09-2011 10:16,18-06-2010 13:22,6,2596.93,1997,75,464,432.8216667,2653.1272,Medium Value
12413,04-10-2011 09:00,02-11-2010 13:26,4,999.45,319,67,335,249.8625,881.38684,Medium Value
12414,06-05-2011 14:51,02-09-2010 12:22,6,952.41,495,217,246,158.735,937.6065,Medium Value
12415,15-11-2011 14:22,30-06-2010 08:30,28,144458.37,91447,24,503,5159.2275,144230.4,High Value
12416,21-02-2010 10:19,21-02-2010 10:19,1,202.56,132,657,0,202.56,213.2137,Low Value
12417,06-12-2011 14:52,06-12-2009 10:30,20,6797.41,2884,3,730,339.8705,6587.5737,High Value
12418,19-08-2011 11:08,19-03-2010 14:47,4,2021.2,1088,113,517,505.3,1958.6011,Medium Value
12419,19-11-2010 10:04,22-10-2010 10:40,2,503.01,231,386,27,251.505,433.2998,Low Value
12420,07-10-2011 08:55,07-10-2011 08:55,1,600.39,345,64,0,600.39,665.91266,Low Value
12421,24-11-2011 09:07,22-07-2010 13:57,6,1098.6,652,16,489,183.1,1239.1262,Medium Value
12422,05-09-2011 09:48,18-12-2009 12:44,17,5231.8,2596,96,625,307.7529412,5042.261,Medium Value
12423,09-12-2011 10:10,31-08-2010 09:31,10,2622.39,1793,1,465,262.239,2677.234,Medium Value
12424,30-06-2011 12:06,09-06-2010 15:15,4,3340.03,2025,163,385,835.0075,3251.572,Medium Value
12425,22-09-2011 17:31,17-09-2010 14:10,2,1741.41,1147,78,370,870.705,1812.9208,Medium Value
12426,29-05-2011 12:26,15-02-2010 08:41,2,1345.21,584,195,468,672.605,1311.0248,Medium Value
12427,18-11-2011 08:56,03-12-2010 10:44,3,825.8,533,22,349,275.2666667,890.1298,Medium Value
12428,14-11-2011 08:22,01-03-2011 09:33,9,7956.46,3536,26,257,884.0511111,7797.157,High Value
12429,30-11-2011 17:22,11-06-2010 13:28,8,6204.41,2890,9,537,775.55125,5816.3916,High Value
12430,27-10-2011 15:09,27-10-2011 15:09,1,256.4,117,43,0,256.4,317.09323,Low Value
12431,04-11-2011 11:55,15-01-2010 09:04,27,10432.22,4600,36,658,386.3785185,10650.891,High Value
12432,28-10-2011 11:43,20-06-2011 13:27,5,5059.32,1801,43,129,1011.864,4720.7456,Medium Value
12433,09-12-2011 10:02,20-08-2010 09:23,10,16794.14,13534,1,476,1679.414,17231.803,High Value
12434,16-09-2011 12:38,23-11-2010 13:38,3,1103.43,532,85,296,367.81,1078.9353,Medium Value
12435,21-09-2011 09:06,02-12-2009 13:58,6,13925.93,4958,80,657,2320.988333,13151.778,High Value
12436,01-09-2011 12:09,01-09-2011 12:09,1,509.01,211,100,0,509.01,486.949,Low Value
12437,08-12-2011 11:35,02-12-2009 16:24,39,12683.4,8000,2,735,325.2153846,12951.666,High Value
12438,25-11-2011 13:28,22-07-2011 13:29,2,2906.85,1180,14,125,1453.425,2759.5964,Medium Value
12439,26-01-2010 12:11,14-12-2009 08:40,2,1142.88,478,683,43,571.44,1112.7054,Medium Value
12440,03-09-2010 13:11,22-12-2009 12:03,2,859.2,331,462,255,429.6,802.3109,Low Value
12441,08-12-2010 10:45,08-12-2010 10:45,1,173.55,121,367,0,173.55,173.79178,Low Value
12442,06-12-2011 14:22,06-12-2011 14:22,1,172.06,182,3,0,172.06,173.79178,Low Value
12443,07-12-2009 15:42,07-12-2009 15:42,1,485.31,182,732,0,485.31,486.949,Low Value
12444,18-11-2011 13:23,21-06-2011 14:00,5,5005.46,1153,21,149,1001.092,4366.3164,Medium Value
12445,17-11-2011 18:43,15-10-2010 12:28,2,434.98,206,22,398,217.49,371.92322,Low Value
12446,13-10-2011 12:50,13-10-2011 12:50,1,1002.31,351,58,0,1002.31,952.90155,Medium Value
12447,10-04-2011 13:25,10-04-2011 13:25,1,476.49,190,243,0,476.49,486.949,Low Value
12448,26-10-2011 13:46,26-10-2011 13:46,1,449.45,243,44,0,449.45,451.9052,Low Value
12449,17-11-2011 13:46,27-09-2010 09:37,6,4835.89,2282,22,416,805.9816667,4590.3677,Medium Value
12450,06-07-2011 14:41,22-08-2010 13:11,5,688.2,442,156,318,137.64,794.2241,Low Value
12451,29-11-2011 08:40,28-06-2010 12:58,8,12669.88,9359,11,518,1583.735,12570.538,High Value
12452,23-11-2011 10:28,23-11-2011 08:05,2,430.57,185,17,0,215.285,344.32275,Low Value
12453,28-07-2011 14:08,28-07-2011 14:08,1,707.09,473,134,0,707.09,731.2076,Low Value
12454,14-10-2011 17:13,14-10-2010 17:33,5,16679.78,7703,56,364,3335.956,13605.772,High Value
12455,27-09-2011 15:31,18-12-2009 12:33,10,5879.95,3302,73,648,587.995,6074.21,High Value
12456,26-10-2011 14:41,30-03-2011 09:12,3,3181.04,1633,44,210,1060.346667,3242.8762,Medium Value
12457,04-10-2011 13:13,30-09-2010 17:59,8,2995.91,1094,66,368,374.48875,2751.685,Medium Value
12458,29-09-2011 15:25,09-08-2010 10:33,4,1777.49,986,71,416,444.3725,1799.6274,Medium Value
12459,13-04-2010 14:53,13-04-2010 14:53,1,454.36,258,605,0,454.36,453.65872,Low Value
12460,09-09-2010 13:51,09-09-2010 13:51,1,326.65,170,456,0,326.65,323.5174,Low Value
12461,06-09-2011 16:57,08-07-2011 10:23,2,826.88,287,94,60,413.44,763.4814,Low Value
12462,21-11-2011 09:11,09-02-2011 14:44,2,1189.59,536,19,284,594.795,1178.9349,Medium Value
12463,17-10-2011 13:44,12-04-2011 12:47,4,1344.78,776,53,188,336.195,1340.5977,Medium Value
12464,29-11-2011 13:33,03-02-2011 13:30,8,1212.05,112,10,299,151.50625,928.76965,Medium Value
12465,22-11-2011 16:34,23-06-2011 13:37,2,742.19,479,17,152,371.095,795.0896,Low Value
12466,26-01-2010 16:26,26-01-2010 16:26,1,56.73,1,682,0,56.73,70.265274,Low Value
12467,12-10-2010 15:41,12-10-2010 15:41,1,132.8,129,423,0,132.8,127.68856,Low Value
12468,05-06-2011 11:36,26-01-2010 10:09,5,3670.74,2201,188,495,734.148,3719.1018,Medium Value
12469,05-07-2010 12:40,21-06-2010 10:30,2,3070.54,2552,523,14,1535.27,2772.2268,Medium Value
12470,19-01-2010 11:01,19-01-2010 11:01,1,211.95,95,690,0,211.95,234.4651,Low Value
12471,07-12-2011 15:43,07-12-2009 10:41,79,39918.19,16858,2,730,505.2935443,42137.32,High Value
12472,07-11-2011 14:01,14-12-2009 10:49,19,16249.29,10378,32,693,855.2257895,17110.322,High Value
12473,10-11-2011 13:46,01-06-2011 10:15,5,3928.05,2414,29,162,785.61,4007.0132,Medium Value
12474,22-11-2011 14:39,11-02-2010 09:41,31,12372.75,7940,17,649,399.1209677,11709.287,High Value
12475,17-10-2011 10:10,26-10-2010 08:49,2,1149.64,771,54,356,574.82,1195.9425,Medium Value
12476,24-11-2011 12:40,26-07-2010 09:04,23,14083.91,5631,16,486,612.343913,14038.982,High Value
12477,17-11-2011 09:51,26-03-2010 14:01,9,20276.37,6119,23,600,2252.93,19386.691,High Value
12478,06-12-2011 09:56,06-12-2011 09:56,1,680.99,236,4,0,680.99,661.91504,Low Value
12479,28-11-2011 13:26,28-11-2011 13:26,1,527.2,385,11,0,527.2,555.3799,Low Value
12480,11-11-2011 14:52,20-07-2010 13:21,7,5464.85,2952,28,479,780.6928571,5585.9014,High Value
12481,17-11-2011 08:29,11-04-2010 13:10,15,12185.51,7158,23,584,812.3673333,12565.53,High Value
12482,12-05-2010 16:51,24-02-2010 10:24,29,23691.4,27042,576,77,816.9448276,29453.293,High Value
12483,22-11-2011 17:02,31-01-2010 13:28,19,5097.18,2160,17,660,268.2726316,5141.9,Medium Value
12484,07-11-2011 11:37,27-01-2010 16:41,12,6354.1,3266,33,648,529.5083333,6417.045,High Value
12485,28-06-2010 15:22,28-06-2010 15:22,1,708.1,414,529,0,708.1,700.316,Low Value
12486,04-10-2010 12:14,04-10-2010 12:14,1,1037.28,523,432,0,1037.28,1085.4108,Medium Value
12487,09-12-2009 11:36,09-12-2009 11:36,1,285.3,174,731,0,285.3,313.40213,Low Value
12488,30-11-2011 08:50,25-09-2011 10:34,3,1298.66,529,10,65,432.8866667,1192.508,Medium Value
12489,07-01-2011 13:13,07-01-2011 13:13,1,334.93,105,336,0,334.93,350.98447,Low Value
12490,04-12-2011 16:07,01-12-2009 12:52,21,9823.64,5906,5,733,467.792381,9678.625,High Value
12491,01-11-2011 12:18,01-11-2011 12:18,1,460.4,260,39,0,460.4,453.65872,Low Value
12492,07-10-2011 15:15,01-11-2010 14:58,3,715.21,444,63,340,238.4033333,735.6551,Low Value
12493,27-06-2011 10:17,26-05-2011 14:53,2,433.74,207,166,31,216.87,371.92322,Low Value
12494,24-11-2011 09:34,12-05-2010 13:52,9,1815.27,979,16,560,201.6966667,1842.3398,Medium Value
12495,09-03-2010 10:53,09-03-2010 10:53,1,357.4,130,641,0,357.4,346.5927,Low Value
12496,29-03-2010 14:06,29-03-2010 13:57,2,45.34,30,620,0,22.67,154.51895,Low Value
12497,19-09-2011 12:29,05-03-2010 09:39,3,6248.5,5685,82,563,2082.833333,6788.467,High Value
12498,18-11-2011 12:53,13-10-2011 09:30,3,403.7,159,21,36,134.5666667,386.56915,Low Value
12499,28-05-2010 15:12,28-05-2010 15:12,1,393.72,302,560,0,393.72,448.16275,Low Value
12500,16-11-2011 16:20,04-02-2010 15:05,19,5955.21,3377,23,650,313.4321053,5683.543,High Value
12501,07-01-2011 12:28,07-01-2011 12:28,1,2169.39,1783,337,0,2169.39,2486.4226,Medium Value
12502,05-09-2011 11:52,03-02-2011 10:41,5,3723.87,820,96,214,744.774,3042.1038,Medium Value
12503,04-05-2010 13:59,04-05-2010 13:59,1,1126,561,584,0,1126,1072.5334,Medium Value
12504,21-11-2011 16:02,22-04-2010 10:24,4,779.05,458,18,578,194.7625,796.96747,Low Value
12505,27-10-2010 09:18,27-10-2010 09:18,1,955.2,324,409,0,955.2,896.56854,Medium Value
12506,21-04-2011 08:54,21-04-2011 08:54,1,73.5,23,233,0,73.5,74.583725,Low Value
12507,28-07-2011 17:09,04-05-2010 09:23,4,1844.06,1256,134,450,461.015,1966.6224,Medium Value
12508,13-11-2011 15:37,10-11-2011 16:27,2,397.88,271,26,2,198.94,333.6449,Low Value
12509,28-02-2011 14:45,28-02-2011 14:45,1,176.5,55,284,0,176.5,191.44595,Low Value
12510,20-07-2011 10:15,04-12-2009 13:47,9,5178.02,2049,143,592,575.3355556,4654.117,Medium Value
12511,07-10-2010 10:39,07-10-2010 10:39,1,3084.02,1753,429,0,3084.02,2963.791,Medium Value
12512,04-10-2011 14:55,04-10-2011 14:53,2,132.18,96,66,0,66.09,161.50134,Low Value
12513,19-08-2011 10:51,19-08-2011 10:51,1,612.29,462,113,0,612.29,691.6767,Low Value
12514,17-03-2011 16:38,08-03-2010 12:18,2,1597.76,840,267,374,798.88,1557.8463,Medium Value
12515,21-12-2010 15:43,21-12-2010 15:43,1,383.7,131,353,0,383.7,364.04288,Low Value
12516,23-09-2011 09:13,19-04-2010 14:14,4,2648.62,1952,78,521,662.155,2737.235,Medium Value
12517,11-11-2011 14:04,02-06-2011 15:13,5,2481.6,1361,28,161,496.32,2429.469,Medium Value
12518,09-12-2011 10:13,21-08-2011 13:18,5,2056.89,1318,1,109,411.378,2067.522,Medium Value
12519,07-10-2011 09:26,20-08-2010 08:21,2,716.54,387,64,413,358.27,708.1052,Low Value
12520,21-09-2011 15:23,11-03-2011 11:35,5,2634.26,1439,79,194,526.852,2538.0447,Medium Value
12521,20-07-2011 10:51,20-07-2011 10:51,1,599.68,309,143,0,599.68,665.91266,Low Value
12522,31-10-2011 15:30,19-10-2011 14:41,2,192.72,194,39,12,96.36,208.0816,Low Value
12523,20-11-2011 12:55,07-12-2009 13:46,23,4352.35,2263,19,712,189.2326087,4584.809,Medium Value
12524,30-11-2011 15:31,08-02-2010 14:41,17,11126.11,7178,9,660,654.4770588,11445.735,High Value
12525,29-07-2010 16:08,02-03-2010 14:01,3,973.73,509,498,149,324.5766667,931.1029,Medium Value
12526,09-12-2011 12:09,06-09-2011 14:19,3,1316.66,632,1,93,438.8866667,1260.3135,Medium Value
12527,19-09-2011 11:55,28-06-2010 15:37,5,735.51,526,82,447,147.102,848.2568,Low Value
12528,30-11-2011 14:40,31-01-2011 09:05,6,1933.48,756,9,303,322.2466667,1727.3213,Medium Value
12529,29-06-2010 13:10,29-06-2010 13:10,1,316.48,192,528,0,316.48,309.68695,Low Value
12530,11-10-2011 12:34,07-03-2010 14:37,9,3759.26,2713,60,582,417.6955556,4235.7114,Medium Value
12531,25-11-2011 11:12,22-01-2010 14:17,2,1933.2,1119,15,671,966.6,1911.8881,Medium Value
12532,09-11-2011 13:47,09-11-2011 13:47,1,349.83,153,30,0,349.83,350.98447,Low Value
12533,22-03-2010 10:56,01-12-2009 11:50,2,1367.89,704,628,110,683.945,1328.0326,Medium Value
12534,01-08-2011 10:26,01-08-2011 10:26,1,1089.18,651,131,0,1089.18,1186.6753,Medium Value
12535,09-09-2011 08:48,06-06-2011 12:47,2,716.35,219,92,94,358.175,583.83417,Low Value
12536,27-10-2011 14:20,11-10-2011 14:52,3,12601.83,2803,43,15,4200.61,13814.737,High Value
12537,27-10-2010 08:36,27-10-2010 08:36,1,732.94,449,409,0,732.94,811.65704,Low Value
12538,10-11-2011 17:16,26-11-2010 13:02,2,640.45,336,29,349,320.225,628.062,Low Value
12539,17-11-2011 13:30,23-12-2009 13:00,7,11214.75,4535,22,694,1602.107143,9950.96,High Value
12540,20-11-2011 11:31,07-12-2009 16:56,33,22254.49,11019,20,712,674.3784848,22202.092,High Value
12541,10-11-2011 10:40,04-03-2011 09:32,3,981.18,680,30,251,327.06,1038.5952,Medium Value
12542,12-08-2010 19:12,09-03-2010 16:26,2,481.88,522,484,156,240.94,644.45605,Low Value
12543,17-09-2010 15:51,17-09-2010 15:51,1,980.25,688,448,0,980.25,1158.5598,Medium Value
12544,03-11-2011 16:15,03-11-2011 16:15,1,372.7,136,36,0,372.7,364.93,Low Value
12545,25-09-2011 13:39,25-03-2011 12:04,2,1000.39,523,75,184,500.195,1022.0632,Medium Value
12546,24-10-2011 12:09,23-09-2011 09:44,2,1161.5,633,47,31,580.75,1168.2216,Medium Value
12547,26-05-2011 12:38,27-07-2010 13:55,3,383.58,309,198,302,127.86,490.50195,Low Value
12548,26-06-2011 15:35,26-06-2011 15:35,1,95.2,49,166,0,95.2,89.24505,Low Value
12549,13-05-2010 12:05,11-01-2010 12:29,6,1575.68,1366,576,121,262.6133333,1742.7316,Medium Value
12550,21-09-2011 14:35,21-09-2011 14:35,1,964.83,569,79,0,964.83,1025.3815,Medium Value
12551,17-12-2010 11:23,17-12-2010 11:23,1,168,100,358,0,168,158.05597,Low Value
12552,01-11-2011 10:02,31-10-2011 12:11,2,437.82,88,39,0,218.91,344.32275,Low Value
12553,01-12-2011 16:38,12-10-2010 13:35,12,4608.75,2325,8,415,384.0625,4468.5005,Medium Value
12554,17-09-2010 12:29,17-09-2010 12:29,1,468.5,240,449,0,468.5,453.65872,Low Value
12555,26-01-2010 16:26,26-01-2010 16:26,1,129.23,1,682,0,129.23,125.89756,Low Value
12556,20-10-2011 13:06,11-07-2011 13:35,2,599.56,355,50,100,299.78,617.4766,Low Value
12557,23-11-2011 16:59,17-12-2009 10:39,8,18096.14,6382,16,706,2262.0175,17944.484,High Value
12558,02-12-2011 10:41,02-12-2011 10:41,1,269.96,196,8,0,269.96,319.02124,Low Value
12559,02-02-2011 09:49,24-01-2011 10:12,2,561.71,283,311,8,280.855,503.97366,Low Value
12560,04-12-2011 13:54,19-07-2011 15:55,3,2134.01,1110,5,137,711.3366667,1920.6661,Medium Value
12561,10-02-2011 11:39,10-02-2011 11:39,1,238.85,177,303,0,238.85,244.20036,Low Value
12562,01-12-2011 17:20,30-09-2010 13:13,9,4966.92,2327,8,427,551.88,4867.721,Medium Value
12563,27-10-2010 09:52,27-10-2010 09:52,1,249.24,113,409,0,249.24,295.84167,Low Value
12564,23-03-2011 14:55,23-03-2011 14:55,1,456.9,133,261,0,456.9,418.74536,Low Value
12565,24-02-2011 10:34,24-02-2011 10:34,1,145.92,80,289,0,145.92,138.89738,Low Value
12566,14-09-2011 14:30,14-09-2011 14:30,1,351.65,265,86,0,351.65,385.89774,Low Value
12567,17-11-2011 11:02,11-02-2010 10:30,15,11767.48,5308,23,644,784.4986667,11109.051,High Value
12568,05-03-2010 09:15,05-03-2010 09:15,1,70,48,645,0,70,74.583725,Low Value
12569,07-12-2011 16:24,01-04-2011 13:47,32,4124.69,1801,2,250,128.8965625,3930.8745,Medium Value
12570,26-01-2010 17:28,26-01-2010 17:28,1,77.52,1,682,0,77.52,78.87771,Low Value
12571,31-10-2011 10:19,10-08-2011 12:35,2,519.61,523,40,81,259.805,717.34937,Low Value
12572,01-12-2011 09:20,19-10-2011 08:20,2,1020.42,452,9,43,510.21,1009.14154,Medium Value
12573,26-04-2011 15:52,31-08-2010 17:25,5,717.41,479,227,237,143.482,773.76526,Low Value
12574,28-01-2011 09:20,28-01-2011 09:20,1,218.45,61,316,0,218.45,234.4651,Low Value
12575,08-09-2010 13:09,01-07-2010 09:15,2,622.82,315,457,69,311.41,628.062,Low Value
12576,04-11-2011 10:11,01-07-2010 13:46,8,2142.72,1494,36,490,267.84,2071.446,Medium Value
12577,04-11-2011 13:24,03-12-2009 19:31,8,1617.1,1191,35,700,202.1375,1808.5253,Medium Value
12578,18-11-2011 13:30,22-09-2010 11:19,4,4642.45,2380,21,422,1160.6125,4379.444,Medium Value
12579,22-09-2011 17:15,22-09-2011 17:15,1,440.42,285,78,0,440.42,469.1229,Low Value
12580,07-04-2011 10:24,12-05-2010 11:45,2,1052.9,569,247,329,526.45,1051.2892,Medium Value
12581,31-10-2011 08:56,31-10-2011 08:56,1,197.71,161,40,0,197.71,188.87389,Low Value
12582,15-04-2011 08:45,11-05-2010 09:55,4,1980.4,985,239,338,495.1,1958.6011,Medium Value
12583,07-12-2011 08:07,06-12-2009 11:57,27,13591.58,8535,3,730,503.3918519,13697.9795,High Value
12584,06-12-2011 09:35,04-03-2011 15:15,9,2338.15,416,4,276,259.7944444,1829.1655,Medium Value
12585,19-04-2011 13:39,23-12-2010 12:58,2,2040.1,1279,234,117,1020.05,2181.0884,Medium Value
12586,22-11-2011 16:24,16-12-2009 13:15,4,2062.67,687,17,706,515.6675,1836.5063,Medium Value
12587,02-12-2011 12:47,02-12-2011 12:47,1,144,51,8,0,144,138.89738,Low Value
12588,31-10-2011 15:01,21-04-2010 12:22,4,958.78,438,39,558,239.695,872.36615,Low Value
12589,11-11-2011 10:19,19-01-2010 12:26,8,4695.66,1764,29,660,586.9575,4213.1616,Medium Value
12590,12-05-2011 14:52,12-05-2011 14:46,2,9864.26,4283,211,0,4932.13,9673.662,High Value
12591,26-01-2011 14:35,27-10-2010 10:42,3,1338.95,653,317,91,446.3166667,1285.2721,Medium Value
12592,08-09-2011 15:04,08-07-2010 14:06,5,2582.66,1875,92,427,516.532,2764.653,Medium Value
12593,23-08-2011 12:43,05-05-2011 09:29,3,418.1,206,109,110,139.3666667,397.77798,Low Value
12594,02-11-2011 12:20,03-03-2010 13:51,15,5090.11,2768,38,608,339.3406667,4977.1846,Medium Value
12595,23-07-2010 09:10,23-07-2010 09:10,1,299.02,271,505,0,299.02,348.3154,Low Value
12596,19-10-2011 13:02,11-04-2011 13:22,2,618.27,474,51,190,309.135,689.93713,Low Value
12597,20-11-2011 13:33,16-03-2011 14:00,4,3811.22,2236,19,248,952.805,3947.5308,Medium Value
12598,30-11-2011 12:18,01-03-2010 09:58,11,4534.09,2906,10,639,412.19,4771.1196,Medium Value
12599,10-11-2011 13:34,11-05-2010 10:42,13,2296.72,2189,29,548,176.6707692,2384.2915,Medium Value
12600,11-11-2011 10:29,07-12-2009 13:37,21,4967.42,1383,29,703,236.5438095,4230.0625,Medium Value
12601,03-06-2011 10:17,31-10-2010 10:57,6,681.26,290,190,214,113.5433333,738.3104,Low Value
12602,12-10-2011 11:22,12-10-2011 11:22,1,153.12,162,59,0,153.12,157.71541,Low Value
12603,18-11-2011 10:42,18-11-2011 10:42,1,739.2,63,22,0,739.2,1165.7462,Medium Value
12604,21-09-2011 14:08,23-03-2011 12:06,2,254.18,201,79,182,127.09,242.99582,Low Value
12605,28-11-2010 14:18,07-09-2010 14:21,4,1232.95,929,376,81,308.2375,1337.1481,Medium Value
12606,26-01-2010 16:23,26-01-2010 16:23,1,21,1,682,0,21,63.282875,Low Value
12607,10-10-2011 16:06,10-10-2011 16:06,1,1579.51,1228,60,0,1579.51,1799.2367,Medium Value
12608,31-10-2010 10:49,31-10-2010 10:49,1,415.79,323,405,0,415.79,494.16235,Low Value
12609,22-09-2011 16:34,20-12-2009 13:30,9,3435.86,1553,78,641,381.7622222,3454.1194,Medium Value
12610,17-11-2011 09:34,05-08-2011 13:52,5,2099.54,1049,23,103,419.908,2007.5912,Medium Value
12611,18-10-2011 13:12,18-10-2011 13:12,1,1193.32,846,52,0,1193.32,1290.0597,Medium Value
12612,26-09-2011 15:35,26-09-2011 15:35,1,704.04,262,74,0,704.04,661.91504,Low Value
12613,13-10-2011 14:59,14-12-2009 13:10,10,6817.37,4157,57,668,681.737,6970.8486,High Value
12614,07-03-2011 10:22,07-03-2011 10:22,1,315.6,76,278,0,315.6,309.68695,Low Value
12615,07-12-2011 15:02,18-03-2010 14:09,8,5740.98,3317,2,629,717.6225,6148.498,High Value
12616,05-09-2011 15:17,16-11-2010 11:38,3,1131.1,498,95,293,377.0333333,1023.5603,Medium Value
12617,10-11-2011 14:39,10-11-2011 14:39,1,352.98,210,29,0,352.98,350.98447,Low Value
12618,18-11-2011 11:10,18-11-2011 11:10,1,177.31,96,22,0,177.31,191.44595,Low Value
12619,23-11-2011 14:52,28-05-2010 12:52,10,3781.38,3518,16,544,378.138,4291.8813,Medium Value
12620,25-11-2011 10:20,19-05-2011 12:10,3,1339.41,1181,15,189,446.47,1569.2599,Medium Value
12621,08-12-2011 11:25,09-02-2010 12:01,35,24311.2,13706,2,666,694.6057143,23825.41,High Value
12622,21-04-2011 16:39,21-04-2011 16:39,1,180.1,69,232,0,180.1,191.44595,Low Value
12623,08-03-2011 13:50,12-01-2010 11:45,7,3747.84,1971,276,420,535.4057143,3536.2568,Medium Value
12624,25-08-2011 15:04,15-06-2011 12:34,2,641.13,355,106,71,320.565,628.062,Low Value
12625,12-05-2011 09:54,22-04-2010 11:33,4,5164.88,3309,212,384,1291.22,5367.5576,Medium Value
12626,16-11-2011 16:06,17-01-2011 11:01,9,6620.48,3453,23,303,735.6088889,6689.2686,High Value
12627,29-11-2011 12:07,22-07-2011 13:59,7,4478.53,2752,11,129,639.79,4709.5347,Medium Value
12628,05-12-2011 13:15,06-10-2011 09:28,3,786.46,448,4,60,262.1533333,808.5484,Low Value
12629,19-11-2010 09:18,12-10-2010 16:40,2,1558.22,722,386,37,779.11,1384.1686,Medium Value
12630,30-11-2011 10:48,27-10-2011 10:41,2,1270.88,548,10,34,635.44,1151.2139,Medium Value
12631,13-10-2011 13:53,15-01-2010 14:50,6,3481.57,1607,57,635,580.2616667,3584.1628,Medium Value
12632,07-07-2010 09:39,24-05-2010 09:07,2,804.88,694,521,44,402.44,879.6565,Low Value
12633,12-10-2011 11:40,02-07-2010 11:44,7,5678.16,3238,59,466,811.1657143,6143.2793,High Value
12634,22-06-2010 10:05,09-06-2010 15:41,2,490,337,536,12,245,544.2191,Low Value
12635,11-09-2011 11:04,09-09-2010 10:50,4,2930.41,1949,90,367,732.6025,3047.3574,Medium Value
12636,01-12-2009 09:55,01-12-2009 09:55,1,141,1,739,0,141,138.89738,Low Value
12637,03-10-2011 13:46,14-06-2010 13:36,12,8283.81,4257,67,476,690.3175,7864.5464,High Value
12638,06-11-2011 13:11,10-03-2010 10:30,2,921.49,663,33,606,460.745,961.31854,Medium Value
12639,15-04-2011 12:48,22-03-2010 09:05,3,1312.37,631,239,389,437.4566667,1260.3135,Medium Value
12640,16-11-2011 11:52,19-09-2011 12:01,3,1174.58,311,24,57,391.5266667,962.8531,Medium Value
12641,16-08-2011 13:26,16-08-2011 13:26,1,185.9,72,115,0,185.9,188.87389,Low Value
12642,14-11-2011 15:03,24-08-2011 09:23,3,1013.26,552,25,82,337.7533333,1026.5114,Medium Value
12643,03-08-2011 12:56,07-04-2010 14:16,12,8304.82,4665,128,482,692.0683333,8365.024,High Value
12644,02-08-2011 10:33,14-01-2010 13:02,4,1918.49,1032,130,564,479.6225,1936.4072,Medium Value
12645,06-11-2011 12:38,09-02-2010 10:49,8,3539.3,2125,34,635,442.4125,3511.6516,Medium Value
12646,05-12-2011 10:14,21-10-2011 12:52,2,1346.97,897,5,44,673.485,1462.3263,Medium Value
12647,17-11-2011 12:56,13-01-2010 15:06,36,16955.55,6633,22,672,470.9875,16295.207,High Value
12648,08-07-2011 11:55,07-01-2010 18:38,4,1112,518,155,546,278,1078.1019,Medium Value
12649,24-08-2011 14:41,12-01-2010 17:24,8,2294.65,1959,107,588,286.83125,2556.3213,Medium Value
12650,06-12-2011 16:34,06-12-2011 16:34,1,314.44,254,3,0,314.44,344.60022,Low Value
12651,09-01-2011 12:46,31-08-2010 15:21,4,377.75,265,335,130,94.4375,437.5837,Low Value
12652,12-01-2011 15:00,01-10-2010 15:16,2,1017.03,536,331,102,508.515,1003.5589,Medium Value
12653,14-07-2011 10:41,01-07-2010 09:56,3,4160.83,1681,149,378,1386.943333,4100.007,Medium Value
12654,29-11-2011 10:10,17-02-2011 13:16,5,601.98,264,11,284,120.396,617.7046,Low Value
12655,12-10-2010 09:17,12-10-2010 09:17,1,261.35,80,424,0,261.35,317.09323,Low Value
12656,22-11-2011 13:42,26-05-2010 09:00,8,6407.83,2860,17,545,800.97875,5816.3916,High Value
12657,28-11-2011 15:47,22-09-2011 11:40,4,1643.18,1044,11,67,410.795,1709.2681,Medium Value
12658,21-11-2011 10:22,21-11-2011 10:22,1,686.05,320,19,0,686.05,705.44366,Low Value
12659,10-11-2011 11:53,10-11-2011 11:53,1,91.68,105,30,0,91.68,82.6925,Low Value
12660,28-11-2011 13:26,28-11-2011 13:26,1,245.1,127,11,0,245.1,266.51257,Low Value
12661,29-09-2010 16:46,29-09-2010 16:46,1,162,216,436,0,162,158.05597,Low Value
12662,09-12-2011 11:59,01-04-2010 09:50,20,6726.54,3424,1,617,336.327,6039.602,High Value
12663,25-03-2010 09:40,09-02-2010 14:28,2,239.4,181,625,43,119.7,236.21922,Low Value
12664,01-12-2011 17:07,13-12-2009 10:28,11,6070.04,1495,8,718,551.8218182,5361.2935,Medium Value
12665,19-01-2011 08:34,08-02-2010 15:11,3,313.6,165,325,344,104.5333333,344.41183,Low Value
12666,10-11-2010 16:40,10-11-2010 16:40,1,1248.42,370,394,0,1248.42,1347.1349,Medium Value
12667,12-10-2011 17:00,12-10-2011 17:00,1,620.13,395,58,0,620.13,658.4448,Low Value
12668,28-11-2011 10:56,31-01-2010 15:45,10,11383.03,5049,12,665,1138.303,10517.861,High Value
12669,12-07-2011 09:54,28-03-2011 10:15,3,2744.03,1115,151,105,914.6766667,2413.4302,Medium Value
12670,29-11-2011 15:23,11-02-2010 10:13,7,3760.29,1627,10,656,537.1842857,3586.2383,Medium Value
12671,12-04-2010 16:30,12-04-2010 16:30,1,2622.481,1460,606,0,2622.481,2528.4832,Medium Value
12672,14-01-2011 09:20,23-04-2010 09:57,2,437.05,138,330,265,218.525,371.92322,Low Value
12673,04-12-2011 13:55,03-11-2010 10:46,3,1230.02,700,5,396,410.0066667,1244.8529,Medium Value
12674,01-11-2011 12:12,16-05-2011 09:10,4,1970.6,1133,39,169,492.65,1958.6011,Medium Value
12675,04-06-2010 09:49,10-05-2010 16:44,2,957.25,336,554,24,478.625,924.7071,Medium Value
12676,15-11-2011 12:25,13-08-2010 13:29,11,2843.09,1867,25,458,258.4627273,3066.242,Medium Value
12677,02-06-2010 14:30,11-02-2010 13:55,2,395.1,176,555,111,197.55,326.33203,Low Value
12678,28-10-2011 13:04,07-01-2010 16:46,21,34281.18,22372,42,658,1632.437143,34162.906,High Value
12679,12-10-2011 12:30,01-03-2011 12:26,4,1113.02,554,59,225,278.255,1078.1019,Medium Value
12680,09-12-2011 12:50,18-08-2011 15:44,4,880.81,444,1,112,220.2025,856.9399,Low Value
12681,25-11-2011 11:33,13-12-2009 13:31,45,29834.76,17011,15,711,662.9946667,30217.127,High Value
12682,06-12-2011 10:00,01-12-2009 09:28,52,22950.22,10522,4,735,441.3503846,23317.578,High Value
12683,05-12-2011 16:31,13-12-2009 15:01,21,11633.7,7019,4,722,553.9857143,12419.626,High Value
12684,02-12-2011 09:53,10-05-2011 12:55,7,2283.63,1985,8,205,326.2328571,2339.0896,Medium Value
12685,11-11-2011 13:46,07-09-2011 10:28,6,2863.08,1523,28,65,477.18,2991.5737,Medium Value
12686,03-12-2010 09:51,03-12-2010 09:51,1,89.14,107,372,0,89.14,82.6925,Low Value
12687,16-08-2010 12:12,16-08-2010 12:10,2,2138.91,1403,481,0,1069.455,1992.7806,Medium Value
12688,18-08-2011 08:49,18-08-2011 08:49,1,4873.81,3028,114,0,4873.81,4930.616,Medium Value
12689,14-11-2011 08:31,04-08-2011 10:04,2,1247.61,628,26,101,623.805,1237.4215,Medium Value
12690,18-05-2011 09:09,18-05-2011 09:09,1,389.01,106,206,0,389.01,369.72076,Low Value
12691,11-11-2011 16:49,15-10-2010 12:00,7,1170.4,445,28,392,167.2,1098.2434,Medium Value
12692,12-03-2010 14:02,12-03-2010 14:02,1,110.95,36,637,0,110.95,103.77736,Low Value
12693,04-08-2011 17:51,05-07-2010 13:56,7,1703.02,536,127,395,243.2885714,1389.0972,Medium Value
12694,30-09-2011 13:06,14-10-2010 19:39,3,1843.35,1355,70,350,614.45,1843.0223,Medium Value
12695,02-12-2011 13:22,12-02-2010 13:22,7,1407.12,454,7,658,201.0171429,1177.9717,Medium Value
12696,01-10-2010 10:43,19-07-2010 10:02,2,851.91,564,435,74,425.955,866.9846,Low Value
12697,11-11-2011 08:47,23-06-2011 15:44,3,957.59,508,29,140,319.1966667,868.66724,Low Value
12698,28-04-2010 15:51,28-04-2010 15:51,1,339.75,111,590,0,339.75,350.98447,Low Value
12699,18-10-2010 12:07,18-10-2010 12:07,1,638.11,373,418,0,638.11,658.4448,Low Value
12700,02-12-2011 10:47,08-05-2011 16:10,4,4939.99,2967,8,207,1234.9975,4491.9263,Medium Value
12701,21-09-2011 10:47,16-03-2010 13:23,6,2446.41,1727,80,553,407.735,2509.2065,Medium Value
12702,20-11-2011 10:36,20-11-2011 10:36,1,219,53,20,0,219,234.4651,Low Value
12703,29-09-2011 17:52,24-01-2010 12:05,4,1006.53,595,71,613,251.6325,1014.9167,Medium Value
12704,02-12-2011 13:15,23-06-2011 10:20,8,2340.84,1006,7,162,292.605,2193.5288,Medium Value
12705,24-11-2011 13:17,24-06-2010 09:51,14,11762.1,7188,15,518,840.15,12352.99,High Value
12707,21-02-2011 08:38,21-02-2011 08:38,1,603.42,256,292,0,603.42,622.38403,Low Value
12708,10-11-2011 09:52,18-12-2009 10:25,18,5117.66,2432,30,691,284.3144444,5229.0513,Medium Value
12709,24-11-2011 15:38,09-12-2009 13:49,34,30291.76,13772,15,715,890.9341176,29820.46,High Value
12710,04-09-2011 12:00,22-05-2011 14:05,3,1149.02,851,97,104,383.0066667,1203.9484,Medium Value
12711,07-04-2010 11:59,01-02-2010 11:30,2,1339.05,770,612,65,669.525,1246.2925,Medium Value
12712,11-11-2011 08:19,09-12-2009 10:46,21,6723.03,2205,29,701,320.1442857,6785.9014,High Value
12713,09-12-2011 12:16,09-12-2011 12:16,1,848.55,508,1,0,848.55,853.9417,Low Value
12714,30-11-2011 15:43,04-12-2009 10:00,12,14093.71,8774,9,726,1174.475833,13891.488,High Value
12715,25-08-2011 15:22,25-08-2011 15:22,1,343.36,192,106,0,343.36,350.98447,Low Value
12716,06-12-2011 08:55,29-07-2011 13:28,2,1053.49,708,4,129,526.745,1068.2968,Medium Value
12717,11-07-2011 14:47,28-04-2010 14:34,3,1308.91,600,151,439,436.3033333,1174.0038,Medium Value
12718,29-09-2011 16:38,29-09-2011 16:38,1,238.25,203,71,0,238.25,244.20036,Low Value
12719,04-12-2011 13:45,05-10-2011 14:50,2,644.95,374,5,59,322.475,628.062,Low Value
12720,07-12-2011 08:03,21-07-2010 09:46,30,7787.28,6018,3,503,259.576,7739.7944,High Value
12721,08-11-2011 12:13,25-08-2010 11:07,8,4013.08,2655,32,440,501.635,4290.8037,Medium Value
12722,15-09-2011 14:50,12-07-2011 11:55,4,997.63,566,85,65,249.4075,1014.9167,Medium Value
12723,06-12-2011 10:19,05-10-2011 15:52,5,725.07,434,4,61,145.014,795.8532,Low Value
12724,04-12-2011 16:02,22-06-2010 14:00,7,2317.52,1379,5,530,331.0742857,2316.8442,Medium Value
12725,03-12-2010 15:45,04-05-2010 13:59,4,2266.76,1142,371,213,566.69,2212.8396,Medium Value
12726,11-11-2011 13:35,25-03-2010 16:25,11,4014.6,4618,28,595,364.9636364,4128.8755,Medium Value
12727,29-11-2011 11:46,23-02-2010 09:54,10,5679.53,2832,11,644,567.953,5463.0737,High Value
12728,29-09-2011 15:31,21-11-2010 11:34,5,1070.17,543,71,312,214.034,1072.9615,Medium Value
12729,18-08-2011 11:40,18-08-2011 11:40,1,453.01,233,114,0,453.01,418.74536,Low Value
12730,06-07-2010 12:19,06-07-2010 12:19,1,829.25,234,522,0,829.25,756.60645,Low Value
12731,16-11-2011 11:59,02-03-2010 09:23,17,25775.71,11641,24,624,1516.218235,25717.006,High Value
12732,13-06-2011 11:33,13-06-2011 11:33,1,236.26,111,180,0,236.26,244.20036,Low Value
12733,19-04-2011 16:19,19-01-2010 13:23,4,2424.87,896,234,455,606.2175,2172.594,Medium Value
12734,22-12-2010 12:47,12-11-2010 13:26,3,639.65,265,353,39,213.2166667,539.8294,Low Value
12735,28-01-2011 13:37,06-01-2011 14:26,2,779.57,368,315,21,389.785,756.31116,Low Value
12736,11-01-2011 07:57,11-01-2011 07:57,1,234,173,333,0,234,244.20036,Low Value
12737,29-07-2010 12:29,29-07-2010 12:27,2,3710.5,2,499,0,1855.25,3165.0227,Medium Value
12738,02-12-2010 18:27,02-12-2010 18:27,1,155.35,148,372,0,155.35,158.05597,Low Value
12739,22-09-2011 13:00,10-11-2010 14:27,4,2726.73,951,78,315,681.6825,2397.3474,Medium Value
12740,07-10-2011 10:44,07-10-2011 10:44,1,427.6,342,64,0,427.6,494.16235,Low Value
12741,28-06-2010 14:36,24-06-2010 16:24,2,406.07,214,529,3,203.035,323.07135,Low Value
12742,24-03-2010 12:43,24-03-2010 12:43,1,1201.52,1359,626,0,1201.52,1549.1768,Medium Value
12743,28-07-2011 16:21,28-07-2011 16:06,2,540.13,315,134,0,270.065,578.87115,Low Value
12744,19-10-2011 11:18,27-04-2010 16:19,11,25317.06,6994,52,539,2301.550909,24749.28,High Value
12745,10-08-2010 10:14,26-01-2010 16:22,3,925.41,468,487,195,308.47,892.78656,Medium Value
12746,17-06-2010 10:41,17-06-2010 10:41,1,254.55,97,541,0,254.55,317.09323,Low Value
12747,07-12-2011 14:34,07-12-2009 13:23,26,8898.48,2640,2,730,342.2492308,8478.653,High Value
12748,09-12-2011 12:20,04-12-2009 17:31,336,53539.64,37109,1,734,159.3441667,53500.152,High Value
12749,06-12-2011 09:56,06-07-2010 15:05,9,6897.36,2360,4,517,766.3733333,6014.9653,High Value
12750,03-08-2011 09:13,03-08-2011 09:13,1,275.88,137,129,0,275.88,319.02124,Low Value
12751,21-09-2010 12:49,21-09-2010 12:49,1,268.27,189,445,0,268.27,319.02124,Low Value
12752,19-09-2011 13:32,19-09-2011 13:32,1,4366.78,2262,81,0,4366.78,4209.8037,Medium Value
12753,17-11-2011 10:52,12-12-2010 11:44,6,21429.39,11421,23,339,3571.565,20945.295,High Value
12754,18-04-2011 09:00,04-02-2011 10:31,3,3010.74,6481,236,72,1003.58,3774.3704,Medium Value
12755,04-03-2011 12:42,15-01-2010 11:57,11,5236.26,2293,281,413,476.0236364,5147.8022,Medium Value
12756,14-09-2011 09:31,14-09-2011 09:31,1,112.08,144,87,0,112.08,103.77736,Low Value
12757,24-11-2011 12:30,12-05-2011 19:01,13,7834.65,2395,16,195,602.6653846,7425.4614,High Value
12758,15-08-2011 10:22,01-12-2009 14:40,7,9903.24,6155,117,621,1414.748571,9904.617,High Value
12759,18-10-2011 14:49,04-12-2009 10:47,8,5020.74,3202,52,683,627.5925,4969.1406,Medium Value
12760,10-09-2010 08:50,10-09-2010 08:50,1,347.8,198,456,0,347.8,350.98447,Low Value
12761,08-09-2010 12:17,01-09-2010 10:47,2,782.95,281,458,7,391.475,639.35284,Low Value
12762,02-12-2011 10:23,14-11-2011 14:23,2,1898.52,1227,8,17,949.26,1868.6617,Medium Value
12763,24-07-2011 14:12,05-12-2010 15:46,2,494.08,316,138,230,247.04,573.5483,Low Value
12764,27-01-2011 10:19,27-01-2011 10:19,1,1693.88,386,317,0,1693.88,1528.9773,Medium Value
12765,24-08-2010 13:51,08-03-2010 09:43,6,1404.58,1009,472,169,234.0966667,1493.4133,Medium Value
12766,06-12-2011 08:46,28-10-2010 09:29,9,8918.99,5022,4,403,990.9988889,9438.446,High Value
12767,29-11-2010 09:38,29-11-2010 09:38,1,949.82,598,376,0,949.82,989.8754,Medium Value
12768,15-09-2010 12:08,15-09-2010 12:08,1,168.69,102,451,0,168.69,173.79178,Low Value
12769,15-04-2011 10:25,15-04-2011 10:25,1,1143.6,356,239,0,1143.6,958.0291,Medium Value
12770,13-05-2011 09:33,09-09-2010 11:43,2,3246.45,1843,211,245,1623.225,3111.3687,Medium Value
12771,11-08-2010 11:51,11-08-2010 11:51,1,282.3,104,486,0,282.3,319.02124,Low Value
12772,11-10-2011 09:19,11-10-2011 09:19,1,892.47,556,60,0,892.47,984.748,Medium Value
12773,24-05-2010 17:30,24-05-2010 17:30,1,124.25,109,564,0,124.25,110.33144,Low Value
12774,22-06-2010 10:38,22-06-2010 10:38,1,98.7,53,536,0,98.7,89.24505,Low Value
12775,22-11-2011 16:33,26-10-2010 14:24,7,1686.12,1083,17,392,240.8742857,1728.598,Medium Value
12776,10-02-2010 12:11,10-02-2010 12:11,1,55.5,46,668,0,55.5,70.265274,Low Value
12777,08-09-2010 11:35,08-09-2010 11:35,1,519.45,458,458,0,519.45,588.61176,Low Value
12778,20-11-2011 11:30,16-04-2010 09:57,9,1775.68,1735,20,583,197.2977778,1877.2544,Medium Value
12779,02-11-2011 11:43,03-12-2009 07:25,14,6474.11,3501,38,699,462.4364286,6614.127,High Value
12780,20-04-2010 09:40,20-04-2010 09:40,1,337.4,285,599,0,337.4,404.3869,Low Value
12781,07-10-2011 10:37,28-02-2011 08:43,2,826.74,671,64,221,413.37,914.13525,Medium Value
12782,05-12-2011 09:16,08-07-2010 13:31,11,4618.24,2017,5,514,419.84,4424.566,Medium Value
12783,07-12-2011 15:56,25-09-2011 15:35,6,2225.91,624,2,73,370.985,1924.6603,Medium Value
12784,30-11-2011 15:38,28-06-2010 13:06,3,1763.15,862,9,520,587.7166667,1626.7277,Medium Value
12785,10-12-2010 13:48,08-12-2009 13:56,3,1100.4,453,364,366,366.8,1034.3014,Medium Value
12786,09-04-2010 12:12,09-04-2010 12:12,1,728.5,324,610,0,728.5,785.89294,Low Value
12787,30-11-2011 08:44,22-10-2010 14:57,4,862.18,510,10,403,215.545,939.5183,Medium Value
12788,02-09-2010 14:21,29-06-2010 13:05,4,444.9,194,463,65,111.225,433.01987,Low Value
12789,05-10-2011 13:34,15-01-2010 12:06,3,273.35,36,65,628,91.11666667,321.26495,Low Value
12790,31-05-2011 14:14,25-10-2010 13:04,2,591.85,306,192,218,295.925,617.4766,Low Value
12791,01-12-2010 11:27,25-03-2010 17:29,6,863.51,353,374,250,143.9183333,832.66516,Low Value
12792,28-03-2011 11:36,23-06-2010 10:49,2,827.01,394,257,278,413.505,791.6491,Low Value
12793,09-01-2011 12:12,03-11-2010 13:05,3,885.53,461,335,66,295.1766667,855.2006,Low Value
12794,17-10-2011 14:54,02-09-2011 12:01,2,860.41,592,53,45,430.205,866.9846,Low Value
12795,21-11-2011 10:27,21-11-2011 10:27,1,430.48,68,19,0,430.48,415.72037,Low Value
12796,21-03-2010 15:49,21-03-2010 15:49,1,381,182,628,0,381,364.04288,Low Value
12797,09-12-2010 10:55,11-10-2010 12:53,2,552.08,215,366,58,276.04,469.0603,Low Value
12798,29-11-2011 15:52,14-10-2010 12:27,4,8510.93,8455,10,411,2127.7325,9216.272,High Value
12799,28-06-2010 15:57,28-06-2010 15:57,1,219.35,137,529,0,219.35,234.4651,Low Value
12800,26-08-2010 14:11,01-02-2010 11:02,3,584.25,284,470,206,194.75,544.7664,Low Value
12801,27-07-2010 09:38,27-07-2010 09:38,1,1071.82,505,501,0,1071.82,976.92194,Medium Value
12802,06-06-2011 09:36,25-05-2010 09:34,7,2416.42,1972,187,377,345.2028571,2510.608,Medium Value
12803,11-11-2010 14:57,11-11-2010 14:57,1,1092.81,872,393,0,1092.81,1273.2427,Medium Value
12804,31-08-2010 11:58,27-07-2010 13:52,2,325.37,270,466,34,162.685,325.1746,Low Value
12805,23-11-2010 12:27,03-02-2010 09:06,4,1434.95,593,382,293,358.7375,1294.0984,Medium Value
12806,30-09-2010 13:34,30-04-2010 10:44,4,2878.96,2087,435,153,719.74,3004.072,Medium Value
12807,21-11-2010 14:21,21-11-2010 14:21,1,330.35,145,383,0,330.35,322.19785,Low Value
12808,03-11-2011 10:05,03-09-2010 10:24,5,776.7,322,37,425,155.34,775.13776,Low Value
12809,15-06-2011 10:51,02-03-2010 14:19,3,1755.94,518,178,469,585.3133333,1491.8828,Medium Value
12810,23-06-2010 10:53,01-02-2010 09:52,2,534.99,389,535,142,267.495,601.93854,Low Value
12811,24-03-2011 09:42,08-10-2010 12:20,5,1033.9,435,261,166,206.78,951.67786,Medium Value
12812,26-10-2011 09:54,26-10-2011 09:54,1,229.64,164,45,0,229.64,244.20036,Low Value
12813,26-07-2010 09:50,15-01-2010 16:52,3,1687.8,1141,502,191,562.6,1674.4153,Medium Value
12814,30-08-2011 12:11,30-08-2011 12:11,1,125.92,49,102,0,125.92,110.33144,Low Value
12815,15-07-2011 10:21,25-05-2011 13:34,2,1063.46,379,148,50,531.73,988.9793,Medium Value
12816,05-09-2011 12:41,16-06-2011 13:24,2,572.2,128,96,80,286.1,480.0653,Low Value
12817,03-03-2011 16:28,01-10-2010 08:57,3,690.98,219,281,153,230.3266667,514.65137,Low Value
12818,23-03-2011 12:06,23-03-2011 12:06,1,1542.08,929,262,0,1542.08,1661.479,Medium Value
12819,07-09-2010 15:20,07-09-2010 15:20,1,540.52,344,458,0,540.52,562.8477,Low Value
12820,06-12-2011 15:12,05-12-2009 13:37,11,2689.52,1964,3,731,244.5018182,2859.7822,Medium Value
12821,09-05-2011 15:51,07-04-2010 15:14,2,220.8,162,214,397,110.4,224.1499,Low Value
12822,30-09-2011 10:04,13-09-2011 13:46,2,948.88,550,71,16,474.44,908.7751,Medium Value
12823,26-09-2011 07:35,29-01-2010 12:52,18,6501.5,930,75,604,361.1944444,5335.518,Medium Value
12824,11-10-2011 12:49,11-10-2011 12:49,1,397.12,232,60,0,397.12,369.72076,Low Value
12825,06-07-2010 13:56,08-03-2010 10:17,2,518.63,139,521,120,259.315,454.55136,Low Value
12826,07-12-2011 10:25,18-12-2009 10:43,12,2800.75,1915,3,718,233.3958333,3011.158,Medium Value
12827,04-12-2011 12:17,26-10-2011 15:44,3,430.15,197,6,38,143.3833333,397.77798,Low Value
12828,07-12-2011 08:45,01-08-2011 16:16,6,1018.71,494,3,127,169.785,991.4666,Medium Value
12829,07-01-2011 11:13,07-06-2010 15:04,3,385.3,550,337,213,128.4333333,546.2101,Low Value
12830,02-11-2011 11:54,21-06-2011 10:53,6,6814.64,9848,38,134,1135.773333,7631.0117,High Value
12831,22-03-2011 13:02,02-09-2010 15:58,3,451.11,303,262,200,150.37,528.3745,Low Value
12832,07-11-2011 13:30,02-09-2011 13:48,2,383.03,195,32,65,191.515,326.33203,Low Value
12833,17-07-2011 13:46,17-07-2011 13:46,1,417.38,156,145,0,417.38,415.72037,Low Value
12834,02-03-2011 09:49,02-03-2011 09:49,1,312.38,110,283,0,312.38,309.68695,Low Value
12835,08-10-2010 10:59,03-12-2009 12:13,41,5996.83,2349,428,308,146.2641463,5681.7646,High Value
12836,11-10-2011 15:10,01-12-2009 14:19,15,6559.73,2231,59,679,437.3153333,5582.761,High Value
12837,19-06-2011 16:07,19-05-2010 15:10,2,662.66,194,173,396,331.33,547.5677,Low Value
12838,06-11-2011 12:20,26-04-2010 09:59,10,2975.91,1606,34,559,297.591,3053.7043,Medium Value
12839,07-12-2011 12:33,07-12-2009 09:18,26,9669.12,6578,3,730,371.8892308,9815.547,High Value
12840,19-07-2011 09:29,03-02-2010 14:51,7,4041.97,2258,144,530,577.4242857,4228.8657,Medium Value
12841,05-12-2011 11:13,08-07-2010 15:38,40,6958.2,5008,5,514,173.955,7561.7324,High Value
12842,30-09-2011 15:33,02-12-2009 08:15,4,1917.99,887,70,667,479.4975,1941.2113,Medium Value
12843,05-10-2011 12:09,13-12-2009 11:41,30,6583.36,3028,66,661,219.4453333,6216.968,High Value
12844,10-11-2011 13:31,25-04-2010 11:51,4,648.6,223,29,564,162.15,525.5977,Low Value
12845,17-03-2011 13:34,22-02-2011 14:10,4,354.09,204,267,22,88.5225,379.01593,Low Value
12846,26-01-2010 16:29,26-01-2010 16:29,1,15.58,1,682,0,15.58,63.282875,Low Value
12847,17-11-2011 13:16,17-11-2010 12:44,2,1609,1497,22,365,804.5,1899.2391,Medium Value
12848,02-02-2010 12:45,02-02-2010 12:45,1,208,58,676,0,208,213.2137,Low Value
12849,08-11-2011 13:41,27-04-2010 13:44,6,3042.47,1855,31,559,507.0783333,3027.7725,Medium Value
12850,20-09-2010 12:26,20-09-2010 12:26,1,330,200,446,0,330,323.5174,Low Value
12851,04-09-2011 12:41,19-08-2010 15:13,2,280.76,157,97,380,140.38,264.7851,Low Value
12852,18-02-2011 08:47,18-02-2011 08:47,1,311.55,149,295,0,311.55,309.68695,Low Value
12853,28-07-2011 11:29,05-02-2010 11:57,11,3907.5,1668,135,537,355.2272727,3706.9397,Medium Value
12854,22-09-2011 12:15,11-12-2009 12:55,7,2970.97,1630,79,649,424.4242857,2897.9216,Medium Value
12855,02-12-2010 09:37,02-11-2010 18:16,4,612.84,240,373,29,153.21,531.8398,Low Value
12856,02-12-2011 10:52,07-10-2011 12:38,6,2170.78,1076,8,55,361.7966667,2088.553,Medium Value
12857,13-05-2011 10:20,25-01-2010 15:37,6,3688,1420,211,472,614.6666667,3271.8674,Medium Value
12858,21-11-2010 12:55,21-11-2010 12:55,1,147.27,51,383,0,147.27,138.89738,Low Value
12859,07-09-2010 12:20,07-09-2010 12:20,1,575.1,292,459,0,575.1,620.57007,Low Value
12860,15-01-2010 15:22,15-01-2010 15:22,1,54.22,26,693,0,54.22,70.265274,Low Value
12861,30-03-2010 11:39,30-03-2010 11:39,1,68.25,27,620,0,68.25,70.265274,Low Value
12862,10-10-2010 11:47,01-08-2010 15:20,2,984.62,611,426,69,492.31,976.9787,Medium Value
12863,18-10-2011 14:15,29-04-2010 13:54,6,2792.55,895,52,537,465.425,2473.2373,Medium Value
12864,24-07-2011 13:03,19-07-2010 17:22,2,299.57,447,138,369,149.785,447.87128,Low Value
12865,13-11-2011 14:31,20-08-2010 12:20,4,3323.47,1973,26,450,830.8675,3263.457,Medium Value
12866,01-03-2011 14:11,25-07-2010 11:37,3,1227.35,553,283,219,409.1166667,1174.0038,Medium Value
12867,13-11-2011 15:30,16-12-2009 16:25,13,7829.26,7876,26,696,602.2507692,8146.026,High Value
12868,07-06-2011 10:42,12-11-2010 10:05,8,2043.76,1170,186,207,255.47,2014.2374,Medium Value
12869,27-01-2010 12:10,27-01-2010 12:10,1,337.67,144,682,0,337.67,350.98447,Low Value
12870,29-11-2010 13:42,25-03-2010 14:32,3,1676.95,906,375,248,558.9833333,1702.322,Medium Value
12871,16-09-2011 15:07,26-09-2010 10:34,3,744.02,484,84,355,248.0066667,787.6953,Low Value
12872,17-01-2011 10:52,03-12-2009 20:03,12,3283.96,1642,327,409,273.6633333,3313.7905,Medium Value
12873,02-03-2011 14:58,27-01-2010 09:50,3,2027.3,786,282,399,675.7666667,1754.285,Medium Value
12874,19-11-2010 15:23,03-06-2010 12:51,2,948.42,623,385,169,474.21,1009.7159,Medium Value
12875,19-07-2011 15:30,11-01-2010 12:37,5,1356.99,5187,143,554,271.398,1381.049,Medium Value
12876,13-10-2011 12:26,28-04-2010 13:26,4,4081.79,3047,58,532,1020.4475,4253.2544,Medium Value
12877,06-12-2011 10:30,18-01-2010 10:23,20,2942.14,2237,4,687,147.107,3768.4949,Medium Value
12878,17-04-2011 13:07,18-03-2011 14:02,2,854.99,547,236,29,427.495,866.9846,Low Value
12879,26-10-2011 12:24,09-09-2011 12:11,3,573.22,370,45,47,191.0733333,599.5732,Low Value
12880,23-11-2010 10:50,14-05-2010 11:57,2,640.13,279,382,192,320.065,538.70404,Low Value
12881,09-03-2011 11:44,09-03-2011 11:44,1,298,21,276,0,298,313.40213,Low Value
12882,30-11-2011 16:18,06-11-2011 11:22,2,1463.04,246,9,24,731.52,1187.6036,Medium Value
12883,15-11-2011 09:32,11-09-2011 15:18,4,703.47,196,25,64,175.8675,565.30524,Low Value
12884,12-09-2011 13:10,12-09-2011 13:10,1,309.05,43,88,0,309.05,309.68695,Low Value
12885,07-10-2011 13:40,08-08-2011 11:45,3,1175.22,655,63,60,391.74,1162.7172,Medium Value
12886,03-10-2011 10:09,04-05-2011 11:21,2,1378.4,770,68,151,689.2,1328.0326,Medium Value
12887,21-11-2010 11:18,21-11-2010 11:18,1,222.4,100,384,0,222.4,234.4651,Low Value
12888,09-05-2011 16:02,29-03-2011 14:31,2,354.12,76,214,41,177.06,323.6512,Low Value
12889,23-11-2010 16:08,25-07-2010 14:32,4,385.46,124,381,121,96.365,402.67044,Low Value
12890,15-11-2011 17:26,17-11-2010 14:05,2,706.02,457,24,363,353.01,779.87915,Low Value
12891,07-06-2011 12:31,18-02-2010 14:32,11,840.5,2325,186,473,76.40909091,1416.1816,Medium Value
12892,08-11-2010 09:51,08-11-2010 09:51,1,263.38,140,397,0,263.38,317.09323,Low Value
12893,09-11-2011 12:34,09-11-2011 12:34,1,176.55,90,31,0,176.55,191.44595,Low Value
12894,13-05-2010 14:47,13-05-2010 14:47,1,157.35,33,575,0,157.35,158.05597,Low Value
12895,28-10-2011 13:51,14-09-2011 08:35,2,372.8,210,42,44,186.4,326.33203,Low Value
12897,19-05-2011 12:13,14-06-2010 11:58,4,514.25,249,205,339,128.5625,481.2638,Low Value
12898,02-09-2010 08:08,18-02-2010 12:36,2,296.21,235,464,195,148.105,283.6031,Low Value
12899,22-10-2010 09:53,22-10-2010 09:53,1,366.4,108,414,0,366.4,346.5927,Low Value
12900,13-10-2010 15:17,13-10-2010 15:17,1,340.33,139,422,0,340.33,350.98447,Low Value
12901,01-12-2011 10:07,14-03-2011 10:41,28,17654.54,23075,9,261,630.5192857,18149.22,High Value
12902,20-03-2011 12:06,20-03-2011 12:06,1,138.68,66,265,0,138.68,127.68856,Low Value
12903,07-10-2010 12:39,07-10-2010 12:39,1,833.53,493,429,0,833.53,853.9417,Low Value
12904,21-11-2011 14:34,20-06-2011 13:18,2,496.06,294,18,154,248.03,518.74133,Low Value
12905,12-05-2010 10:05,26-01-2010 14:06,2,1018.42,532,577,105,509.21,1050.4937,Medium Value
12906,28-11-2011 09:55,22-09-2011 15:03,5,2919.81,1749,12,66,583.962,2971.1587,Medium Value
12907,09-11-2010 12:08,02-08-2010 14:33,2,508.91,177,396,98,254.455,454.55136,Low Value
12908,16-06-2011 15:39,19-03-2010 15:59,5,1776,3000,176,453,355.2,1936.7146,Medium Value
12909,31-10-2011 12:43,24-02-2010 12:14,8,3103.19,1948,40,614,387.89875,3273.8372,Medium Value
12910,16-11-2011 14:28,28-03-2010 13:10,13,5796.52,3632,23,598,445.8861538,5816.122,High Value
12911,06-06-2010 12:13,06-06-2010 12:13,1,1651.72,807,552,0,1651.72,1589.565,Medium Value
12912,07-12-2011 08:55,30-10-2011 11:35,5,1662.3,670,3,37,332.46,1499.3392,Medium Value
12913,05-12-2011 12:11,01-12-2009 12:18,13,6283.24,3086,5,733,483.3261538,6061.694,High Value
12914,04-11-2010 12:28,04-11-2010 12:28,1,223.98,336,401,0,223.98,333.40475,Low Value
12915,14-07-2011 11:34,29-04-2010 19:36,4,975.1,411,149,440,243.775,907.581,Medium Value
12916,24-07-2011 10:35,24-01-2010 11:26,7,4479.73,1681,139,545,639.9614286,4167.3867,Medium Value
12917,03-08-2011 16:42,09-12-2009 14:22,6,4359.2,1104,128,602,726.5333333,3682.305,Medium Value
12918,23-03-2010 15:22,23-03-2010 15:22,1,10953.5,1,626,0,10953.5,10887.629,High Value
12919,01-12-2011 13:47,23-06-2011 09:22,6,1335.19,673,8,161,222.5316667,1322.439,Medium Value
12920,22-11-2011 15:05,14-12-2009 15:58,4,486.64,420,17,707,121.66,614.1014,Low Value
12921,30-11-2011 16:22,01-12-2009 13:43,74,35233.24,21328,9,729,476.1248649,35725.28,High Value
12922,01-07-2011 15:35,01-07-2011 15:35,1,405.38,370,161,0,405.38,441.64322,Low Value
12923,06-10-2011 16:20,13-05-2010 14:55,3,770.42,230,64,511,256.8066667,587.5444,Low Value
12924,12-09-2011 13:55,09-12-2009 12:40,12,2469.4,1423,88,642,205.7833333,2547.2275,Medium Value
12925,05-12-2011 11:11,26-04-2010 10:32,3,729.33,649,5,588,243.11,867.60876,Low Value
12926,24-10-2010 15:57,14-12-2009 14:35,4,1523.97,754,411,314,380.9925,1464.4299,Medium Value
12927,10-11-2010 10:02,10-11-2010 10:02,1,197.31,145,395,0,197.31,188.87389,Low Value
12928,04-11-2011 14:24,08-06-2010 10:16,12,4304.89,2899,35,514,358.7408333,4268.178,Medium Value
12929,01-02-2011 12:08,01-02-2011 12:08,1,117.85,37,312,0,117.85,110.33144,Low Value
12930,22-09-2011 15:18,21-06-2011 13:25,2,415.8,252,78,93,207.9,385.58514,Low Value
12931,18-11-2011 12:39,01-12-2009 11:46,57,92347.34,62906,22,717,1620.128772,91346.234,High Value
12932,18-06-2010 14:22,10-02-2010 08:46,8,1698.56,1609,539,128,212.32,1920.5251,Medium Value
12933,15-11-2011 16:38,10-12-2009 16:39,8,1636.63,949,24,704,204.57875,1719.7723,Medium Value
12934,03-12-2009 10:51,03-12-2009 10:51,1,181.65,31,737,0,181.65,188.87389,Low Value
12935,07-12-2011 17:25,11-04-2010 15:59,15,4243.86,3201,2,605,282.924,4370.149,Medium Value
12936,22-11-2011 17:32,22-09-2011 13:51,4,1063.9,559,17,61,265.975,1073.5687,Medium Value
12937,24-11-2011 15:05,03-12-2009 15:43,9,3097.61,1983,15,720,344.1788889,3181.4358,Medium Value
12938,14-11-2011 11:21,14-11-2011 11:21,1,114.14,140,26,0,114.14,110.33144,Low Value
12939,06-10-2011 14:33,12-01-2010 11:27,20,25264.8,10328,64,632,1263.24,23540.12,High Value
12940,16-10-2011 12:09,13-09-2011 10:16,2,899.69,404,55,33,449.845,794.7522,Low Value
12941,15-12-2009 13:12,15-12-2009 13:12,1,377.49,381,724,0,377.49,435.7789,Low Value
12942,31-07-2011 14:39,09-12-2010 09:34,3,675.6,198,131,234,225.2,514.65137,Low Value
12943,30-05-2010 13:52,13-04-2010 11:03,2,496.5,222,558,47,248.25,433.2998,Low Value
12944,04-11-2011 11:04,20-12-2010 10:41,2,604.51,289,36,319,302.255,565.50696,Low Value
12945,24-02-2011 14:15,21-02-2010 15:18,2,900.11,446,288,367,450.055,879.78546,Medium Value
12946,29-09-2010 10:14,29-09-2010 10:14,1,324.45,149,437,0,324.45,323.5174,Low Value
12947,19-07-2011 10:06,01-12-2010 16:21,6,1603.99,1165,144,229,267.3316667,1725.353,Medium Value
12948,23-11-2011 17:10,02-12-2009 12:28,9,2317.43,1304,16,721,257.4922222,2386.94,Medium Value
12949,09-11-2011 11:25,03-12-2009 15:56,22,15526.7,8233,31,705,705.7590909,15682.737,High Value
12950,07-12-2011 13:17,15-11-2011 13:48,3,1843,1380,2,21,614.3333333,1801.9689,Medium Value
12951,01-12-2011 12:14,10-01-2010 12:43,15,3213.72,1662,9,689,214.248,3269.938,Medium Value
12952,04-12-2011 10:35,22-09-2011 16:37,4,1387.79,653,6,72,346.9475,1340.5977,Medium Value
12953,30-11-2011 09:24,05-07-2010 13:37,2,828.81,364,10,512,414.405,802.3109,Low Value
12954,11-03-2010 10:16,11-03-2010 10:16,1,162.45,83,639,0,162.45,158.05597,Low Value
12955,08-12-2011 16:29,17-03-2011 09:03,11,4757.16,3664,1,266,432.4690909,5012.5874,Medium Value
12956,06-02-2011 16:08,15-12-2009 19:03,4,521.89,340,306,417,130.4725,574.14435,Low Value
12957,30-11-2011 09:53,11-12-2009 12:01,13,8706.97,4686,10,718,669.7669231,8763.938,High Value
12958,04-11-2010 16:16,05-05-2010 16:22,2,467.34,118,400,182,233.67,381.65845,Low Value
12959,12-08-2010 17:20,12-08-2010 17:20,1,150.95,109,484,0,150.95,157.71541,Low Value
12960,22-10-2010 09:31,16-02-2010 13:32,4,1322.07,1379,414,247,330.5175,1529.3018,Medium Value
12961,25-11-2010 16:44,25-11-2010 16:44,1,211.99,180,379,0,211.99,234.4651,Low Value
12962,02-12-2011 15:55,18-08-2011 13:38,2,266.39,129,7,106,133.195,253.57635,Low Value
12963,01-12-2011 12:55,08-07-2010 14:45,12,3235.79,1637,8,510,269.6491667,3313.7905,Medium Value
12964,28-09-2010 17:47,28-09-2010 17:47,1,132.24,56,437,0,132.24,127.68856,Low Value
12965,11-09-2011 15:31,11-09-2011 15:31,1,769.81,282,89,0,769.81,780.44055,Low Value
12966,30-11-2011 12:38,30-11-2011 12:38,1,160.18,75,10,0,160.18,158.05597,Low Value
12967,16-12-2010 19:10,21-11-2010 11:03,3,2938.52,912,358,25,979.5066667,2562.4087,Medium Value
12968,19-08-2011 15:44,19-08-2011 15:44,1,135.95,73,112,0,135.95,127.68856,Low Value
12969,16-04-2010 10:50,16-04-2010 10:50,1,122.45,55,603,0,122.45,110.33144,Low Value
12970,02-12-2011 14:30,04-12-2009 14:19,10,1453.6,954,7,728,145.36,1596.4952,Medium Value
12971,06-12-2011 12:20,15-12-2009 19:04,116,15704.6,14306,4,720,135.3844828,28301.648,High Value
12972,22-10-2010 08:41,16-02-2010 14:30,4,1161.2,844,414,247,290.3,1239.6294,Medium Value
12973,22-10-2010 10:14,22-10-2010 10:14,1,385.55,31,414,0,385.55,369.72076,Low Value
12974,26-05-2011 09:33,23-05-2010 11:45,2,408.95,104,198,367,204.475,350.6718,Low Value
12975,29-09-2010 09:46,06-12-2009 10:38,6,2100.09,911,437,296,350.015,2030.7493,Medium Value
12976,12-05-2011 09:55,12-02-2010 15:46,8,3156.38,2684,212,453,394.5475,3418.6653,Medium Value
12977,06-07-2011 16:40,16-07-2010 16:25,4,513.88,128,156,355,128.47,446.35052,Low Value
12978,19-11-2010 14:29,10-12-2009 12:10,5,2502.82,1394,385,344,500.564,2429.469,Medium Value
12979,10-12-2009 15:45,10-12-2009 15:45,1,517.7,520,729,0,517.7,652.6591,Low Value
12980,05-07-2011 09:34,02-12-2009 11:26,21,16245.78,1910,158,579,773.6085714,14705.777,High Value
12981,10-11-2011 12:00,29-07-2011 14:14,2,372.22,242,30,103,186.11,361.24536,Low Value
12982,11-04-2011 11:51,12-04-2010 13:50,8,2744.81,1729,243,363,343.10125,2868.5803,Medium Value
12983,20-04-2010 12:58,20-04-2010 12:58,1,490.08,638,598,0,490.08,765.5821,Low Value
12984,21-11-2011 12:37,21-11-2011 12:37,1,97.5,26,19,0,97.5,89.24505,Low Value
12985,09-12-2011 10:46,11-11-2011 12:44,2,1239.38,1533,1,27,619.69,1562.9374,Medium Value
12986,07-10-2010 11:57,21-01-2010 10:45,10,2729.84,1164,429,259,272.984,2554.2224,Medium Value
12987,27-09-2011 12:03,20-01-2010 09:57,5,1312.21,585,74,615,262.442,1185.7317,Medium Value
12988,20-02-2011 14:31,20-02-2011 14:31,1,505.82,126,292,0,505.82,486.949,Low Value
12989,06-12-2011 15:28,10-12-2009 13:27,33,13551.75,6935,3,726,410.6590909,12696.149,High Value
12990,08-11-2011 13:01,30-03-2010 11:36,7,955.5,480,31,588,136.5,915.4445,Medium Value
12991,16-11-2011 15:34,15-11-2010 13:43,3,764.82,483,23,366,254.94,808.9469,Low Value
12992,14-12-2009 16:46,14-12-2009 16:46,1,93.35,21,725,0,93.35,82.6925,Low Value
12993,16-11-2011 15:49,18-02-2010 10:35,8,1259.63,751,23,636,157.45375,1350.5775,Medium Value
12994,05-12-2011 15:43,16-03-2011 08:31,3,974.42,459,4,264,324.8066667,955.2222,Medium Value
12995,15-09-2011 15:44,15-09-2011 15:44,1,211.32,108,85,0,211.32,213.2137,Low Value
12996,29-11-2010 09:27,29-11-2010 09:27,1,355.5,122,376,0,355.5,346.5927,Low Value
12997,17-11-2011 15:47,06-04-2010 11:06,8,2110.91,1186,22,590,263.86375,2084.5842,Medium Value
12998,04-08-2010 08:05,24-02-2010 11:55,3,920.08,1124,493,160,306.6933333,1068.7372,Medium Value
12999,27-05-2011 13:24,08-04-2011 10:26,3,455.88,342,196,49,151.96,528.3745,Low Value
13000,25-08-2011 10:43,14-12-2009 17:03,4,1032.5,548,107,618,258.125,1054.9067,Medium Value
13001,05-12-2011 14:51,03-12-2009 16:21,33,24042.65,13448,4,731,728.5651515,23907.479,High Value
13002,25-01-2011 15:18,01-10-2010 11:58,3,414.13,201,318,116,138.0433333,386.56915,Low Value
13003,26-08-2011 10:50,09-05-2011 08:23,3,149.05,103,106,109,49.68333333,278.04166,Low Value
13004,28-11-2011 11:27,15-12-2009 09:44,36,11650.85,8768,12,713,323.6347222,11953.536,High Value
13005,19-06-2011 10:53,08-09-2010 12:52,4,999.68,462,174,283,249.92,949.54877,Medium Value
13006,14-10-2011 13:49,14-10-2011 13:49,1,81.57,55,56,0,81.57,78.87771,Low Value
13007,09-05-2010 10:38,09-05-2010 10:38,1,175.25,59,580,0,175.25,191.44595,Low Value
13008,20-01-2011 14:24,16-12-2009 16:07,3,612.13,379,323,399,204.0433333,623.91296,Low Value
13009,05-02-2010 12:22,05-02-2010 12:22,1,234,120,673,0,234,244.20036,Low Value
13010,30-11-2010 15:09,01-03-2010 11:28,2,330.12,323,374,274,165.06,421.85104,Low Value
13011,02-12-2010 17:22,02-12-2010 17:22,1,50.55,13,372,0,50.55,63.282875,Low Value
13012,30-11-2011 13:05,26-04-2010 14:14,11,2957.83,1559,9,582,268.8936364,3045.145,Medium Value
13013,08-12-2011 15:01,14-12-2009 10:34,29,11097.43,5661,1,724,382.67,11121.01,High Value
13014,29-11-2011 12:27,03-10-2010 11:35,11,5381.08,1979,11,422,489.1890909,4980.305,Medium Value
13015,17-10-2011 13:19,15-04-2010 16:35,11,6579.78,3527,53,549,598.1618182,6322.8247,High Value
13016,27-09-2011 14:08,08-08-2011 15:00,3,789.89,527,73,49,263.2966667,866.9348,Low Value
13017,02-12-2011 15:53,02-12-2011 15:53,1,204,48,7,0,204,213.2137,Low Value
13018,23-11-2011 13:28,01-03-2010 12:34,35,9763.16,6746,16,632,278.9474286,10619.589,High Value
13019,25-11-2010 14:56,06-12-2009 15:40,6,1229.95,397,379,353,204.9916667,1024.7356,Medium Value
13020,26-05-2010 11:12,18-02-2010 10:35,2,618.96,278,563,97,309.48,538.70404,Low Value
13021,05-12-2011 16:37,05-12-2009 12:02,17,4887.24,2546,4,730,287.4847059,5033.1885,Medium Value
13022,06-10-2010 10:50,06-10-2010 10:50,1,65.3,35,430,0,65.3,70.265274,Low Value
13023,06-10-2011 16:27,29-06-2010 09:51,3,1449.03,585,64,464,483.01,1296.8762,Medium Value
13024,26-08-2010 09:42,06-05-2010 14:25,2,555.87,181,471,111,277.935,469.0603,Low Value
13025,08-12-2009 10:02,08-12-2009 10:02,1,323.39,241,732,0,323.39,358.43066,Low Value
13026,08-12-2011 16:58,13-12-2009 11:34,9,1733.08,2466,1,725,192.5644444,1746.688,Medium Value
13027,18-08-2011 09:39,20-01-2010 10:41,19,17239.2,42840,114,574,907.3263158,17346.969,High Value
13028,17-11-2011 11:10,25-10-2011 14:09,2,661.32,798,23,22,330.66,832.8323,Low Value
13029,09-11-2011 09:13,04-07-2010 13:46,5,1927.3,194,31,492,385.46,1354.7651,Medium Value
13030,28-11-2011 14:30,06-12-2010 14:31,2,752.44,348,11,356,376.22,738.7156,Low Value
13031,28-10-2010 15:34,03-06-2010 14:57,5,3292.84,2309,407,147,658.568,3537.6917,Medium Value
13032,18-10-2011 15:54,05-09-2010 14:01,9,2815.96,1274,52,408,312.8844444,2840.4905,Medium Value
13033,17-12-2010 14:23,06-10-2010 09:37,2,220.55,98,357,72,110.275,224.1499,Low Value
13034,16-10-2011 12:21,03-11-2010 15:22,3,756.82,406,55,346,252.2733333,706.5411,Low Value
13035,27-09-2011 08:57,04-10-2010 15:41,3,1364.2,926,74,357,454.7333333,1477.6627,Medium Value
13036,24-01-2010 11:35,24-01-2010 11:35,1,307.1,38,685,0,307.1,309.68695,Low Value
13037,24-07-2011 15:46,03-12-2009 17:04,12,3914.95,2130,138,597,326.2458333,4005.0635,Medium Value
13038,20-09-2011 14:37,22-02-2011 11:43,3,908.46,360,80,210,302.82,775.8588,Low Value
13039,04-05-2010 16:45,17-12-2009 16:43,4,1010.73,290,584,138,252.6825,859.34467,Low Value
13040,01-12-2011 10:38,06-11-2011 13:53,2,676.99,355,9,24,338.495,700.6255,Low Value
13041,15-09-2010 11:44,29-04-2010 08:43,4,799.13,335,451,139,199.7825,716.5011,Low Value
13042,20-04-2010 13:43,07-12-2009 15:42,3,1488.59,812,598,133,496.1966667,1446.1614,Medium Value
13043,11-03-2011 14:52,11-03-2011 14:52,1,516.42,254,273,0,516.42,519.3191,Low Value
13044,21-02-2011 15:20,08-01-2010 14:46,11,4848.05,2548,291,409,440.7318182,4658.3457,Medium Value
13045,01-09-2011 15:04,10-08-2010 13:02,3,808.92,405,99,387,269.64,751.38617,Low Value
13046,09-11-2011 08:36,09-09-2010 13:09,3,949.25,505,31,425,316.4166667,868.66724,Low Value
13047,08-11-2011 12:06,16-12-2009 11:43,24,8428.53,3328,32,692,351.18875,8814.19,High Value
13048,25-11-2011 13:23,27-01-2010 12:55,9,4049.13,2661,14,667,449.9033333,4355.54,Medium Value
13049,06-10-2011 15:31,03-11-2010 15:39,4,1408.24,620,64,336,352.06,1248.6726,Medium Value
13050,25-11-2011 09:18,15-12-2009 15:06,35,11986.52,7015,15,709,342.472,12257.246,High Value
13051,10-05-2010 09:14,30-03-2010 11:11,2,155.8,72,579,40,77.9,197.71426,Low Value
13052,11-05-2011 14:12,23-02-2010 12:31,7,3119.33,1424,212,442,445.6185714,2965.6174,Medium Value
13053,28-03-2010 11:28,28-03-2010 11:28,1,127.65,47,622,0,127.65,117.10804,Low Value
13055,22-09-2011 14:26,06-10-2010 08:17,4,2321.11,1821,78,351,580.2775,2629.4456,Medium Value
13056,06-06-2010 14:10,06-06-2010 14:10,1,209.48,158,551,0,209.48,213.2137,Low Value
13057,27-06-2010 15:44,18-03-2010 12:14,3,709.59,456,530,101,236.53,735.6551,Low Value
13058,15-11-2011 12:43,11-07-2011 12:01,3,271.4,52,25,127,90.46666667,321.26495,Low Value
13059,04-04-2011 10:40,31-03-2010 12:23,10,2291.77,860,250,368,229.177,2207.2761,Medium Value
13060,31-03-2011 11:37,31-03-2011 11:37,1,307.53,123,254,0,307.53,309.68695,Low Value
13061,28-09-2011 16:04,28-09-2011 16:04,1,248.61,107,72,0,248.61,295.84167,Low Value
13062,01-06-2011 15:12,01-06-2011 15:12,1,346.98,343,191,0,346.98,431.5964,Low Value
13063,16-08-2010 12:27,16-08-2010 12:27,1,188.4,116,481,0,188.4,188.87389,Low Value
13064,27-11-2011 12:31,27-04-2010 10:08,6,1666.84,668,13,579,277.8066667,1563.214,Medium Value
13065,01-12-2010 16:52,10-06-2010 11:44,5,1055.05,381,373,174,211.01,909.05695,Medium Value
13066,15-11-2011 12:57,07-11-2011 17:06,2,470.8,322,24,7,235.4,494.30637,Low Value
13067,18-09-2011 13:38,19-09-2010 13:43,3,508.51,131,82,363,169.5033333,438.98996,Low Value
13068,29-11-2011 15:00,24-01-2011 08:20,2,344,200,10,309,172,305.99704,Low Value
13069,09-12-2011 08:39,14-06-2010 14:27,38,9284.45,15171,1,542,244.3276316,10330.375,High Value
13070,31-05-2011 13:45,07-12-2009 14:44,4,751.7,372,192,539,187.925,716.5011,Low Value
13071,06-04-2010 13:37,06-04-2010 13:37,1,129.22,30,612,0,129.22,125.89756,Low Value
13072,18-03-2011 08:12,18-03-2011 08:12,1,177.15,69,267,0,177.15,191.44595,Low Value
13073,24-10-2010 14:06,28-09-2010 09:27,2,418.08,261,411,26,209.04,385.58514,Low Value
13074,16-07-2010 16:53,16-12-2009 11:46,4,1378.74,826,511,212,344.685,1381.3793,Medium Value
13075,02-08-2011 10:19,02-08-2011 10:19,1,919.61,485,130,0,919.61,915.46124,Medium Value
13076,08-09-2010 10:27,08-09-2010 10:27,1,135.4,44,458,0,135.4,127.68856,Low Value
13077,08-12-2011 19:24,11-12-2009 11:17,11,2740.65,2468,1,727,249.15,2767.994,Medium Value
13078,06-12-2011 15:36,01-12-2009 09:06,57,29018.06,12032,3,735,509.0887719,28302.87,High Value
13079,05-12-2011 16:53,18-10-2010 14:15,6,419.18,158,4,413,69.86333333,501.80383,Low Value
13080,13-06-2011 14:59,09-04-2010 13:07,4,280.73,193,179,430,70.1825,309.87866,Low Value
13081,28-11-2011 10:54,08-12-2009 13:58,28,56838.37,40077,12,719,2029.941786,55807.37,High Value
13082,05-08-2011 16:16,22-12-2009 15:37,21,7335.75,8466,126,591,349.3214286,7787.2925,High Value
13083,05-12-2011 15:01,10-10-2010 13:38,3,395.43,307,4,421,131.81,499.29144,Low Value
13084,05-08-2010 08:49,05-08-2010 08:49,1,122.4,144,492,0,122.4,110.33144,Low Value
13085,05-07-2011 12:11,01-12-2009 07:45,8,2433.28,944,158,581,304.16,2390.5154,Medium Value
13086,22-11-2010 10:28,22-11-2010 10:28,1,439.33,155,383,0,439.33,415.72037,Low Value
13087,13-12-2009 15:16,13-12-2009 15:16,1,313.64,86,726,0,313.64,309.68695,Low Value
13088,18-10-2010 15:35,18-10-2010 15:35,1,236.11,76,417,0,236.11,244.20036,Low Value
13089,07-12-2011 09:02,02-12-2009 15:44,203,113416.91,58932,3,734,558.7039901,113016.266,High Value
13090,01-12-2011 12:39,02-08-2010 13:58,24,13091.74,3247,9,485,545.4891667,12721.122,High Value
13091,11-11-2011 15:54,10-12-2009 11:50,3,2321.82,1339,28,701,773.94,2338.184,Medium Value
13092,30-09-2011 11:18,10-02-2010 08:44,12,2140.28,664,71,597,178.3566667,1922.3204,Medium Value
13093,09-03-2011 12:14,04-12-2009 10:32,55,54144.25,25971,276,460,984.4409091,53559.87,High Value
13094,18-11-2011 14:07,15-11-2010 14:15,13,2209.44,1896,21,367,169.9569231,2382.6533,Medium Value
13095,30-09-2011 12:03,30-09-2011 12:03,1,74.4,144,71,0,74.4,74.583725,Low Value
13096,10-11-2010 14:08,10-11-2010 14:08,1,419.7,6,394,0,419.7,415.72037,Low Value
13097,07-11-2011 10:43,01-12-2009 13:31,28,13324.1,5345,33,705,475.8607143,12538.001,High Value
13098,08-12-2011 14:14,26-01-2011 13:46,28,28882.44,15968,1,316,1031.515714,33892.023,High Value
13099,01-09-2011 17:40,01-09-2011 17:40,1,207.36,288,99,0,207.36,274.03662,Low Value
13101,19-04-2011 14:37,27-01-2010 15:49,4,695.4,478,234,446,173.85,754.62823,Low Value
13102,08-12-2011 12:52,06-05-2010 13:12,37,11380.1,6366,1,580,307.5702703,12317.75,High Value
13103,31-10-2011 09:38,11-05-2010 14:41,3,709.64,426,40,537,236.5466667,710.4228,Low Value
13104,06-12-2011 13:10,24-02-2010 15:06,9,1709.1,834,3,649,189.9,1752.4915,Medium Value
13105,29-09-2010 13:41,29-09-2010 13:41,1,72,100,436,0,72,74.583725,Low Value
13106,29-07-2011 15:12,22-10-2010 13:10,2,603.46,231,133,280,301.73,480.0653,Low Value
13107,26-10-2011 14:52,04-02-2010 10:50,9,5253.07,4316,44,629,583.6744444,5481.243,High Value
13108,02-12-2010 10:35,30-09-2010 17:09,2,748.46,745,373,62,374.23,847.99207,Low Value
13109,11-10-2011 10:16,06-06-2010 12:59,3,1134.03,757,60,491,378.01,1130.2908,Medium Value
13110,08-11-2011 14:30,01-12-2009 14:14,12,2957.47,763,31,707,246.4558333,2461.978,Medium Value
13111,21-12-2009 09:00,21-12-2009 09:00,1,321.88,180,719,0,321.88,309.68695,Low Value
13112,16-06-2010 17:03,16-06-2010 17:03,1,20.6,11,541,0,20.6,63.282875,Low Value
13113,09-12-2011 12:49,28-03-2010 16:13,37,18230.07,4435,1,620,492.7045946,18061.947,High Value
13114,09-12-2009 09:56,09-12-2009 09:56,1,234.38,74,731,0,234.38,244.20036,Low Value
13115,28-11-2011 12:38,19-04-2010 13:29,10,5494.7,3934,12,587,549.47,5474.976,High Value
13116,24-07-2011 14:33,24-07-2011 14:33,1,501.14,291,138,0,501.14,520.0484,Low Value
13117,18-11-2011 12:02,26-03-2010 13:50,18,2255.66,1852,22,601,125.3144444,2729.7107,Medium Value
13118,20-11-2011 12:46,26-09-2010 15:46,9,2415.41,834,20,419,268.3788889,2229.8643,Medium Value
13119,09-02-2010 08:38,09-02-2010 08:38,1,134.9,110,669,0,134.9,127.68856,Low Value
13120,15-04-2011 10:19,15-04-2011 10:19,1,30.6,12,239,0,30.6,63.282875,Low Value
13121,15-03-2011 16:47,15-03-2011 16:47,1,283.73,252,269,0,283.73,353.9345,Low Value
13122,06-09-2011 15:53,13-04-2011 14:12,2,922.39,585,94,146,461.195,892.59515,Medium Value
13123,24-08-2010 10:18,28-06-2010 12:43,2,506.75,268,473,56,253.375,489.46472,Low Value
13124,11-09-2011 12:45,19-11-2010 15:50,4,4641.66,2738,90,295,1160.415,4379.294,Medium Value
13125,04-07-2010 11:58,04-07-2010 11:58,1,148.62,53,524,0,148.62,157.71541,Low Value
13126,05-12-2011 10:00,02-03-2010 12:24,13,3774.81,3289,5,642,290.37,3959.3572,Medium Value
13127,23-09-2011 10:26,23-09-2011 10:26,1,259.17,127,78,0,259.17,317.09323,Low Value
13128,18-03-2010 15:08,18-03-2010 15:08,1,263.5,31,631,0,263.5,317.09323,Low Value
13129,13-09-2010 13:47,28-06-2010 11:54,2,233.25,296,452,77,116.625,293.19095,Low Value
13130,06-09-2011 15:30,06-09-2011 15:30,1,64,32,94,0,64,70.265274,Low Value
13131,16-11-2011 13:21,09-02-2010 09:47,7,3313.77,1523,23,645,473.3957143,3370.4375,Medium Value
13132,23-03-2011 12:44,23-03-2011 12:44,1,77.3,20,262,0,77.3,78.87771,Low Value
13133,11-03-2011 10:31,06-09-2010 15:30,3,200.45,55,274,185,66.81666667,298.10046,Low Value
13134,15-09-2011 10:35,19-10-2010 13:21,6,2475.23,1364,86,330,412.5383333,2321.9365,Medium Value
13135,27-05-2011 10:52,05-08-2010 17:28,2,3371.45,4423,197,294,1685.725,4576.845,Medium Value
13136,14-10-2011 13:41,08-12-2009 18:30,13,6274.56,3109,56,674,482.6584615,6061.694,High Value
13137,29-11-2011 12:09,25-07-2010 15:40,16,7586.94,4238,11,491,474.18375,7965.74,High Value
13138,17-11-2011 16:51,08-11-2010 11:45,7,1274.01,593,22,374,182.0014286,1215.521,Medium Value
13139,23-11-2011 13:54,28-09-2010 09:12,8,8202.98,4614,16,421,1025.3725,8171.319,High Value
13140,23-08-2011 15:33,05-08-2010 19:05,5,1054.92,572,108,382,210.984,1051.7101,Medium Value
13141,16-09-2011 09:54,09-12-2009 13:34,17,7656.08,5159,85,645,450.3576471,7862.31,High Value
13142,20-11-2011 16:07,20-11-2011 16:07,1,307.09,258,19,0,307.09,344.60022,Low Value
13143,04-05-2010 12:22,04-05-2010 12:22,1,405.1,198,585,0,405.1,369.72076,Low Value
13144,11-01-2011 11:15,04-10-2010 14:14,2,135.35,29,333,98,67.675,179.45988,Low Value
13145,31-10-2011 12:45,19-04-2010 11:11,7,1128.52,265,40,560,161.2171429,895.30133,Medium Value
13146,13-11-2011 15:29,13-11-2011 15:29,1,228.91,154,26,0,228.91,244.20036,Low Value
13147,29-11-2011 13:59,01-09-2011 12:28,4,712.8,144,10,89,178.2,565.30524,Low Value
13148,10-11-2011 15:23,07-12-2009 15:26,26,8497.82,4487,29,702,326.8392308,8101.5557,High Value
13149,25-11-2011 13:09,23-02-2011 13:57,4,1676.06,1280,14,274,419.015,1821.854,Medium Value
13150,12-08-2010 12:59,19-03-2010 09:03,3,449.97,171,484,146,149.99,416.596,Low Value
13151,17-02-2011 12:29,22-03-2010 10:26,3,2465.21,813,296,332,821.7366667,2052.6147,Medium Value
13152,18-10-2010 13:44,14-01-2010 10:01,7,2146.38,977,417,277,306.6257143,2057.7112,Medium Value
13153,04-12-2011 12:14,04-12-2011 12:14,1,486.22,418,6,0,486.22,542.6761,Low Value
13154,05-11-2010 16:00,04-12-2009 08:46,3,1624.84,976,399,336,541.6133333,1631.8448,Medium Value
13155,06-11-2011 15:41,05-08-2010 09:30,6,1370.48,741,33,458,228.4133333,1412.7024,Medium Value
13156,19-11-2010 13:09,01-02-2010 13:45,3,1586.54,914,385,290,528.8466667,1631.8448,Medium Value
13157,21-10-2011 13:50,08-03-2010 11:59,9,5687.36,4762,49,592,631.9288889,6412.9937,High Value
13158,06-09-2011 11:58,16-11-2010 17:12,5,1508.18,992,95,293,301.636,1477.5044,Medium Value
13159,01-12-2011 11:20,16-08-2011 11:44,4,1429.35,1058,9,106,357.3375,1497.3921,Medium Value
13160,17-11-2011 13:07,17-11-2011 13:07,1,91.8,56,22,0,91.8,82.6925,Low Value
13161,30-01-2011 14:03,27-07-2010 12:44,2,472.13,105,313,187,236.065,381.65845,Low Value
13162,09-08-2011 15:59,04-12-2009 13:59,16,9275.49,5755,122,613,579.718125,9715.042,High Value
13163,08-04-2010 16:21,08-04-2010 16:21,1,17.65,3,610,0,17.65,63.282875,Low Value
13164,19-05-2010 13:52,10-02-2010 11:52,2,372.2,120,569,98,186.1,326.33203,Low Value
13165,24-10-2011 15:05,22-10-2010 17:04,3,1451.16,1736,46,366,483.72,1865.0057,Medium Value
13166,01-03-2011 15:16,21-10-2010 14:29,2,875.93,522,283,131,437.965,885.4889,Medium Value
13167,21-11-2011 12:24,14-11-2010 12:58,5,1125.15,1007,19,371,225.03,1308.5558,Medium Value
13168,03-11-2011 12:56,15-06-2010 15:00,5,1840.73,898,36,505,368.146,1810.6333,Medium Value
13169,07-10-2011 12:11,26-05-2010 15:58,3,840.08,296,64,498,280.0266667,689.3538,Low Value
13170,13-11-2011 12:19,13-11-2011 12:19,1,108.81,141,27,0,108.81,98.262115,Low Value
13171,18-11-2011 10:27,13-02-2011 14:16,3,468.41,229,22,277,156.1366667,416.93658,Low Value
13172,04-11-2010 15:10,04-11-2010 15:10,1,69.6,48,400,0,69.6,70.265274,Low Value
13173,05-12-2011 15:51,10-12-2009 12:52,11,2399.82,1481,4,725,218.1654545,2408.1104,Medium Value
13174,23-11-2011 14:35,04-12-2009 15:40,12,7995.36,3794,16,718,666.28,7342.8657,High Value
13175,06-05-2010 13:13,04-12-2009 12:11,2,831.45,423,582,153,415.725,827.06726,Low Value
13176,24-10-2011 15:43,24-10-2011 15:43,1,481.49,448,46,0,481.49,591.15497,Low Value
13177,06-10-2011 09:56,05-10-2010 10:35,2,512.2,180,65,365,256.1,454.55136,Low Value
13178,13-11-2011 16:14,16-12-2009 14:00,21,14059.19,8778,26,697,669.4852381,14597.61,High Value
13179,31-03-2010 11:40,31-03-2010 11:40,1,572.31,368,619,0,572.31,658.4448,Low Value
13180,11-04-2010 13:37,11-04-2010 13:37,1,86.1,42,607,0,86.1,78.87771,Low Value
13181,23-11-2010 15:05,23-11-2010 15:05,1,359.69,171,381,0,359.69,346.5927,Low Value
13182,25-10-2011 13:46,25-10-2011 13:46,1,121.18,201,45,0,121.18,110.33144,Low Value
13183,02-12-2011 10:30,14-03-2010 12:32,15,7036.18,4027,8,627,469.0786667,7009.974,High Value
13184,25-11-2011 12:02,22-02-2011 17:25,10,1668.95,1662,15,275,166.895,1768.2885,Medium Value
13185,17-03-2011 11:56,17-03-2011 11:56,1,71.4,12,268,0,71.4,74.583725,Low Value
13186,31-10-2011 11:40,03-08-2011 09:09,3,1575.89,820,40,89,525.2966667,1483.7279,Medium Value
13187,06-01-2011 18:57,25-03-2010 17:18,4,341.36,296,337,287,85.34,423.59225,Low Value
13188,28-11-2011 15:28,28-11-2011 15:28,1,114.6,25,11,0,114.6,110.33144,Low Value
13189,21-11-2011 10:39,16-08-2011 13:12,2,260.68,842,19,96,130.34,515.9938,Low Value
13190,13-06-2010 15:47,07-12-2009 12:13,3,570.66,308,544,188,190.22,599.5732,Low Value
13191,19-02-2010 17:02,19-02-2010 17:02,1,164.69,115,658,0,164.69,158.05597,Low Value
13192,05-09-2011 14:13,22-01-2010 08:37,6,2558.58,1629,95,591,426.43,2545.2588,Medium Value
13193,09-10-2011 14:30,09-10-2011 14:30,1,112.08,46,61,0,112.08,103.77736,Low Value
13194,27-07-2011 09:01,14-10-2010 11:54,2,472.78,326,136,285,236.39,521.9068,Low Value
13195,21-10-2010 13:07,21-10-2010 13:07,1,136.73,70,414,0,136.73,127.68856,Low Value
13196,28-11-2011 13:54,01-04-2010 12:54,7,3068.84,2006,11,606,438.4057143,2991.7651,Medium Value
13197,09-04-2010 09:14,09-04-2010 09:14,1,373.01,204,610,0,373.01,364.80472,Low Value
13198,29-11-2011 15:17,01-10-2010 13:27,8,4974.23,3449,10,424,621.77875,5255.623,Medium Value
13199,06-12-2011 12:30,05-12-2009 10:11,67,15964.21,11567,4,731,238.271791,25442.795,High Value
13200,20-11-2011 15:35,05-08-2011 14:50,4,870.09,516,19,107,217.5225,939.5183,Medium Value
13201,25-07-2010 14:30,07-03-2010 11:01,4,1233.06,1036,502,140,308.265,1304.6901,Medium Value
13202,10-11-2010 16:24,09-12-2009 10:48,7,1580.3,572,394,336,225.7571429,1389.0972,Medium Value
13203,30-11-2011 10:45,17-12-2009 14:15,10,2648.25,2413,10,712,264.825,2815.9163,Medium Value
13204,08-12-2009 14:56,08-12-2009 14:56,1,966.66,428,731,0,966.66,902.48883,Medium Value
13205,22-09-2010 16:26,22-09-2010 16:26,1,2803.2,256,443,0,2803.2,2687.028,Medium Value
13206,04-11-2010 16:50,07-12-2009 13:48,13,8308.19,7086,400,332,639.0915385,8481.337,High Value
13207,24-11-2011 14:52,06-04-2010 16:37,4,535.86,178,15,596,133.965,466.89954,Low Value
13208,12-10-2011 09:54,03-12-2009 13:25,9,1976.3,1343,59,677,219.5888889,2162.7817,Medium Value
13209,09-11-2011 13:54,24-01-2010 14:30,13,8509.51,5781,30,653,654.5776923,8584.747,High Value
13210,07-09-2011 08:18,07-09-2011 08:18,1,353.48,316,94,0,353.48,431.5964,Low Value
13211,29-11-2011 14:43,06-12-2009 15:24,10,2618.77,1845,10,722,261.877,2703.7395,Medium Value
13212,20-11-2011 12:40,09-10-2011 14:48,3,786.83,309,20,41,262.2766667,727.79266,Low Value
13213,14-10-2011 11:42,20-05-2010 14:50,11,3851.52,2962,57,511,350.1381818,3829.4753,Medium Value
13214,18-10-2010 10:00,03-03-2010 14:10,7,3264.23,2966,418,228,466.3185714,3613.7454,Medium Value
13215,02-11-2010 18:26,02-11-2010 18:26,1,81.6,96,402,0,81.6,78.87771,Low Value
13216,17-03-2011 12:18,17-03-2011 12:18,1,333.74,297,268,0,333.74,357.467,Low Value
13217,09-08-2011 15:32,22-02-2010 12:49,4,666.48,512,122,533,166.62,805.5097,Low Value
13218,04-08-2011 16:59,04-08-2011 16:59,1,62.64,88,127,0,62.64,70.265274,Low Value
13219,31-03-2010 14:18,31-03-2010 14:18,1,76.23,11,618,0,76.23,78.87771,Low Value
13220,22-09-2011 13:38,13-05-2010 10:35,5,1336.09,396,78,497,267.218,1079.3029,Medium Value
13221,13-04-2011 16:58,15-12-2010 13:24,2,847.41,244,240,119,423.705,712.95294,Low Value
13222,11-05-2010 13:54,11-05-2010 13:54,1,88.5,30,577,0,88.5,82.6925,Low Value
13223,23-05-2011 13:03,12-02-2010 13:27,6,969.12,568,200,464,161.52,1021.956,Medium Value
13224,10-10-2011 14:55,11-07-2011 14:10,2,2155.95,1518,60,91,1077.975,2225.4417,Medium Value
13225,06-12-2011 13:29,17-12-2009 09:09,16,16260.07,7401,3,719,1016.254375,15741.019,High Value
13226,11-03-2011 14:35,11-11-2010 13:46,2,312.46,179,273,120,156.23,283.94366,Low Value
13227,22-05-2011 11:47,22-05-2011 11:47,1,257.7,99,202,0,257.7,317.09323,Low Value
13228,19-09-2011 14:28,19-09-2011 14:28,1,358,200,81,0,358,346.5927,Low Value
13229,28-04-2011 12:07,28-04-2011 12:07,1,160.95,63,226,0,160.95,158.05597,Low Value
13230,05-12-2011 16:03,18-03-2010 20:02,30,6120.01,3520,4,626,204.0003333,6133.8994,High Value
13232,27-11-2011 10:39,10-04-2011 13:48,7,1328.35,773,13,230,189.7642857,1348.0371,Medium Value
13233,26-09-2011 13:25,14-01-2010 14:10,4,1176.46,1604,74,619,294.115,1542.7292,Medium Value
13234,05-02-2010 11:41,07-12-2009 12:32,2,346.5,159,673,59,173.25,305.99704,Low Value
13235,11-05-2011 17:13,11-05-2011 17:13,1,1031.07,441,212,0,1031.07,928.4434,Medium Value
13236,15-11-2011 12:50,25-08-2011 08:58,2,744.85,416,25,82,372.425,781.9658,Low Value
13237,17-11-2010 10:07,17-11-2010 10:07,1,643,128,388,0,643,589.2852,Low Value
13238,22-11-2011 15:37,28-04-2010 15:02,6,1006.63,442,17,573,167.7716667,1000.5613,Medium Value
13239,23-03-2011 10:25,25-07-2010 13:34,5,1594.69,1151,262,240,318.938,1587.1992,Medium Value
13240,04-09-2011 14:08,25-02-2010 13:17,8,1475.79,709,96,556,184.47375,1445.09,Medium Value
13241,24-10-2010 11:17,24-10-2010 11:17,1,112.53,46,412,0,112.53,110.33144,Low Value
13242,19-08-2011 12:53,09-02-2010 13:12,7,699.4,350,112,555,99.91428571,786.07666,Low Value
13243,20-05-2011 13:14,18-03-2010 13:10,5,1220.38,554,203,428,244.076,1126.2335,Medium Value
13244,08-09-2011 11:46,08-09-2011 11:46,1,121.74,38,93,0,121.74,110.33144,Low Value
13245,20-10-2011 11:40,03-10-2010 14:03,2,989.22,371,51,381,494.61,903.3279,Medium Value
13246,21-11-2011 16:50,02-07-2010 13:36,11,3351.75,2796,18,507,304.7045455,3483.4646,Medium Value
13247,22-11-2011 10:59,18-09-2011 11:31,4,501.12,328,18,64,125.28,558.5782,Low Value
13248,07-08-2011 12:40,03-06-2011 13:05,2,465.68,305,125,64,232.84,521.9068,Low Value
13249,08-09-2011 13:26,24-01-2010 12:11,9,1608.93,1246,92,592,178.77,1779.9132,Medium Value
13250,05-09-2010 11:33,25-07-2010 14:01,2,253.09,107,461,41,126.545,236.21922,Low Value
13251,02-11-2010 13:20,02-11-2010 13:20,1,252.68,215,402,0,252.68,317.09323,Low Value
13252,10-11-2010 16:00,24-03-2010 10:30,2,399.3,134,394,231,199.65,326.33203,Low Value
13253,06-07-2011 10:09,05-01-2010 12:13,4,2951.11,3015,157,546,737.7775,3224.2607,Medium Value
13254,28-11-2010 15:42,28-11-2010 15:42,1,51.41,43,376,0,51.41,63.282875,Low Value
13255,30-11-2011 13:14,15-07-2010 13:20,3,678.76,407,9,502,226.2533333,654.8996,Low Value
13257,29-09-2010 14:58,29-09-2010 14:58,1,149.75,33,436,0,149.75,157.71541,Low Value
13258,28-11-2011 09:31,04-11-2010 12:45,5,1009.43,446,12,388,201.886,989.52356,Medium Value
13259,09-10-2011 10:48,10-01-2010 10:26,9,1402.54,503,62,637,155.8377778,1260.5956,Medium Value
13260,09-10-2011 13:21,09-10-2011 13:21,1,557.62,142,61,0,557.62,590.6855,Low Value
13261,16-03-2011 12:22,27-02-2011 10:41,2,944.1,210,269,17,472.05,732.2323,Low Value
13262,21-03-2011 15:06,18-04-2010 12:14,3,573.45,247,263,337,191.15,494.23828,Low Value
13263,08-12-2011 13:59,22-10-2010 17:07,39,8676.2,5372,1,411,222.4666667,8849.145,High Value
13264,23-09-2010 12:42,23-09-2010 12:42,1,722.56,375,443,0,722.56,688.60004,Low Value
13265,17-10-2011 15:02,11-03-2011 09:54,5,2092.66,1740,53,220,418.532,2160.1575,Medium Value
13266,28-11-2011 14:39,17-12-2009 10:52,19,6135.04,6837,11,711,322.8968421,6949.482,High Value
13267,07-12-2011 11:12,07-12-2009 16:56,36,9429.81,3959,3,729,261.9391667,9586.375,High Value
13268,22-11-2011 11:51,17-03-2011 13:20,11,3174.75,3624,18,249,288.6136364,3571.337,Medium Value
13269,08-12-2011 14:53,02-12-2009 11:47,28,8537.32,6366,1,736,304.9042857,8145.2456,High Value
13270,08-12-2010 14:53,08-12-2010 14:53,1,590,200,366,0,590,587.47076,Low Value
13271,02-11-2011 14:31,02-11-2011 14:31,1,211.49,240,37,0,211.49,248.12703,Low Value
13272,08-11-2011 14:00,11-09-2011 12:06,2,276.56,96,31,58,138.28,253.57635,Low Value
13273,18-08-2011 14:02,18-08-2011 14:02,1,138.98,153,113,0,138.98,127.68856,Low Value
13274,26-10-2010 13:48,26-10-2010 13:48,1,360.85,199,409,0,360.85,346.5927,Low Value
13275,21-11-2010 12:09,17-03-2010 14:05,2,238.86,138,384,248,119.43,236.21922,Low Value
13276,07-10-2011 12:44,07-03-2010 14:05,5,1891.91,840,64,578,378.382,1818.9885,Medium Value
13277,24-11-2011 09:21,18-06-2010 08:45,7,523.3,382,16,524,74.75714286,648.9009,Low Value
13278,30-10-2011 11:49,08-04-2010 11:59,4,1435.85,1358,41,569,358.9625,1599.9875,Medium Value
13279,22-09-2011 17:24,22-09-2011 17:24,1,137.75,73,78,0,137.75,127.68856,Low Value
13280,09-08-2011 13:14,05-03-2010 09:07,7,2293.33,1489,122,522,327.6185714,2233.03,Medium Value
13281,26-09-2010 16:03,26-09-2010 16:03,1,350.85,201,439,0,350.85,350.98447,Low Value
13282,21-11-2011 15:33,29-10-2010 14:11,4,1313.19,410,18,388,328.2975,1132.7709,Medium Value
13283,11-10-2011 09:50,09-03-2010 14:36,4,373.36,204,60,580,93.34,379.01593,Low Value
13284,13-01-2011 09:23,13-01-2011 09:23,1,201.19,91,331,0,201.19,213.2137,Low Value
13285,16-11-2011 13:19,25-03-2010 14:26,6,3364.59,2457,23,600,560.765,3784.076,Medium Value
13286,18-04-2010 15:35,18-04-2010 15:35,1,734.91,274,600,0,734.91,742.3643,Low Value
13287,15-04-2010 15:26,04-01-2010 10:43,3,781.59,429,603,101,260.53,783.316,Low Value
13288,22-09-2010 16:32,11-02-2010 14:59,5,927.61,379,443,223,185.522,870.33606,Low Value
13289,16-12-2009 11:53,16-12-2009 11:53,1,307.95,119,724,0,307.95,309.68695,Low Value
13290,27-09-2010 16:29,27-09-2010 16:29,1,208.63,1,438,0,208.63,213.2137,Low Value
13291,07-07-2011 10:36,11-02-2010 18:36,11,3270.79,1600,156,510,297.3445455,3416.2068,Medium Value
13292,01-11-2011 10:04,01-07-2010 14:36,5,994.51,530,39,487,198.902,1012.9894,Medium Value
13293,12-11-2010 13:28,09-02-2010 12:05,6,1192.94,555,392,276,198.8233333,1129.9503,Medium Value
13294,03-06-2011 08:54,03-03-2010 12:54,3,1689.53,996,190,456,563.1766667,1702.322,Medium Value
13295,15-12-2010 11:21,12-05-2010 09:13,4,1101.97,733,360,217,275.4925,1157.0483,Medium Value
13296,25-07-2011 13:46,11-05-2010 14:29,6,792.51,653,137,439,132.085,1046.7332,Medium Value
13297,02-12-2011 09:32,15-06-2010 12:35,7,4368.62,2694,8,534,624.0885714,4625.021,Medium Value
13298,08-12-2011 13:11,08-12-2011 13:11,1,360,96,1,0,360,346.5927,Low Value
13299,16-03-2011 12:55,29-06-2010 11:30,3,1218.7,416,268,260,406.2333333,1055.4608,Medium Value
13300,23-06-2011 13:09,14-05-2010 15:56,3,1285.51,455,169,404,428.5033333,1166.2119,Medium Value
13301,28-08-2011 11:25,20-02-2011 13:13,4,618.09,345,104,188,154.5225,615.9306,Low Value
13302,07-07-2011 17:56,01-07-2010 12:32,2,159.2,12,155,371,79.6,194.54721,Low Value
13303,04-11-2010 14:55,04-11-2010 14:55,1,61.72,26,400,0,61.72,70.265274,Low Value
13304,23-12-2010 14:35,08-02-2010 12:42,4,1217.99,716,351,318,304.4975,1186.6925,Medium Value
13305,05-12-2011 15:15,10-03-2010 14:49,16,3616.41,2228,4,635,226.025625,3644.3013,Medium Value
13306,05-10-2010 14:55,05-10-2010 14:55,1,53.65,74,430,0,53.65,70.265274,Low Value
13307,11-08-2011 17:14,26-04-2010 13:28,3,273.34,140,120,472,91.11333333,321.26495,Low Value
13308,17-11-2011 09:31,22-04-2010 09:22,4,1670.37,1073,23,574,417.5925,1709.2681,Medium Value
13309,02-12-2011 16:34,12-11-2010 12:10,6,1706.37,1914,7,385,284.395,1954.9241,Medium Value
13310,11-11-2011 17:23,02-11-2010 17:03,5,1541.2,816,28,374,308.24,1421.8837,Medium Value
13311,05-12-2011 12:55,12-07-2011 14:26,2,598.57,305,4,145,299.285,617.4766,Low Value
13312,14-09-2010 14:36,14-09-2010 14:36,1,124.75,41,451,0,124.75,110.33144,Low Value
13313,17-11-2011 16:48,02-12-2009 16:18,12,3445.32,2308,22,715,287.11,3664.1948,Medium Value
13314,08-12-2011 12:29,27-09-2011 10:20,3,775.94,560,2,72,258.6466667,848.52216,Low Value
13315,19-01-2010 15:34,19-01-2010 15:34,1,310.26,232,689,0,310.26,309.68695,Low Value
13316,02-11-2011 13:40,10-03-2010 10:01,10,12940.82,19931,37,602,1294.082,13527.52,High Value
13317,04-10-2011 13:35,13-12-2009 11:11,19,6486.091,3149,66,660,341.3732105,6053.804,High Value
13318,08-12-2011 18:51,02-11-2011 13:26,3,640.76,304,1,36,213.5866667,645.16437,Low Value
13319,04-12-2011 13:34,06-12-2009 14:46,58,21323.22,8974,5,727,367.6417241,20411.02,High Value
13320,22-09-2011 18:07,18-08-2010 10:29,6,2211.6,1509,78,400,368.6,2170.3557,Medium Value
13321,28-09-2011 15:24,14-09-2011 15:18,2,567.36,372,72,14,283.68,606.4716,Low Value
13322,22-11-2011 14:21,22-11-2011 14:21,1,199.48,117,17,0,199.48,188.87389,Low Value
13323,06-12-2011 17:12,16-09-2011 13:23,5,787.85,175,3,81,157.57,646.05426,Low Value
13324,03-11-2011 16:28,25-05-2010 10:23,18,10513.47,8448,36,527,584.0816667,10672.085,High Value
13325,19-09-2011 10:36,19-09-2011 10:36,1,675.3,240,82,0,675.3,661.91504,Low Value
13326,03-10-2010 16:00,03-10-2010 16:00,1,281.76,140,432,0,281.76,319.02124,Low Value
13327,01-11-2011 10:21,18-12-2009 15:35,20,9134.48,4203,39,682,456.724,8698.666,High Value
13328,27-01-2011 15:22,27-01-2011 15:22,1,1308.48,680,316,0,1308.48,1335.3169,Medium Value
13329,08-11-2011 10:29,04-12-2009 15:41,8,4808.77,3311,32,703,601.09625,5378.2915,Medium Value
13330,08-09-2011 12:27,23-02-2010 10:12,6,2796.1,1951,93,562,466.0166667,2802.5132,Medium Value
13331,03-11-2010 08:04,03-11-2010 08:04,1,262.4,54,402,0,262.4,317.09323,Low Value
13332,25-11-2011 13:30,25-11-2011 13:30,1,350.9,179,14,0,350.9,350.98447,Low Value
13333,24-10-2010 13:24,19-02-2010 09:26,3,1015.74,685,411,247,338.58,1083.1998,Medium Value
13334,18-09-2011 15:21,25-02-2010 12:21,5,6201.8,3198,82,570,1240.36,6033.393,High Value
13336,23-09-2011 14:05,23-09-2011 14:05,1,795.12,559,77,0,795.12,928.3553,Medium Value
13337,11-06-2010 13:27,11-06-2010 13:27,1,1575.26,980,546,0,1575.26,1661.479,Medium Value
13338,05-07-2011 09:06,05-01-2010 12:25,4,2445.62,1151,158,545,611.405,2212.8396,Medium Value
13339,23-05-2011 08:31,23-05-2011 08:31,1,860.12,326,201,0,860.12,835.04846,Low Value
13340,25-10-2011 13:15,22-02-2010 14:54,12,22100.56,9636,45,609,1841.713333,20530.658,High Value
13341,24-03-2011 09:50,24-03-2011 09:50,1,775.85,301,261,0,775.85,828.1778,Low Value
13343,15-06-2011 12:24,15-06-2011 12:24,1,353.43,135,178,0,353.43,350.98447,Low Value
13344,03-10-2011 09:45,07-03-2011 10:28,3,2511.69,952,68,209,837.23,2200.7314,Medium Value
13345,25-02-2011 09:01,25-02-2011 09:01,1,389.5,141,288,0,389.5,369.72076,Low Value
13346,03-09-2010 11:41,22-04-2010 12:34,6,299.4,180,463,133,49.9,447.96344,Low Value
13347,30-09-2011 13:28,30-09-2011 13:28,1,341.36,205,70,0,341.36,350.98447,Low Value
13348,06-10-2011 17:28,06-10-2011 17:28,1,233.76,136,64,0,233.76,244.20036,Low Value
13349,29-11-2011 08:07,29-11-2011 08:07,1,247.32,225,11,0,247.32,295.84167,Low Value
13350,23-11-2011 16:33,21-09-2011 13:33,2,979.12,287,16,63,489.56,885.8777,Medium Value
13351,04-10-2011 12:55,04-10-2011 12:55,1,373.94,117,66,0,373.94,364.80472,Low Value
13352,10-10-2011 13:55,10-10-2011 13:55,1,397.98,321,60,0,397.98,448.16275,Low Value
13354,29-09-2011 13:17,29-09-2011 13:17,1,743.53,604,71,0,743.53,886.0706,Medium Value
13355,09-08-2011 14:48,09-08-2011 14:48,1,674.7,314,122,0,674.7,705.44366,Low Value
13356,20-09-2011 14:33,20-09-2011 14:33,1,768.24,325,80,0,768.24,828.1778,Low Value
13357,27-03-2011 13:56,22-03-2010 14:30,5,3805.51,2112,257,369,761.102,3679.3262,Medium Value
13358,16-03-2011 11:52,16-03-2011 11:52,1,439.03,285,269,0,439.03,469.1229,Low Value
13359,07-10-2011 09:30,01-11-2010 15:05,2,1043.31,381,64,339,521.655,967.6001,Medium Value
13360,04-10-2010 12:37,08-01-2010 11:16,4,1553.65,942,432,269,388.4125,1640.9901,Medium Value
13361,24-08-2010 14:56,01-04-2010 07:49,2,1450.5,324,472,145,725.25,1327.2838,Medium Value
13362,30-11-2011 14:41,10-10-2010 15:27,7,5394.07,2481,9,415,770.5814286,5322.6143,Medium Value
13363,22-11-2011 12:40,26-10-2010 11:07,3,1723.86,1146,18,392,574.62,1740.8312,Medium Value
13364,29-09-2011 18:13,29-09-2011 18:13,1,134.96,71,71,0,134.96,127.68856,Low Value
13365,06-11-2011 12:36,06-05-2011 12:00,2,2225.37,1247,34,184,1112.685,2123.142,Medium Value
13366,20-10-2011 13:37,20-10-2011 13:37,1,56.16,144,50,0,56.16,70.265274,Low Value
13367,04-10-2010 10:00,04-10-2010 10:00,1,510.2,253,432,0,510.2,519.3191,Low Value
13368,28-03-2011 09:59,12-10-2010 10:43,4,1121.5,606,257,166,280.375,1065.1233,Medium Value
13369,09-12-2010 11:30,09-12-2010 11:30,1,308.28,149,366,0,308.28,309.68695,Low Value
13370,03-12-2010 10:26,03-12-2010 10:26,1,754.87,343,372,0,754.87,828.1778,Low Value
13371,22-07-2010 17:33,17-03-2010 15:29,2,2297.66,1019,505,127,1148.83,1972.714,Medium Value
13372,11-09-2011 12:46,11-09-2011 12:46,1,378.64,159,90,0,378.64,364.04288,Low Value
13373,10-10-2011 10:51,06-12-2009 12:34,6,7587.19,4263,61,672,1264.531667,7555.292,High Value
13374,21-10-2010 10:04,16-09-2010 10:29,2,422.8,135,415,34,211.4,350.6718,Low Value
13375,12-09-2011 10:19,21-09-2010 08:12,2,1792.23,1124,89,356,896.115,1767.8712,Medium Value
13376,01-09-2011 16:16,19-04-2011 13:03,3,1019.76,493,99,135,339.92,999.82684,Medium Value
13377,08-11-2010 12:20,04-03-2010 10:06,2,1552.88,748,397,249,776.44,1465.9086,Medium Value
13379,13-11-2011 13:45,26-07-2011 12:26,3,572.56,601,26,110,190.8533333,720.3024,Low Value
13380,03-10-2010 10:18,03-10-2010 10:18,1,62.4,48,433,0,62.4,70.265274,Low Value
13381,08-11-2011 11:58,01-12-2009 15:19,12,8224.37,5125,32,706,685.3641667,8321.209,High Value
13382,04-03-2011 10:03,08-12-2009 09:56,5,1387.58,863,281,451,277.516,1403.2924,Medium Value
13383,14-06-2010 11:45,14-06-2010 11:45,1,305.28,288,544,0,305.28,363.29672,Low Value
13384,09-11-2011 11:04,27-07-2010 12:22,11,6680.83,4142,31,469,607.3481818,6618.764,High Value
13385,14-01-2011 09:52,14-01-2011 09:52,1,534.57,281,330,0,534.57,515.1104,Low Value
13386,21-10-2010 12:52,28-09-2010 13:09,2,835.46,514,414,22,417.73,927.7483,Medium Value
13387,18-10-2010 14:07,18-10-2010 14:07,1,186.94,123,417,0,186.94,188.87389,Low Value
13388,31-07-2011 12:52,15-04-2010 10:18,3,1185.65,701,131,472,395.2166667,1162.7172,Medium Value
13389,28-11-2011 14:01,21-04-2011 12:12,3,797.96,429,11,221,265.9866667,802.3764,Low Value
13390,26-09-2011 08:38,26-09-2011 08:38,1,544.08,224,75,0,544.08,484.40573,Low Value
13391,20-05-2011 10:50,20-05-2011 10:50,1,59.8,4,204,0,59.8,70.265274,Low Value
13392,31-01-2010 13:34,31-01-2010 13:34,1,91.14,82,677,0,91.14,82.6925,Low Value
13393,05-05-2010 09:34,07-12-2009 18:12,4,1131.45,662,584,148,282.8625,1157.0483,Medium Value
13394,08-12-2011 11:36,01-12-2009 11:58,19,6621.7,5354,2,736,348.5105263,6913.8105,High Value
13395,07-06-2011 15:04,14-10-2010 13:00,3,1180.23,1660,185,236,393.41,1424.2883,Medium Value
13396,10-11-2011 16:59,24-01-2011 13:37,2,1360.99,600,29,290,680.495,1311.0248,Medium Value
13397,28-09-2011 10:56,20-01-2010 09:50,10,3191.87,1336,73,616,319.187,3103.351,Medium Value
13398,31-05-2011 13:17,17-09-2010 09:34,2,670.34,341,192,256,335.17,700.6255,Low Value
13399,01-09-2010 13:59,08-07-2010 17:47,3,275.4,120,464,54,91.8,321.26495,Low Value
13400,06-05-2010 09:00,06-05-2010 09:00,1,310.83,284,583,0,310.83,375.65204,Low Value
13402,04-08-2011 15:51,24-05-2010 10:56,4,1226.85,917,127,437,306.7125,1337.1481,Medium Value
13403,22-11-2011 08:28,16-12-2009 13:23,3,229.5,114,18,705,76.5,308.86932,Low Value
13404,08-12-2011 15:37,11-05-2011 11:57,2,252.49,111,1,211,126.245,236.21922,Low Value
13405,26-09-2011 17:01,15-12-2009 14:13,6,1213.811,855,74,650,202.3018333,1327.5714,Medium Value
13406,08-10-2010 14:44,18-03-2010 07:29,2,568.92,292,427,204,284.46,544.439,Low Value
13407,10-05-2010 12:41,16-02-2010 11:13,3,2244.7,1690,579,83,748.2333333,2732.281,Medium Value
13408,08-12-2011 09:05,04-12-2009 09:31,106,50174.782,28675,2,733,473.347,50108.117,High Value
13410,15-11-2011 15:33,08-12-2009 13:43,9,2201.96,1244,24,707,244.6622222,2189.2844,Medium Value
13411,24-08-2011 13:57,24-08-2011 13:57,1,213.55,72,107,0,213.55,234.4651,Low Value
13412,29-03-2010 16:28,29-03-2010 16:28,1,487.35,176,620,0,487.35,486.949,Low Value
13413,10-03-2010 12:17,21-01-2010 17:43,6,429.44,455,640,47,71.57333333,676.2686,Low Value
13414,29-07-2011 11:45,15-04-2010 17:00,6,2494.14,2702,134,469,415.69,3045.9138,Medium Value
13415,24-08-2010 11:38,11-12-2009 14:20,4,784.17,496,473,255,196.0425,784.6627,Low Value
13416,27-10-2011 08:56,03-12-2009 13:02,3,940.8,208,44,692,313.6,655.2764,Low Value
13417,05-12-2011 08:49,08-02-2010 12:39,6,1669.49,532,5,664,278.2483333,1430.6979,Medium Value
13418,28-11-2011 10:23,11-12-2009 12:51,31,11559.66,7354,12,716,372.8922581,11597.65,High Value
13419,07-10-2011 12:49,07-10-2011 12:49,1,221.06,275,64,0,221.06,269.37836,Low Value
13420,13-07-2011 08:48,22-06-2011 11:35,2,159.85,101,150,20,79.925,197.71426,Low Value
13421,30-10-2011 14:21,14-02-2010 14:45,8,4058.75,2351,40,622,507.34375,4082.8672,Medium Value
13422,06-10-2011 13:42,06-10-2011 13:42,1,2626.3,1326,64,0,2626.3,2417.818,Medium Value
13423,07-10-2010 09:02,07-10-2010 09:02,1,217.03,141,429,0,217.03,234.4651,Low Value
13424,16-09-2010 10:49,16-09-2010 10:49,1,572.77,529,450,0,572.77,762.6225,Low Value
13425,23-08-2011 17:13,09-05-2010 14:35,5,3390.43,2358,108,471,678.086,3697.6265,Medium Value
13426,09-12-2011 08:59,09-12-2009 15:16,22,8167.38,4868,1,729,371.2445455,8534.367,High Value
13427,20-11-2011 13:02,17-12-2009 13:44,6,1006.53,880,19,702,167.755,1129.8666,Medium Value
13428,29-11-2011 14:20,13-07-2010 13:20,3,478.54,356,10,504,159.5133333,538.79443,Low Value
13429,29-11-2011 09:10,25-09-2011 15:59,4,1006.8,1390,11,64,251.7,1290.226,Medium Value
13430,21-11-2011 08:19,14-09-2011 14:26,2,679.45,751,19,67,339.725,820.8374,Low Value
13431,03-10-2011 13:49,18-02-2010 11:53,8,3316.24,1570,67,592,414.53,3240.6848,Medium Value
13432,17-05-2010 13:18,06-04-2010 14:42,2,439.1,217,571,40,219.55,371.92322,Low Value
13433,26-07-2010 16:55,12-01-2010 08:59,4,658.32,190,501,195,164.58,531.9153,Low Value
13434,26-09-2011 14:30,22-02-2010 09:54,5,1666.86,864,74,581,333.372,1583.155,Medium Value
13435,04-12-2011 14:45,27-07-2010 16:56,9,4447.33,2754,5,494,494.1477778,4642.425,Medium Value
13436,08-12-2011 10:33,08-12-2011 10:33,1,196.89,76,2,0,196.89,188.87389,Low Value
13437,25-11-2011 14:00,02-06-2011 14:30,7,3408.06,1283,14,175,486.8657143,3075.561,Medium Value
13438,10-06-2010 18:46,10-06-2010 18:46,1,46.5,10,547,0,46.5,63.282875,Low Value
13439,29-03-2011 14:20,01-07-2010 14:36,3,986.61,952,255,270,328.87,1175.4285,Medium Value
13440,12-10-2010 13:11,14-09-2010 10:34,7,1295.25,573,423,28,185.0357143,1215.521,Medium Value
13441,09-09-2011 09:38,04-10-2010 10:38,2,720.9,520,92,339,360.45,807.85156,Low Value
13442,10-02-2010 14:03,01-12-2009 14:59,3,419.87,115,667,70,139.9566667,397.77798,Low Value
13443,17-09-2010 12:31,31-01-2010 13:30,6,1273.16,805,449,228,212.1933333,1363.2207,Medium Value
13444,30-11-2010 13:02,21-07-2010 14:34,2,619.08,331,374,131,309.54,628.062,Low Value
13445,23-03-2010 15:34,23-03-2010 15:34,1,241.9,198,626,0,241.9,244.20036,Low Value
13446,05-10-2010 18:51,14-02-2010 11:52,11,3881.89,2403,430,233,352.8990909,3870.5994,Medium Value
13447,16-11-2011 13:38,04-11-2011 10:10,3,1129.14,584,23,12,376.38,1074.3643,Medium Value
13448,23-11-2011 12:33,06-12-2009 12:14,13,8745.93,4195,17,717,672.7638462,8562.559,High Value
13449,16-11-2011 08:28,16-11-2011 08:28,1,291.88,222,24,0,291.88,313.40213,Low Value
13450,13-11-2011 11:54,15-04-2010 19:15,13,4120.04,4318,27,576,316.9261538,4149.1704,Medium Value
13451,13-11-2011 15:58,21-03-2010 16:13,11,7090.06,5229,26,601,644.5509091,7727.245,High Value
13452,25-03-2011 14:19,24-08-2010 09:53,3,729.8,6,259,213,243.2666667,536.9637,Low Value
13453,27-06-2011 09:34,02-11-2010 13:23,3,781.69,341,166,236,260.5633333,727.79266,Low Value
13454,08-03-2010 14:40,08-03-2010 14:40,1,219.87,198,641,0,219.87,234.4651,Low Value
13455,15-11-2011 11:21,09-12-2009 08:58,6,2212.99,795,25,706,368.8316667,1965.442,Medium Value
13456,22-11-2011 09:18,16-05-2011 15:34,6,1766.72,765,18,189,294.4533333,1568.2521,Medium Value
13457,20-01-2010 08:48,02-12-2009 12:46,2,148.22,96,689,48,74.11,186.9454,Low Value
13458,02-12-2011 15:29,16-11-2010 14:01,16,11959.27,6760,7,381,747.454375,13251.694,High Value
13459,25-03-2010 10:24,26-01-2010 13:35,2,1160.41,986,625,57,580.205,1379.4513,Medium Value
13460,10-11-2011 17:17,21-10-2011 09:50,2,183.44,286,29,20,91.72,286.9706,Low Value
13461,01-11-2011 09:01,21-04-2010 16:01,6,4160,3132,39,558,693.3333333,4486.2393,Medium Value
13462,01-04-2011 11:20,14-12-2009 09:48,5,1153.85,697,253,473,230.77,1232.5748,Medium Value
13464,12-10-2011 15:01,31-03-2010 15:22,6,3097.64,1440,58,559,516.2733333,2885.5483,Medium Value
13465,19-09-2010 15:13,02-05-2010 15:30,2,931.12,584,446,139,465.56,892.59515,Medium Value
13466,08-06-2011 16:39,21-03-2010 13:50,5,1013.35,660,184,444,202.67,1158.0514,Medium Value
13467,29-11-2011 10:01,03-11-2011 16:56,2,1071.91,580,11,25,535.955,1041.2509,Medium Value
13468,08-12-2011 10:39,03-12-2009 13:32,72,12793.28,5617,2,734,177.6844444,12891.183,High Value
13469,24-02-2010 15:03,24-02-2010 15:03,1,82.4,52,653,0,82.4,78.87771,Low Value
13470,01-09-2011 14:57,16-08-2011 17:06,2,165,100,99,15,82.5,197.71426,Low Value
13471,08-12-2011 15:44,23-10-2011 13:10,4,2501.84,1583,1,46,625.46,2573.1633,Medium Value
13472,02-09-2010 09:41,02-06-2010 09:48,2,592.24,310,464,91,296.12,617.4766,Low Value
13473,10-10-2011 11:20,15-12-2009 19:02,8,2657.76,1000,61,663,332.22,2444.5498,Medium Value
13474,17-04-2011 13:53,01-08-2010 14:40,3,646.59,318,236,258,215.53,645.16437,Low Value
13475,01-06-2011 13:52,14-02-2011 12:36,4,1431.78,1012,191,107,357.945,1497.3921,Medium Value
13476,14-06-2011 12:00,05-03-2010 09:39,5,2061.47,713,179,466,412.294,1834.9784,Medium Value
13477,02-11-2011 12:04,25-01-2010 11:52,11,2819.17,2091,38,646,256.2881818,3084.6836,Medium Value
13478,27-08-2010 13:23,31-01-2010 15:51,5,2215.78,1189,469,207,443.156,2203.9446,Medium Value
13479,23-05-2011 10:45,19-08-2010 16:18,4,851.37,716,201,276,212.8425,1001.92816,Medium Value
13480,19-10-2010 11:53,29-01-2010 12:35,2,627.82,362,417,262,313.91,628.062,Low Value
13481,25-10-2011 09:07,04-12-2009 12:37,11,3830.84,2055,46,689,348.2581818,3815.142,Medium Value
13482,21-04-2011 17:03,22-03-2010 10:31,2,336.09,187,232,395,168.045,290.26126,Low Value
13483,05-10-2011 11:53,05-10-2011 11:53,1,140.34,160,66,0,140.34,138.89738,Low Value
13484,12-04-2011 16:30,10-03-2010 11:46,3,790.72,224,241,398,263.5733333,587.5444,Low Value
13485,20-04-2011 13:58,03-12-2009 13:46,11,3019.22,1798,233,503,274.4745455,3084.6377,Medium Value
13486,22-09-2011 13:13,07-07-2011 17:19,3,1122.41,669,78,76,374.1366667,1131.0526,Medium Value
13487,13-10-2011 12:07,05-12-2009 10:25,5,846.87,362,58,677,169.374,829.68384,Low Value
13488,22-11-2011 14:41,25-01-2010 10:13,23,14205.96,7375,17,666,617.6504348,15313.597,High Value
13489,26-08-2011 13:16,18-02-2011 10:42,4,449.52,560,105,189,112.38,652.91473,Low Value
13490,23-02-2010 14:48,23-02-2010 14:48,1,154.25,25,654,0,154.25,157.71541,Low Value
13491,19-10-2011 08:32,07-12-2009 08:24,27,4467.66,2349,52,681,165.4688889,4558.4937,Medium Value
13492,26-07-2011 14:25,09-05-2011 10:06,3,1269.84,408,136,78,423.28,1044.9889,Medium Value
13493,09-03-2011 15:35,25-02-2011 16:42,2,618.63,380,275,11,309.315,628.062,Low Value
13494,01-02-2011 11:58,01-02-2011 11:58,1,316.26,162,312,0,316.26,309.68695,Low Value
13495,02-12-2011 11:21,07-12-2009 12:12,10,4863.31,2465,8,724,486.331,4750.2266,Medium Value
13496,29-11-2011 10:58,15-12-2010 10:17,2,653.33,341,11,349,326.665,654.59875,Low Value
13497,02-03-2011 09:04,08-02-2010 10:27,6,1166.83,525,283,386,194.4716667,1106.6101,Medium Value
13498,09-12-2009 15:26,09-12-2009 15:26,1,327.38,362,730,0,327.38,416.692,Low Value
13499,22-11-2011 11:21,15-03-2011 08:52,5,1159.11,1365,18,252,231.822,1439.303,Medium Value
13500,16-11-2011 15:35,03-11-2010 13:16,4,1466.3,838,23,378,366.575,1450.5834,Medium Value
13501,24-02-2011 18:59,18-05-2010 13:24,3,2885.11,1253,288,282,961.7033333,2693.1145,Medium Value
13502,23-11-2011 10:39,09-06-2010 10:52,5,780.5,490,17,531,156.1,827.93604,Low Value
13503,29-09-2011 13:23,16-02-2010 13:49,6,1859.24,1105,71,589,309.8733333,1822.5264,Medium Value
13504,06-10-2011 13:20,06-10-2011 13:20,1,295.93,178,64,0,295.93,313.40213,Low Value
13505,28-09-2011 11:56,21-04-2011 12:07,4,4393.63,2486,73,159,1098.4075,4142.441,Medium Value
13506,27-01-2011 13:53,05-09-2010 12:33,5,1338.08,942,316,144,267.616,1459.902,Medium Value
13507,06-12-2011 13:13,17-07-2011 11:50,4,2479.16,1597,3,142,619.79,2614.217,Medium Value
13508,10-04-2011 11:58,07-03-2010 11:58,2,287.05,180,244,399,143.525,264.7851,Low Value
13509,01-12-2011 10:10,20-07-2010 12:10,8,1114.72,1214,9,498,139.34,1481.0627,Medium Value
13510,08-12-2011 13:46,21-12-2009 11:53,11,4558.29,3044,1,717,414.39,4744.167,Medium Value
13511,01-02-2010 12:10,01-02-2010 12:10,1,282.76,60,677,0,282.76,319.02124,Low Value
13512,24-03-2011 10:03,05-05-2010 13:22,4,713.39,419,261,322,178.3475,746.7415,Low Value
13513,05-08-2011 11:50,22-02-2010 16:36,3,824.59,364,127,528,274.8633333,751.38617,Low Value
13514,27-09-2011 09:39,26-01-2010 15:11,4,815.9,288,74,608,203.975,693.1896,Low Value
13515,28-09-2011 11:26,05-03-2010 11:58,6,1265.82,819,73,571,210.97,1341.9692,Medium Value
13516,18-11-2011 13:15,18-10-2010 08:52,4,1685.26,1114,21,396,421.315,1709.2681,Medium Value
13517,11-10-2011 11:43,13-06-2011 08:44,3,2128.42,1369,60,120,709.4733333,2118.7102,Medium Value
13518,15-09-2011 10:29,15-09-2011 10:29,1,627.16,382,86,0,627.16,658.4448,Low Value
13519,22-09-2011 18:24,23-09-2010 11:45,2,343.21,133,78,364,171.605,305.99704,Low Value
13520,12-10-2011 10:20,17-12-2009 11:11,11,6606,3179,59,663,600.5454545,6191.251,High Value
13521,08-12-2011 13:50,29-11-2011 15:09,3,1071.73,718,1,8,357.2433333,1098.8737,Medium Value
13522,09-11-2011 15:11,09-11-2011 15:11,1,125.8,44,30,0,125.8,110.33144,Low Value
13523,06-11-2011 15:11,02-11-2010 14:55,6,4534.57,1989,33,369,755.7616667,4187.4463,Medium Value
13524,30-10-2011 12:34,04-05-2011 12:26,5,680.18,324,41,179,136.036,729.1211,Low Value
13525,25-11-2011 12:01,05-04-2011 15:36,2,628.78,394,15,233,314.39,628.062,Low Value
13526,01-12-2009 13:13,01-12-2009 12:56,2,1182,1911,738,0,591,1592.4172,Medium Value
13527,06-11-2011 12:04,21-01-2010 12:37,12,4541.29,2736,34,653,378.4408333,4527.7334,Medium Value
13529,22-09-2011 09:15,19-05-2011 11:50,2,307.76,74,79,125,153.88,283.6031,Low Value
13530,15-03-2010 14:10,15-03-2010 14:10,1,402.98,272,634,0,402.98,404.63403,Low Value
13531,18-05-2011 16:56,03-12-2009 15:20,6,1433.07,497,205,531,238.845,1205.6947,Medium Value
13532,06-11-2011 12:25,06-11-2011 12:25,1,210.31,129,34,0,210.31,213.2137,Low Value
13533,10-06-2011 11:54,17-03-2011 12:47,3,269.09,202,183,84,89.69666667,321.26495,Low Value
13534,07-12-2011 14:52,07-07-2010 15:00,35,7720.9,3869,2,517,220.5971429,8822.2705,High Value
13535,02-11-2010 11:49,02-11-2010 11:49,1,89.5,10,403,0,89.5,82.6925,Low Value
13536,08-12-2011 16:38,25-09-2011 13:30,7,3444.39,2126,1,74,492.0557143,3284.8567,Medium Value
13537,10-10-2010 12:45,14-09-2010 10:41,2,717.85,337,426,26,358.925,708.1052,Low Value
13538,27-10-2011 16:34,02-02-2010 12:47,12,3103.13,959,43,632,258.5941667,2915.809,Medium Value
13539,15-09-2011 10:18,28-04-2010 12:04,7,1569.36,710,86,504,224.1942857,1484.6218,Medium Value
13540,29-08-2010 14:20,22-02-2010 09:22,3,632.39,189,467,188,210.7966667,483.66473,Low Value
13541,08-10-2010 16:37,18-05-2010 16:15,2,785.25,279,427,143,392.625,666.9533,Low Value
13542,28-11-2010 11:24,10-12-2009 19:53,17,3959.49,804,377,352,232.9111765,3287.647,Medium Value
13543,15-03-2010 13:34,21-01-2010 14:30,2,1439.61,329,634,52,719.805,1187.1364,Medium Value
13544,31-10-2011 11:57,05-03-2010 11:31,6,790.2,331,40,605,131.7,797.1711,Low Value
13545,14-11-2010 11:27,13-06-2010 11:49,2,364.93,252,391,153,182.465,361.24536,Low Value
13546,27-11-2011 14:50,11-10-2010 17:23,5,1086.24,587,12,411,217.248,1072.9615,Medium Value
13547,27-10-2010 14:14,27-10-2010 14:14,1,167.08,79,408,0,167.08,158.05597,Low Value
13548,04-09-2011 14:50,25-08-2010 13:44,3,901.44,558,96,375,300.48,894.7759,Medium Value
13549,14-11-2011 09:20,17-11-2010 12:17,8,1005.8,554,26,361,125.725,1072.979,Medium Value
13550,21-11-2010 15:24,21-11-2010 15:24,1,342.55,430,383,0,342.55,436.16992,Low Value
13551,24-01-2011 14:46,11-02-2010 15:01,2,244.2,36,319,346,122.1,236.21922,Low Value
13552,04-10-2011 15:19,19-02-2010 13:28,22,6948.92,2630,66,592,315.86,6995.7944,High Value
13553,03-02-2010 12:21,03-02-2010 12:21,1,499.6,201,675,0,499.6,486.949,Low Value
13554,24-11-2010 15:05,19-09-2010 12:39,7,1629.35,578,380,66,232.7642857,1389.0972,Medium Value
13555,27-09-2011 12:36,19-01-2010 13:20,13,8891.84,4762,74,615,683.9876923,8708.176,High Value
13556,06-10-2010 16:44,30-09-2010 09:01,2,200.82,134,429,6,100.41,180.48112,Low Value
13557,11-11-2011 15:24,08-12-2009 17:41,13,3032.26,2398,28,702,233.2507692,3149.0264,Medium Value
13558,04-12-2011 11:24,02-10-2011 13:01,4,594.52,338,6,62,148.63,615.9306,Low Value
13559,15-07-2010 09:52,14-06-2010 11:52,2,990,360,513,30,495,924.7071,Medium Value
13560,02-12-2011 13:11,02-12-2011 13:11,1,171.42,63,7,0,171.42,173.79178,Low Value
13561,08-05-2011 12:39,28-02-2010 13:42,11,1803.4,1125,216,433,163.9454545,1693.2133,Medium Value
13562,19-09-2011 10:51,14-01-2010 16:33,8,4838.18,1603,82,612,604.7725,4403.6196,Medium Value
13563,16-09-2011 14:45,22-07-2011 17:21,2,777.53,209,84,55,388.765,632.04,Low Value
13564,18-07-2011 14:33,02-12-2009 11:55,37,16498.97,8878,144,593,445.9181081,16132.9375,High Value
13565,20-11-2011 14:33,24-10-2010 15:51,3,414.8,260,19,391,138.2666667,421.48248,Low Value
13566,30-10-2011 11:59,10-03-2010 12:22,5,1688.6,1257,41,598,337.72,1736.692,Medium Value
13567,07-10-2010 12:51,16-06-2010 12:48,4,1079.29,643,428,113,269.8225,1157.0483,Medium Value
13568,19-06-2011 14:42,19-06-2011 14:42,1,187.05,66,173,0,187.05,188.87389,Low Value
13569,22-11-2011 13:07,07-10-2010 13:05,4,726.54,345,17,411,181.635,716.5011,Low Value
13570,10-04-2011 13:36,10-04-2011 13:36,1,239.49,161,243,0,239.49,244.20036,Low Value
13571,27-11-2011 10:47,08-12-2009 13:02,26,4537.26,3191,13,718,174.51,4993.144,Medium Value
13572,18-05-2011 11:59,18-05-2011 11:59,1,1384.25,534,206,0,1384.25,1306.9462,Medium Value
13573,20-10-2011 14:33,12-03-2010 16:06,6,904.52,647,50,586,150.7533333,1128.6238,Medium Value
13574,24-10-2010 13:28,24-10-2010 13:28,1,404.45,304,411,0,404.45,448.16275,Low Value
13575,16-11-2011 13:14,16-06-2011 14:24,5,732.07,449,23,152,146.414,805.4329,Low Value
13576,29-11-2011 15:34,08-12-2009 15:12,28,11202.59,4506,10,721,400.0925,10760.842,High Value
13577,14-11-2011 15:19,14-12-2009 16:10,11,3489.28,1661,25,699,317.2072727,3505.742,Medium Value
13578,26-10-2010 13:44,26-10-2010 13:44,1,147.66,127,409,0,147.66,157.71541,Low Value
13579,25-11-2011 08:41,18-02-2010 13:53,5,1374.34,718,15,644,274.868,1319.4766,Medium Value
13580,29-10-2010 15:01,29-10-2010 15:01,1,107.75,45,406,0,107.75,98.262115,Low Value
13581,03-02-2011 14:41,21-10-2010 16:30,2,280.53,119,309,104,140.265,264.7851,Low Value
13582,15-11-2010 11:34,01-04-2010 11:38,2,241.68,106,390,227,120.84,236.21922,Low Value
13583,07-07-2011 10:40,29-01-2010 13:53,2,1445.031,1097,156,523,722.5155,1557.5265,Medium Value
13584,06-02-2011 12:49,02-02-2010 08:40,3,385.7,360,307,369,128.5666667,499.29144,Low Value
13585,27-06-2010 12:33,01-12-2009 14:56,3,684.54,1386,531,207,228.18,1049.2142,Medium Value
13586,16-06-2010 13:47,16-06-2010 13:47,1,127.28,38,541,0,127.28,117.10804,Low Value
13587,07-10-2011 12:31,14-02-2010 13:17,4,1673.5,664,64,599,418.375,1552.2437,Medium Value
13588,24-11-2011 10:42,29-03-2011 15:53,9,2478.95,2606,16,239,275.4388889,2523.1338,Medium Value
13589,25-11-2011 12:10,06-12-2009 10:26,6,1120.74,293,15,719,186.79,900.64197,Medium Value
13590,28-11-2011 12:54,01-12-2009 13:37,18,6336.04,5271,11,726,352.0022222,6733.8247,High Value
13591,06-10-2011 12:26,14-12-2009 15:44,7,2093.94,850,65,660,299.1342857,1912.1112,Medium Value
13592,04-11-2011 09:49,20-03-2011 14:01,4,247.96,84,36,228,61.99,309.87866,Low Value
13593,23-08-2011 13:35,02-03-2010 16:36,14,5493.29,2170,108,538,392.3778571,5208.602,Medium Value
13594,18-10-2011 10:19,11-08-2010 10:23,2,533.32,396,53,432,266.66,601.93854,Low Value
13595,11-07-2010 12:36,03-03-2010 14:42,3,784.48,341,517,129,261.4933333,727.79266,Low Value
13596,04-12-2011 12:01,27-11-2011 11:57,2,664.11,384,6,7,332.055,644.2384,Low Value
13597,04-11-2010 14:54,02-11-2010 09:30,2,396.71,231,400,2,198.355,298.73157,Low Value
13598,23-10-2011 14:28,26-02-2010 11:22,5,761.96,393,47,604,152.392,759.1478,Low Value
13599,08-12-2011 16:10,01-12-2009 12:30,33,9811.04,6248,1,737,297.3042424,10427.204,High Value
13600,31-01-2011 15:27,15-03-2010 17:16,2,518.42,599,312,321,259.21,698.9367,Low Value
13601,25-10-2011 17:31,11-06-2010 15:03,4,1159.99,957,45,501,289.9975,1302.7064,Medium Value
13602,06-10-2011 11:47,28-05-2010 11:49,4,1025.17,538,65,495,256.2925,1054.9067,Medium Value
13603,13-11-2011 15:57,13-11-2011 15:57,1,164.34,164,26,0,164.34,158.05597,Low Value
13604,19-02-2010 12:02,19-02-2010 12:02,1,717.62,242,659,0,717.62,652.53925,Low Value
13605,17-11-2010 17:16,17-05-2010 15:46,2,522.67,425,387,184,261.335,650.3231,Low Value
13606,10-11-2011 17:46,01-02-2011 11:42,3,276.75,276,29,282,92.25,356.17828,Low Value
13607,30-10-2011 16:17,02-11-2010 11:48,2,1075.81,466,40,362,537.905,1019.679,Medium Value
13608,17-06-2010 12:28,17-06-2010 12:28,1,232.05,110,541,0,232.05,244.20036,Low Value
13609,25-04-2010 13:26,25-04-2010 13:26,1,167.35,19,593,0,167.35,158.05597,Low Value
13610,27-11-2011 15:38,05-01-2010 14:12,14,2103.71,869,12,691,150.265,2037.9908,Medium Value
13611,11-09-2011 14:51,03-12-2009 07:57,10,3297.93,1988,89,647,329.793,3281.1213,Medium Value
13612,17-03-2010 12:14,17-03-2010 12:14,1,818.29,444,633,0,818.29,853.9417,Low Value
13613,13-09-2010 12:01,17-02-2010 12:40,5,1039.85,445,453,207,207.97,989.52356,Medium Value
13614,15-11-2011 14:47,06-06-2010 13:42,6,2332.74,821,24,527,388.79,2051.5664,Medium Value
13615,25-01-2011 08:21,28-01-2010 15:43,8,6272.53,2910,319,361,784.06625,5843.1274,High Value
13616,20-05-2010 12:59,17-01-2010 14:56,2,283.85,172,568,122,141.925,264.7851,Low Value
13617,30-10-2011 13:50,01-08-2010 15:23,8,1278.75,593,40,454,159.84375,1218.0614,Medium Value
13618,19-06-2011 11:09,19-06-2011 11:09,1,177.34,246,174,0,177.34,226.35931,Low Value
13619,13-06-2010 11:39,03-02-2010 14:16,2,224.94,79,545,129,112.47,236.21922,Low Value
13620,29-06-2010 15:02,29-06-2010 15:02,1,112.34,74,528,0,112.34,103.77736,Low Value
13621,15-08-2011 08:26,15-08-2011 08:26,1,213.85,343,117,0,213.85,333.40475,Low Value
13622,12-01-2010 13:22,12-01-2010 13:22,1,658.95,379,696,0,658.95,660.2593,Low Value
13623,09-11-2011 12:00,02-12-2009 13:57,10,2533.06,1010,31,706,253.306,2381.1558,Medium Value
13624,16-11-2010 13:43,16-11-2010 13:43,1,462.08,820,388,0,462.08,738.1601,Low Value
13625,22-04-2010 10:50,22-04-2010 10:50,1,301.26,144,597,0,301.26,313.40213,Low Value
13626,01-04-2011 10:05,25-11-2010 16:12,2,707.04,398,253,126,353.52,700.6255,Low Value
13627,11-10-2011 14:20,09-03-2010 14:03,7,2245.9,1632,59,581,320.8428571,2262.6614,Medium Value
13628,01-02-2010 14:44,01-02-2010 14:44,1,310.14,106,676,0,310.14,309.68695,Low Value
13629,16-11-2011 13:21,11-02-2010 17:34,19,13370.86,7722,23,642,703.7294737,13668.938,High Value
13630,04-12-2011 15:16,27-02-2011 12:49,7,2031.78,1391,5,280,290.2542857,2083.0247,Medium Value
13631,01-09-2011 09:57,17-03-2011 17:13,11,3070.42,467,100,167,279.1290909,2504.215,Medium Value
13632,15-11-2011 10:51,07-04-2010 10:59,8,3645.81,1633,25,586,455.72625,3581.307,Medium Value
13634,06-11-2011 13:40,10-01-2010 14:26,16,5033.77,2090,33,664,314.610625,4605.2207,Medium Value
13635,03-10-2011 10:55,01-12-2009 09:46,4,2999.16,1884,68,671,749.79,3226.714,Medium Value
13636,03-11-2011 10:30,27-02-2011 14:29,5,949.12,592,37,248,189.824,1012.9894,Medium Value
13637,18-10-2011 13:32,27-04-2011 13:06,3,804.3,405,52,174,268.1,751.38617,Low Value
13638,24-11-2011 10:38,24-11-2011 10:38,1,122.64,93,16,0,122.64,110.33144,Low Value
13639,26-09-2011 13:36,29-09-2010 10:05,2,1346.27,997,74,362,673.135,1539.2623,Medium Value
13640,07-04-2010 15:33,07-04-2010 15:33,1,405,108,611,0,405,369.72076,Low Value
13641,09-03-2010 07:37,05-12-2009 13:17,5,1016.47,1098,641,93,203.294,1187.4446,Medium Value
13642,08-05-2011 12:34,03-10-2010 12:23,4,472.2,231,216,217,118.05,439.57394,Low Value
13643,08-11-2011 15:37,08-12-2009 12:48,10,2156.77,902,31,700,215.677,2119.0618,Medium Value
13644,23-11-2011 14:07,26-08-2011 11:53,4,2624.26,2067,16,89,656.065,2725.35,Medium Value
13645,11-08-2011 16:11,11-08-2011 16:11,1,252.1,158,120,0,252.1,295.84167,Low Value
13646,05-11-2010 12:13,05-11-2010 12:00,2,326.25,79,400,0,163.125,262.66083,Low Value
13647,30-11-2011 12:00,15-04-2010 12:55,8,3041.68,1795,10,593,380.21,3162.9707,Medium Value
13648,04-11-2010 14:46,01-12-2009 18:13,8,1764.02,960,400,337,220.5025,1764.8173,Medium Value
13649,28-03-2011 11:51,30-06-2010 16:35,6,1453.68,782,257,270,242.28,1453.4841,Medium Value
13650,23-11-2011 12:22,26-01-2010 08:44,10,3288,1746,17,666,328.8,3198.647,Medium Value
13651,04-11-2011 14:59,23-11-2010 09:44,3,226.85,62,35,346,75.61666667,298.10046,Low Value
13652,25-10-2011 08:51,25-02-2010 17:37,5,2262.05,1458,46,606,452.41,2256.4302,Medium Value
13653,09-08-2010 08:19,09-08-2010 08:19,1,152.2,72,488,0,152.2,157.71541,Low Value
13654,27-10-2011 16:24,02-12-2009 11:43,11,6308,4762,43,694,573.4545455,6105.282,High Value
13655,17-08-2011 14:25,27-04-2010 09:59,6,2280.51,1225,114,477,380.085,2232.4358,Medium Value
13656,28-06-2011 10:31,23-04-2010 12:50,4,1078.85,862,165,430,269.7125,1216.5707,Medium Value
13657,29-11-2011 12:32,22-05-2011 12:35,2,382.14,209,11,190,191.07,326.33203,Low Value
13658,30-11-2011 10:13,05-02-2010 13:17,9,6025.5,2171,10,662,669.5,5619.829,High Value
13659,18-05-2011 12:37,17-02-2010 09:05,12,4884.68,2527,206,455,407.0566667,4625.987,Medium Value
13660,04-11-2010 16:10,04-11-2010 16:10,1,306.64,136,400,0,306.64,309.68695,Low Value
13661,15-04-2010 14:58,15-04-2010 14:58,1,325.24,118,603,0,325.24,323.5174,Low Value
13662,15-09-2011 12:04,19-02-2010 13:21,11,2233.61,1169,86,572,203.0554545,2137.3223,Medium Value
13663,13-06-2011 15:44,03-03-2010 10:11,5,2047.51,893,179,467,409.502,2021.119,Medium Value
13665,18-11-2010 13:06,23-07-2010 13:29,3,1711.66,1652,386,117,570.5533333,2117.2527,Medium Value
13666,10-10-2011 15:39,04-12-2009 10:48,5,127.9,54,60,675,25.58,371.23138,Low Value
13667,13-07-2011 15:42,13-07-2011 15:42,1,299.05,149,149,0,299.05,313.40213,Low Value
13668,07-12-2011 12:11,11-12-2009 14:28,35,12948.48,6096,3,725,369.9565714,13031.669,High Value
13669,20-10-2011 09:32,28-10-2010 15:05,3,413.55,393,51,356,137.85,498.3477,Low Value
13670,25-09-2011 15:25,25-09-2011 15:25,1,349.7,282,75,0,349.7,381.6891,Low Value
13671,10-11-2010 10:50,10-11-2010 10:50,1,172.6,95,395,0,172.6,173.79178,Low Value
13672,11-02-2011 13:53,09-12-2009 11:40,3,419.92,138,301,429,139.9733333,397.77798,Low Value
13673,21-11-2011 12:11,07-11-2011 15:40,2,387.44,114,19,13,193.72,326.33203,Low Value
13674,03-10-2010 10:41,03-10-2010 10:41,1,240.68,102,433,0,240.68,244.20036,Low Value
13675,11-07-2011 12:57,28-02-2011 12:14,2,486.82,330,151,133,243.41,544.2191,Low Value
13676,18-06-2010 17:30,30-03-2010 16:53,2,243.9,104,539,80,121.95,236.21922,Low Value
13677,31-10-2010 11:32,07-07-2010 17:25,2,551.24,217,405,115,275.62,469.0603,Low Value
13678,11-07-2011 10:14,11-07-2011 10:14,1,232.6,924,152,0,232.6,647.48944,Low Value
13679,03-08-2010 12:13,04-12-2009 16:52,3,281.26,102,494,241,93.75333333,327.8175,Low Value
13680,08-12-2011 13:47,04-12-2009 14:14,12,11419.67,5244,1,733,951.6391667,11157.761,High Value
13681,22-11-2011 11:13,07-07-2011 15:21,4,827.83,360,18,137,206.9575,755.222,Low Value
13682,05-06-2011 14:06,05-06-2011 14:06,1,59.5,10,187,0,59.5,70.265274,Low Value
13683,08-09-2010 10:00,08-09-2010 10:00,1,258.6,180,458,0,258.6,317.09323,Low Value
13684,27-02-2011 10:13,28-03-2010 14:48,4,594.88,234,286,335,148.72,496.9264,Low Value
13685,07-12-2011 11:41,10-10-2011 12:59,7,3119.44,5056,3,57,445.6342857,3947.6682,Medium Value
13686,10-06-2011 09:10,03-11-2010 13:44,3,409.04,378,183,218,136.3466667,498.3477,Low Value
13687,27-09-2010 16:30,27-09-2010 16:30,1,11880.84,87167,438,0,11880.84,11807.099,High Value
13688,14-03-2010 14:11,14-03-2010 14:11,1,375.5,130,635,0,375.5,364.80472,Low Value
13689,07-10-2011 13:21,21-09-2010 10:27,2,1259.5,722,63,381,629.75,1195.9425,Medium Value
13690,11-10-2011 15:03,11-10-2011 15:03,1,172.25,67,59,0,172.25,173.79178,Low Value
13691,08-11-2010 17:34,08-11-2010 17:34,1,212.78,145,396,0,212.78,234.4651,Low Value
13692,15-11-2011 11:17,15-10-2010 13:28,5,3114.4,2101,25,395,622.88,3099.3816,Medium Value
13693,30-11-2010 18:21,07-12-2009 11:29,9,2011.82,880,374,358,223.5355556,1830.3927,Medium Value
13694,06-12-2011 09:32,04-12-2009 15:26,143,195640.69,188201,4,731,1368.116713,195561.55,High Value
13695,08-11-2011 14:26,11-05-2010 11:07,16,2770.73,1791,31,546,173.170625,2753.7725,Medium Value
13696,14-10-2010 09:44,11-02-2010 14:17,3,2020.4,552,422,244,673.4666667,1652.092,Medium Value
13697,01-11-2011 09:14,01-11-2011 09:14,1,151.3,177,39,0,151.3,157.71541,Low Value
13698,22-04-2010 11:52,27-01-2010 09:02,2,451.73,227,597,85,225.865,381.65845,Low Value
13699,07-07-2011 16:51,07-06-2010 13:03,2,764.15,219,155,395,382.075,626.3621,Low Value
13700,13-11-2011 13:00,07-02-2010 10:53,13,2596.97,2786,26,644,199.7669231,2466.2427,Medium Value
13701,19-09-2010 12:39,19-09-2010 12:39,1,161,80,447,0,161,158.05597,Low Value
13702,20-09-2010 11:40,20-09-2010 11:40,1,135.18,74,446,0,135.18,127.68856,Low Value
13703,25-01-2011 13:10,20-10-2010 13:11,2,425.56,128,318,96,212.78,371.92322,Low Value
13704,04-12-2011 15:13,12-09-2011 14:40,9,2308.06,1531,5,83,256.4511111,2411.25,Medium Value
13705,02-12-2011 12:32,25-03-2010 17:19,7,1717.19,906,8,616,245.3128571,1801.556,Medium Value
13706,10-02-2011 09:21,23-03-2010 09:18,2,631.17,301,303,324,315.585,628.062,Low Value
13707,17-03-2011 18:03,21-06-2010 11:57,5,3365.86,2210,267,269,673.172,3565.4297,Medium Value
13708,13-03-2011 13:46,13-03-2011 13:46,1,285.33,301,271,0,285.33,419.56775,Low Value
13709,06-12-2011 10:28,11-01-2010 10:40,18,7571.35,4122,4,693,420.6305556,7744.799,High Value
13710,08-11-2011 08:16,06-04-2010 12:54,3,509.52,336,32,580,169.84,570.5798,Low Value
13711,05-05-2011 10:31,15-12-2009 19:04,9,1792.26,819,219,505,199.14,1688.9126,Medium Value
13712,07-04-2011 12:33,08-04-2010 11:16,2,766.42,1128,247,364,383.21,903.80853,Medium Value
13713,27-10-2010 16:18,05-05-2010 16:48,3,740.76,284,408,174,246.92,622.4053,Low Value
13714,31-08-2010 13:57,31-08-2010 13:57,1,161.35,50,465,0,161.35,158.05597,Low Value
13715,03-03-2011 19:21,11-03-2010 15:33,17,8153.04,4800,281,357,479.5905882,7969.733,High Value
13716,15-03-2011 13:49,15-03-2011 13:49,1,138.28,138,269,0,138.28,127.68856,Low Value
13717,07-11-2011 14:13,11-08-2010 09:40,8,1763.3,2144,32,453,220.4125,2072.783,Medium Value
13718,07-04-2011 13:24,17-02-2011 11:58,2,306.55,173,246,49,153.275,283.6031,Low Value
13719,24-11-2011 15:26,17-05-2010 14:36,11,2783.08,1588,15,556,253.0072727,2852.8489,Medium Value
13720,15-08-2011 12:46,30-03-2011 09:17,4,799.9,501,117,138,199.975,784.6627,Low Value
13721,03-11-2011 14:05,09-11-2010 17:59,2,741.54,512,36,358,370.77,868.4481,Low Value
13722,31-07-2011 12:44,03-03-2010 14:13,10,5635.41,3059,132,514,563.541,5591.5977,High Value
13723,06-05-2011 17:04,07-04-2010 14:32,6,1194.08,593,217,394,199.0133333,1129.9503,Medium Value
13724,12-03-2010 15:28,12-03-2010 15:28,1,213.01,130,637,0,213.01,234.4651,Low Value
13725,21-10-2011 10:03,04-02-2011 12:18,8,1980.56,806,50,258,247.57,1682.4608,Medium Value
13726,01-11-2011 10:49,31-08-2011 11:06,2,1079.66,1054,39,61,539.83,1269.4882,Medium Value
13727,11-11-2011 09:46,09-12-2009 13:25,8,1074.15,368,29,701,134.26875,973.0144,Medium Value
13728,03-11-2011 10:49,09-12-2009 17:13,16,2855.17,1269,37,693,178.448125,2770.1907,Medium Value
13729,30-09-2010 10:44,24-01-2010 14:57,3,724.73,419,436,248,241.5766667,710.4228,Low Value
13730,27-07-2011 08:35,01-07-2011 12:47,2,752.6,488,136,25,376.3,802.3152,Low Value
13731,04-05-2011 14:33,07-04-2011 10:10,2,610.59,278,219,27,305.295,531.12317,Low Value
13732,11-11-2011 15:49,11-11-2011 15:49,1,491.86,498,28,0,491.86,591.15497,Low Value
13733,25-10-2010 12:18,04-12-2009 15:28,2,487.03,335,411,324,243.515,544.2191,Low Value
13734,19-07-2010 12:04,16-04-2010 08:42,4,6695.69,302,509,94,1673.9225,6580.2554,High Value
13735,15-11-2011 11:14,13-12-2009 13:31,13,9762.77,4135,25,701,750.9823077,9003.145,High Value
13736,04-12-2011 15:19,06-12-2009 12:07,7,2752.47,1549,5,728,393.21,2864.7722,Medium Value
13737,23-05-2011 16:32,23-05-2011 16:32,1,339.6,125,200,0,339.6,350.98447,Low Value
13738,08-11-2010 15:23,08-11-2010 15:23,1,434.78,237,396,0,434.78,450.63373,Low Value
13739,21-11-2011 13:35,30-06-2010 10:25,2,292.2,76,18,509,146.1,264.7851,Low Value
13740,13-04-2011 10:32,02-12-2009 12:22,5,1582.77,987,241,496,316.554,1536.5571,Medium Value
13741,29-09-2011 09:19,06-05-2011 13:43,3,668.43,218,72,145,222.81,504.9162,Low Value
13742,23-11-2011 11:07,23-01-2011 14:59,12,3107.87,1115,17,303,258.9891667,2807.7812,Medium Value
13743,07-12-2011 10:09,25-03-2011 14:46,7,1341.6,1776,3,256,191.6571429,1555.3776,Medium Value
13744,05-09-2011 15:19,20-02-2011 14:08,2,1080.52,1153,95,197,540.26,1212.6849,Medium Value
13745,30-06-2011 16:43,11-06-2010 17:19,2,777.36,1146,162,383,388.68,957.31396,Medium Value
13746,22-10-2010 11:55,22-10-2010 11:55,1,176.69,83,414,0,176.69,191.44595,Low Value
13747,01-12-2010 10:37,11-10-2010 09:15,2,169.8,60,374,51,84.9,197.71426,Low Value
13748,05-09-2011 09:45,01-12-2009 16:44,9,2064.35,1028,96,642,229.3722222,2084.298,Medium Value
13750,17-10-2011 12:16,01-04-2010 14:49,11,3602.18,1370,54,563,327.4709091,3409.1357,Medium Value
13751,24-02-2011 15:56,24-02-2011 15:56,1,296.25,152,288,0,296.25,313.40213,Low Value
13752,07-08-2011 14:16,30-06-2010 10:23,7,1579.83,1005,124,403,225.69,1706.689,Medium Value
13753,25-02-2011 12:48,03-12-2009 10:20,4,2094.57,1450,288,449,523.6425,2239.6252,Medium Value
13754,11-07-2011 11:51,28-09-2010 15:29,3,447.05,315,152,285,149.0166667,528.3745,Low Value
13755,06-12-2011 12:26,07-10-2011 15:45,9,2108.06,1242,4,59,234.2288889,2189.2844,Medium Value
13756,07-12-2011 16:44,15-12-2009 15:18,23,8655.95,5138,2,722,376.3456522,8888.941,High Value
13757,03-02-2010 12:37,03-02-2010 12:37,1,195.55,54,675,0,195.55,188.87389,Low Value
13758,28-11-2011 11:11,01-12-2009 10:06,15,8698.13,4667,12,727,579.8753333,8144.612,High Value
13759,06-11-2011 14:47,29-09-2011 15:40,2,659.41,287,33,37,329.705,615.7692,Low Value
13760,16-10-2011 16:13,25-04-2010 13:10,5,1363.64,623,54,539,272.728,1319.4766,Medium Value
13761,20-10-2011 14:01,21-02-2010 11:08,6,1952.17,1079,50,606,325.3616667,1940.6191,Medium Value
13762,05-05-2011 09:15,10-01-2010 12:13,5,2472.48,2608,219,479,494.496,3086.12,Medium Value
13763,07-10-2011 15:13,30-09-2010 17:39,3,5217.44,3224,63,371,1739.146667,5111.4395,Medium Value
13764,30-09-2011 12:03,07-03-2010 12:56,6,2919.62,2084,71,571,486.6033333,3029.7441,Medium Value
13765,24-02-2010 13:46,24-02-2010 13:46,1,352.821,297,653,0,352.821,386.2537,Low Value
13766,01-08-2010 14:25,01-08-2010 14:25,1,190.35,137,495,0,190.35,188.87389,Low Value
13767,07-12-2011 15:00,01-12-2009 10:52,73,33903.57,14595,2,736,464.4324658,33373.336,High Value
13768,13-12-2009 10:41,09-12-2009 10:25,2,875.97,373,727,4,437.985,774.71045,Low Value
13769,07-12-2011 15:08,16-12-2009 11:59,20,5478.12,2452,2,721,273.906,5569.352,High Value
13770,13-10-2010 15:10,09-12-2009 14:44,4,785.37,468,422,308,196.3425,784.6627,Low Value
13771,06-10-2011 14:18,25-02-2010 12:37,9,5728.82,3140,64,588,636.5355556,5406.89,Medium Value
13772,06-11-2011 11:43,23-02-2010 13:55,8,3100.02,1446,34,620,387.5025,3120.2427,Medium Value
13773,08-11-2010 11:49,18-02-2010 10:27,2,301.54,174,397,263,150.77,283.6031,Low Value
13774,19-09-2011 12:06,19-09-2011 12:06,1,345,192,82,0,345,350.98447,Low Value
13775,28-04-2010 12:15,28-04-2010 12:15,1,1049.66,455,591,0,1049.66,976.92194,Medium Value
13776,07-10-2010 16:11,07-10-2010 16:07,2,623.98,2,428,0,311.99,476.19028,Low Value
13777,09-12-2011 12:25,02-12-2009 09:47,61,49638.26,23190,1,737,813.7419672,50397.71,High Value
13778,28-08-2011 15:25,23-05-2010 13:34,4,1124.49,511,103,462,281.1225,1107.6173,Medium Value
13779,12-07-2010 11:24,12-07-2010 11:24,1,161.13,53,516,0,161.13,158.05597,Low Value
13780,02-12-2011 13:49,28-10-2010 19:51,3,732.07,479,7,399,244.0233333,758.3661,Low Value
13781,03-04-2011 12:08,18-12-2009 15:46,3,778.83,300,251,470,259.61,727.79266,Low Value
13782,27-11-2011 11:54,06-12-2009 12:52,13,1786.08,643,13,720,137.3907692,1604.6669,Medium Value
13783,09-08-2010 09:23,04-02-2010 13:47,4,1542.09,3437,488,185,385.5225,2208.7312,Medium Value
13784,30-11-2011 09:33,15-09-2010 12:27,14,2910.23,2827,10,440,207.8735714,3208.341,Medium Value
13785,07-10-2010 09:25,05-09-2010 16:01,4,542.49,151,429,31,135.6225,466.89954,Low Value
13786,07-12-2010 13:53,03-12-2009 15:32,6,3127.99,1515,367,368,521.3316667,2806.5127,Medium Value
13787,25-09-2011 12:06,14-01-2010 10:13,6,1222.5,998,76,619,203.75,1350.3931,Medium Value
13788,22-07-2010 15:50,22-07-2010 15:50,1,3.75,1,505,0,3.75,63.282875,Low Value
13789,16-11-2010 15:31,16-11-2010 15:31,1,239.46,258,388,0,239.46,279.1136,Low Value
13790,05-12-2011 15:48,05-12-2011 15:48,1,348.8,748,4,0,348.8,596.87866,Low Value
13791,04-08-2011 11:44,24-06-2011 16:38,2,1516,1200,128,40,758,1686.2523,Medium Value
13792,04-10-2011 14:31,13-10-2010 11:05,3,383.95,156,66,356,127.9833333,371.4976,Low Value
13793,03-03-2010 08:25,03-03-2010 08:25,1,96,52,647,0,96,89.24505,Low Value
13794,11-06-2010 12:30,11-06-2010 12:30,1,126.03,63,547,0,126.03,110.33144,Low Value
13795,16-11-2010 17:25,12-03-2010 12:44,4,836.3,1250,388,249,209.075,1015.9398,Medium Value
13796,28-07-2010 14:45,28-07-2010 14:45,1,289.7,218,499,0,289.7,313.40213,Low Value
13797,29-09-2010 10:34,02-03-2010 12:17,3,1179.45,573,437,210,393.15,1091.8683,Medium Value
13798,08-12-2011 15:51,08-12-2009 16:21,110,75428.87,48187,1,729,685.717,75179.92,High Value
13799,15-08-2011 12:07,05-03-2010 16:39,9,2803.57,1539,117,527,311.5077778,2864.8005,Medium Value
13800,03-02-2011 12:27,03-12-2009 10:03,3,1679.56,891,310,427,559.8533333,1707.1261,Medium Value
13801,04-10-2011 10:15,04-10-2011 10:15,1,324.8,168,67,0,324.8,323.5174,Low Value
13802,24-07-2011 10:54,16-02-2010 10:11,19,26259.11,14129,139,523,1382.058421,26390.945,High Value
13803,29-03-2011 12:57,31-03-2010 10:00,3,1338.91,831,255,363,446.3033333,1326.0537,Medium Value
13804,09-11-2011 12:32,29-09-2010 10:26,9,3161.12,1797,31,406,351.2355556,3105.491,Medium Value
13805,18-10-2011 14:50,02-08-2011 15:29,2,924.6,1900,52,76,462.3,1217.9458,Medium Value
13806,07-10-2011 11:43,07-10-2011 11:43,1,256.38,56,64,0,256.38,317.09323,Low Value
13807,07-12-2010 15:48,04-12-2009 12:41,3,422.2,116,367,368,140.7333333,397.77798,Low Value
13808,04-12-2011 12:18,04-09-2011 12:07,5,1747.66,782,6,91,349.532,1540.121,Medium Value
13809,07-02-2011 13:15,05-09-2010 11:42,3,679.7,281,305,155,226.5666667,549.5647,Low Value
13810,11-11-2011 08:33,14-10-2011 12:57,3,1499.01,312,29,27,499.67,1220.5966,Medium Value
13811,09-06-2011 09:54,14-04-2011 18:40,3,814.5,68,184,55,271.5,603.9121,Low Value
13812,28-10-2011 14:27,26-08-2011 12:54,3,539,333,42,63,179.6666667,588.2339,Low Value
13813,31-10-2011 10:38,06-12-2009 10:16,8,2765.47,1292,40,694,345.68375,2765.7092,Medium Value
13814,08-09-2011 13:48,30-06-2010 14:12,3,2257.32,1214,92,434,752.44,2334.5132,Medium Value
13815,17-11-2011 14:19,12-02-2010 10:26,8,7475.74,5381,22,643,934.4675,8805.772,High Value
13816,16-11-2011 08:38,06-10-2011 14:37,2,571.67,269,24,40,285.835,514.97864,Low Value
13817,10-11-2011 17:49,23-12-2010 11:46,2,382.98,211,29,322,191.49,326.33203,Low Value
13818,06-10-2010 12:35,06-10-2010 12:35,1,61.28,60,430,0,61.28,70.265274,Low Value
13819,11-02-2011 10:38,01-12-2009 16:18,6,2642.35,2309,302,436,440.3916667,2911.1821,Medium Value
13820,17-10-2010 13:46,28-01-2010 12:26,3,652.75,285,418,262,217.5833333,590.3577,Low Value
13821,18-07-2011 09:49,04-01-2010 13:36,6,1379.08,477,145,559,229.8466667,1205.6947,Medium Value
13822,04-12-2011 12:13,30-10-2011 15:55,2,632,611,6,34,316,691.39526,Low Value
13823,21-11-2011 10:22,15-12-2009 14:34,7,3403.45,1564,19,705,486.2071429,3370.4375,Medium Value
13824,07-11-2011 12:41,12-03-2010 15:17,12,3314.76,1442,33,604,276.23,3173.6309,Medium Value
13825,28-03-2010 11:02,09-12-2009 14:30,2,255.59,182,622,108,127.795,242.99582,Low Value
13826,16-06-2011 13:48,16-06-2011 13:48,1,189.5,82,176,0,189.5,188.87389,Low Value
13827,13-10-2011 12:38,19-07-2011 15:38,3,409.8,138,58,85,136.6,386.56915,Low Value
13828,17-11-2011 16:02,17-11-2011 16:02,1,209.49,311,22,0,209.49,312.1534,Low Value
13829,14-10-2010 18:19,14-10-2010 18:19,1,102,12,421,0,102,89.24505,Low Value
13830,07-05-2010 12:24,07-05-2010 12:24,1,156.85,47,582,0,156.85,158.05597,Low Value
13831,23-11-2011 15:41,10-12-2009 14:50,18,6585.54,2393,16,713,365.8633333,6798.6226,High Value
13832,20-11-2011 15:36,13-10-2010 14:41,2,609.89,420,19,403,304.945,667.4199,Low Value
13833,03-07-2011 13:27,31-10-2010 14:11,2,700.41,243,159,244,350.205,611.2675,Low Value
13834,12-05-2010 10:27,08-02-2010 12:52,2,324.19,221,577,92,162.095,283.94366,Low Value
13835,14-11-2011 15:37,04-03-2010 08:26,7,1095.27,520,25,620,156.4671429,1121.0085,Medium Value
13836,05-11-2010 13:31,21-10-2010 13:27,2,620.37,273,399,15,310.185,538.70404,Low Value
13837,12-05-2011 12:10,26-01-2011 12:15,2,266.59,182,212,105,133.295,253.57635,Low Value
13838,04-12-2011 11:00,09-05-2010 11:40,10,1690.07,694,6,573,169.007,1543.2118,Medium Value
13839,10-08-2010 13:52,10-08-2010 13:52,1,139.95,25,486,0,139.95,138.89738,Low Value
13840,19-10-2010 13:34,19-10-2010 13:34,1,651.4,358,416,0,651.4,667.7271,Low Value
13841,01-04-2011 12:10,01-04-2011 12:10,1,85,100,253,0,85,78.87771,Low Value
13842,12-10-2011 10:51,16-02-2010 15:54,18,5319.34,2716,59,602,295.5188889,5306.589,Medium Value
13843,23-11-2010 17:48,23-11-2010 17:48,1,319.75,145,381,0,319.75,309.68695,Low Value
13844,28-11-2011 13:21,28-11-2011 13:21,1,361.62,196,11,0,361.62,346.5927,Low Value
13845,06-10-2011 08:25,06-10-2011 08:25,1,312.98,182,65,0,312.98,309.68695,Low Value
13846,15-11-2011 12:07,05-11-2010 09:47,4,1307.79,705,25,375,326.9475,1298.418,Medium Value
13847,20-12-2009 10:41,20-12-2009 10:41,1,310.72,96,720,0,310.72,309.68695,Low Value
13848,08-09-2011 12:58,09-12-2009 16:17,8,3015,9200,92,637,376.875,2649.8755,Medium Value
13849,19-10-2011 10:59,25-03-2010 12:03,5,3469.3,1883,52,572,693.86,3366.599,Medium Value
13850,02-08-2011 14:04,02-08-2011 14:04,1,1595.48,944,129,0,1595.48,1684.7338,Medium Value
13851,05-09-2011 12:36,29-01-2010 11:54,8,4606.46,2525,96,584,575.8075,4512.111,Medium Value
13852,08-04-2010 09:06,08-04-2010 09:06,1,187.35,85,611,0,187.35,188.87389,Low Value
13853,13-10-2011 14:18,13-10-2011 14:18,1,1090.14,312,57,0,1090.14,952.90155,Medium Value
13854,01-12-2011 09:06,08-01-2010 11:28,39,11944.56,3642,9,691,306.2707692,11487.35,High Value
13855,27-07-2010 09:53,08-12-2009 16:56,4,1310.34,575,501,230,327.585,1219.4716,Medium Value
13856,24-06-2011 10:03,30-03-2010 15:40,11,1142.03,1105,169,450,103.8209091,1384.4822,Medium Value
13857,11-11-2010 12:54,17-05-2010 14:21,6,1001.01,782,393,177,166.835,1142.9156,Medium Value
13858,13-10-2011 16:17,13-10-2011 16:17,1,216.17,75,57,0,216.17,234.4651,Low Value
13859,17-01-2011 16:14,28-06-2010 15:36,2,515.86,167,326,203,257.93,454.55136,Low Value
13860,08-12-2011 12:57,14-09-2011 09:27,5,1245.9,591,1,85,249.18,1126.2335,Medium Value
13861,06-10-2010 14:20,27-06-2010 11:37,2,273.26,225,429,101,136.63,253.57635,Low Value
13862,21-11-2011 16:24,15-11-2010 13:43,9,2556.09,1927,18,371,284.01,2745.3472,Medium Value
13863,06-04-2011 10:20,25-04-2010 13:09,4,1239.55,553,248,345,309.8875,1114.6272,Medium Value
13864,18-11-2010 12:50,18-11-2010 12:50,1,662.4,192,387,0,662.4,589.2852,Low Value
13865,12-10-2011 13:31,23-02-2011 12:04,4,501.56,204,58,231,125.39,439.57394,Low Value
13866,26-09-2011 14:54,26-09-2011 14:54,1,145.67,57,74,0,145.67,138.89738,Low Value
13867,08-11-2011 15:48,05-05-2011 17:28,3,1005.09,501,31,186,335.03,975.7075,Medium Value
13868,02-12-2011 16:32,01-11-2011 12:45,2,3192.54,1964,7,31,1596.27,2996.6604,Medium Value
13869,08-08-2011 13:53,17-01-2010 14:53,10,7996.87,4302,123,567,799.687,8005.81,High Value
13870,07-12-2011 13:23,08-02-2010 12:08,15,5712.08,3449,2,667,380.8053333,5676.5117,High Value
13871,17-11-2011 10:49,20-12-2009 13:09,17,7885.85,3502,23,696,463.8735294,7590.485,High Value
13872,30-06-2010 15:35,14-12-2009 09:56,3,919.57,339,527,198,306.5233333,802.7505,Low Value
13873,12-08-2011 10:08,03-03-2010 12:31,8,1038.92,472,120,526,129.865,996.0485,Medium Value
13874,16-12-2010 18:20,04-02-2010 18:39,7,2049.15,864,358,314,292.7357143,1819.7687,Medium Value
13875,17-10-2011 09:36,17-12-2009 10:30,14,4814.37,3072,54,668,343.8835714,4945.6865,Medium Value
13876,07-10-2011 10:22,07-10-2011 10:22,1,122.7,36,64,0,122.7,110.33144,Low Value
13877,14-09-2011 15:49,19-01-2010 10:53,3,449.68,478,86,603,149.8933333,581.26263,Low Value
13878,16-10-2011 12:19,14-04-2010 13:50,4,2416.9,927,55,549,604.225,2167.79,Medium Value
13879,04-03-2010 10:49,04-03-2010 10:49,1,395.5,204,646,0,395.5,369.72076,Low Value
13880,18-11-2011 13:44,26-05-2010 14:29,17,4293.86,2535,21,540,252.58,4442.2075,Medium Value
13881,06-12-2011 12:50,04-03-2010 14:41,43,45179.1,29760,4,641,1050.676744,45097.75,High Value
13882,07-12-2011 11:16,06-10-2011 15:28,5,1191.13,953,3,61,238.226,1357.7888,Medium Value
13883,29-11-2011 10:45,08-12-2009 17:26,15,6560.02,3584,11,720,437.3346667,6211.209,High Value
13884,02-12-2011 16:30,26-08-2010 19:57,10,1825.03,752,7,462,182.503,1683.9077,Medium Value
13885,03-06-2011 15:07,23-05-2011 08:52,2,506.8,182,189,11,253.4,454.55136,Low Value
13886,29-09-2011 13:17,29-09-2011 13:17,1,243.56,126,71,0,243.56,266.51257,Low Value
13887,19-05-2011 17:22,19-05-2011 17:22,1,349.55,147,204,0,349.55,350.98447,Low Value
13888,12-08-2011 10:13,13-05-2010 11:57,7,2001.59,795,120,455,285.9414286,1740.9578,Medium Value
13889,08-09-2011 09:13,22-01-2010 14:32,6,1991.23,979,93,593,331.8716667,1957.7911,Medium Value
13890,08-12-2011 15:36,06-12-2009 15:15,14,2927.38,1392,1,732,209.0985714,2859.7397,Medium Value
13891,26-11-2010 15:57,06-05-2010 16:02,3,859.21,476,378,203,286.4033333,855.2006,Low Value
13892,13-11-2011 11:50,13-05-2010 10:32,6,1267.65,3125,27,549,211.275,1456.0018,Medium Value
13893,15-02-2011 11:30,15-02-2011 11:30,1,821.1,190,298,0,821.1,756.60645,Low Value
13894,16-11-2011 09:44,02-02-2011 12:54,3,564.62,354,24,286,188.2066667,599.5732,Low Value
13895,11-11-2011 16:57,03-12-2009 13:09,6,4008.52,2060,28,708,668.0866667,3911.2925,Medium Value
13896,24-03-2010 08:55,24-03-2010 08:55,1,388.55,149,626,0,388.55,369.72076,Low Value
13897,20-10-2011 14:30,31-01-2010 13:48,3,1160.72,820,50,627,386.9066667,1176.7504,Medium Value
13898,18-01-2011 10:28,24-10-2010 15:42,2,686.4,544,326,85,343.2,773.765,Low Value
13899,23-11-2011 13:40,10-03-2011 09:30,2,388.52,156,16,258,194.26,326.33203,Low Value
13900,09-06-2011 19:26,25-03-2010 13:46,6,1610.59,938,183,441,268.4316667,1710.9773,Medium Value
13901,28-09-2011 14:48,05-01-2010 09:29,15,5676.34,3344,72,631,378.4226667,5575.9673,High Value
13902,17-03-2010 13:09,15-12-2009 10:02,5,34095.26,220600,632,92,6819.052,34334.21,High Value
13903,04-11-2010 17:44,04-11-2010 17:44,1,165.45,103,400,0,165.45,158.05597,Low Value
13904,02-11-2011 13:41,18-02-2011 11:18,2,332.64,332,37,257,166.32,421.85104,Low Value
13905,07-12-2009 11:41,07-12-2009 11:41,1,312.65,135,733,0,312.65,309.68695,Low Value
13906,26-10-2010 15:00,26-10-2010 15:00,1,42,100,409,0,42,63.282875,Low Value
13907,17-01-2010 12:22,17-01-2010 12:22,1,136.8,68,692,0,136.8,127.68856,Low Value
13908,21-09-2011 11:49,08-03-2011 12:04,4,2369.55,1478,80,196,592.3875,2391.6343,Medium Value
13909,12-10-2010 17:22,06-07-2010 16:52,2,282.85,301,423,98,141.425,376.5636,Low Value
13911,13-10-2011 15:43,01-03-2010 16:31,20,4234.99,4487,57,590,211.7495,5079.8286,Medium Value
13912,12-10-2010 08:43,12-10-2010 08:43,1,124.95,29,424,0,124.95,110.33144,Low Value
13913,21-07-2010 10:11,21-07-2010 10:11,1,42.22,10,507,0,42.22,63.282875,Low Value
13914,28-11-2011 10:35,03-11-2011 16:28,2,626.45,380,12,24,313.225,628.062,Low Value
13915,10-11-2010 15:17,10-11-2010 15:17,1,70.8,24,394,0,70.8,74.583725,Low Value
13916,02-09-2010 10:04,02-02-2010 10:06,4,1275.81,673,464,211,318.9525,1208.4849,Medium Value
13917,21-10-2011 09:56,01-06-2011 12:46,2,272.04,228,50,141,136.02,253.57635,Low Value
13918,21-10-2011 12:25,31-03-2011 18:05,2,1212.84,1140,50,203,606.42,1295.2811,Medium Value
13919,11-10-2011 14:24,17-06-2010 09:30,4,1360.68,1133,59,481,340.17,1455.4932,Medium Value
13920,04-10-2010 12:37,26-05-2010 15:48,4,1774.68,1772,432,130,443.67,2035.6235,Medium Value
13921,02-11-2010 16:32,18-12-2009 12:19,4,730.7,210,402,319,182.675,569.0271,Low Value
13922,23-12-2010 10:38,29-08-2010 14:36,3,865.2,467,352,115,288.4,855.2006,Low Value
13923,17-10-2011 12:33,17-10-2011 12:33,1,351.13,185,54,0,351.13,350.98447,Low Value
13924,08-12-2011 09:39,28-09-2011 15:07,6,1838.85,1575,2,70,306.475,2058.5686,Medium Value
13925,08-09-2011 12:47,28-07-2011 12:09,4,678.25,331,93,42,169.5625,686.4666,Low Value
13926,16-11-2011 13:16,16-11-2011 13:16,1,223.85,104,23,0,223.85,234.4651,Low Value
13927,26-09-2011 12:00,28-09-2010 16:12,2,708.26,463,75,362,354.13,779.87915,Low Value
13928,29-11-2011 10:33,29-07-2011 15:59,4,464.57,129,11,122,116.1425,439.57394,Low Value
13929,23-06-2011 15:26,14-01-2010 07:25,11,3494.1,1566,169,525,317.6454545,3466.2493,Medium Value
13930,13-10-2011 09:45,26-07-2011 11:00,2,337.34,274,58,78,168.67,340.91037,Low Value
13931,05-09-2011 10:12,03-12-2009 10:26,11,5257.38,3488,96,640,477.9436364,5866.2695,High Value
13932,18-02-2011 12:02,18-02-2011 12:02,1,307.4,72,295,0,307.4,309.68695,Low Value
13933,22-08-2011 14:03,14-07-2011 13:35,2,608.79,205,109,39,304.395,496.2099,Low Value
13934,21-03-2011 08:39,21-03-2011 08:39,1,922.1,390,264,0,922.1,889.1007,Medium Value
13935,22-04-2010 11:21,25-02-2010 16:01,3,6116.92,2252,597,55,2038.973333,5980.5957,High Value
13936,13-06-2011 08:47,21-10-2010 14:21,3,939.66,661,180,234,313.22,964.93097,Medium Value
13937,23-06-2011 16:35,02-11-2010 12:37,2,880.13,587,169,233,440.065,866.9846,Low Value
13938,04-11-2011 14:37,04-11-2011 14:37,1,71.66,70,35,0,71.66,74.583725,Low Value
13939,16-11-2011 13:33,06-04-2010 12:43,7,1560.96,1608,23,589,222.9942857,1850.0515,Medium Value
13940,22-11-2011 15:15,18-07-2011 16:05,4,839.14,516,17,126,209.785,918.26685,Medium Value
13941,18-11-2011 09:43,16-12-2009 16:10,15,10027.18,4782,22,701,668.4786667,9620.875,High Value
13942,23-06-2010 12:35,23-06-2010 12:35,1,320,1000,535,0,320,692.9898,Low Value
13943,11-05-2010 11:30,11-05-2010 11:30,1,246.54,94,578,0,246.54,266.51257,Low Value
13944,24-02-2010 15:02,24-02-2010 15:02,1,200.43,153,653,0,200.43,188.87389,Low Value
13945,10-11-2010 10:00,17-08-2010 09:59,2,854.15,413,395,85,427.075,847.1724,Low Value
13946,21-09-2011 13:33,04-12-2009 11:07,6,1876.23,2847,79,656,312.705,2113.5059,Medium Value
13947,05-10-2011 14:42,05-10-2011 14:42,1,90.6,44,65,0,90.6,82.6925,Low Value
13948,14-12-2010 10:18,04-12-2009 12:14,4,548.76,248,361,374,137.19,501.8128,Low Value
13949,07-12-2011 09:35,06-09-2011 11:55,6,2427.32,2474,3,91,404.5533333,2673.0444,Medium Value
13950,28-11-2011 14:44,07-04-2011 11:29,4,745.06,323,11,235,186.265,716.5011,Low Value
13951,16-06-2011 16:43,18-02-2011 15:21,3,674.45,459,176,118,224.8166667,736.0536,Low Value
13952,06-05-2011 09:00,16-12-2009 09:41,14,12823.521,5947,218,505,915.9657857,12686.493,High Value
13953,02-12-2011 16:04,11-12-2009 12:58,12,6640.68,5224,7,721,553.39,6688.661,High Value
13954,08-12-2011 12:50,30-09-2011 10:52,2,439.92,150,2,69,219.96,371.92322,Low Value
13955,08-07-2011 17:19,29-11-2010 17:35,3,544.07,272,154,220,181.3566667,490.97406,Low Value
13956,04-12-2011 13:20,13-03-2011 12:51,5,1019.27,486,5,266,203.854,977.2188,Medium Value
13957,18-10-2010 10:02,19-02-2010 10:32,3,458.25,157,418,240,152.75,416.596,Low Value
13958,25-11-2010 10:11,05-12-2009 13:12,8,4709.23,2264,380,354,588.65375,4545.8867,Medium Value
13959,21-09-2011 15:06,16-07-2010 15:11,6,1064.77,694,79,431,177.4616667,1216.128,Medium Value
13960,18-11-2011 15:27,29-09-2011 12:39,2,230.22,142,21,50,115.11,236.21922,Low Value
13961,12-11-2010 14:40,12-11-2010 14:40,1,538.4,226,392,0,538.4,484.40573,Low Value
13962,18-11-2011 08:47,30-09-2010 10:35,3,362.8,160,22,413,120.9333333,364.721,Low Value
13963,04-02-2011 14:43,21-04-2010 16:20,17,2860.57,2007,308,288,168.2688235,2929.843,Medium Value
13964,17-11-2010 13:53,05-10-2010 12:38,2,438.9,228,387,43,219.45,371.92322,Low Value
13965,20-08-2010 10:40,05-01-2010 15:21,3,996.61,425,477,226,332.2033333,937.9495,Medium Value
13966,30-09-2010 13:08,30-09-2010 13:08,1,384.26,760,435,0,384.26,609.23,Low Value
13967,17-07-2011 12:02,08-11-2010 13:24,2,166.3,66,146,250,83.15,194.54721,Low Value
13968,12-10-2010 13:22,12-10-2010 13:22,1,123.66,174,423,0,123.66,110.33144,Low Value
13969,02-12-2011 15:11,25-03-2010 13:15,35,12973.46,6640,7,617,370.6702857,13194.682,High Value
13970,18-11-2010 13:21,28-09-2010 11:53,2,846.55,469,386,51,423.275,854.38965,Low Value
13971,21-11-2011 12:06,26-01-2010 09:51,14,4667.57,3084,19,664,333.3978571,4694.5693,Medium Value
13972,30-09-2011 11:54,22-05-2011 11:34,2,190.25,187,71,131,95.125,208.0816,Low Value
13973,25-02-2011 15:21,25-02-2011 15:21,1,264.7,109,287,0,264.7,317.09323,Low Value
13974,21-10-2011 14:41,06-05-2010 17:55,2,677.72,356,49,532,338.86,700.6255,Low Value
13975,08-11-2011 13:19,02-02-2010 13:13,12,5256.4,3884,31,644,438.0333333,5473.0083,High Value
13976,17-05-2011 09:13,09-02-2010 13:08,4,1192.36,452,207,461,298.09,1035.7927,Medium Value
13977,24-10-2010 14:08,24-10-2010 14:08,1,519.81,303,411,0,519.81,562.8477,Low Value
13978,25-11-2011 11:36,25-10-2011 15:04,2,196.79,315,15,30,98.395,327.08588,Low Value
13979,27-09-2011 13:32,03-12-2009 10:02,7,3379.93,2270,73,663,482.8471429,3631.7322,Medium Value
13980,10-10-2011 13:34,21-02-2010 14:18,5,768.82,463,60,595,153.764,811.9461,Low Value
13981,20-10-2010 10:03,20-10-2010 10:03,1,331.14,234,416,0,331.14,322.19785,Low Value
13982,31-10-2011 16:24,20-01-2010 14:04,9,3954.29,2478,39,649,439.3655556,4032.8071,Medium Value
13983,10-11-2011 11:06,09-12-2009 13:53,21,6753.89,3925,30,700,321.6138095,7068.817,High Value
13984,13-11-2011 12:38,07-12-2009 11:51,12,1893.8,1301,27,706,157.8166667,2215.8494,Medium Value
13985,05-12-2011 17:06,09-02-2010 13:56,22,10020.86,4936,4,664,455.4936364,9775.78,High Value
13986,22-11-2011 15:00,22-11-2011 15:00,1,320.46,430,17,0,320.46,407.435,Low Value
13987,25-11-2010 10:20,04-11-2010 09:54,2,682.54,492,380,21,341.27,761.0785,Low Value
13988,20-11-2011 10:15,24-03-2010 11:05,8,4757.8,3385,20,605,594.725,5378.2915,Medium Value
13989,05-10-2011 09:47,25-05-2010 12:13,5,2026.06,2207,66,497,405.212,2265.154,Medium Value
13990,10-05-2011 15:19,10-05-2011 15:19,1,311.3,190,213,0,311.3,309.68695,Low Value
13991,27-11-2011 16:18,19-07-2011 12:58,6,852.88,995,12,131,142.1466667,1113.481,Medium Value
13992,09-11-2011 15:23,02-09-2010 17:04,3,219.5,154,30,432,73.16666667,298.10046,Low Value
13993,28-10-2011 09:06,03-12-2009 11:57,19,6775.71,2135,43,693,356.6163158,6244.7725,High Value
13994,06-12-2011 11:05,14-07-2011 18:28,6,2274.14,932,4,144,379.0233333,2213.3867,Medium Value
13995,24-11-2011 14:22,18-12-2009 12:43,14,3902.01,2359,15,706,278.715,4069.3638,Medium Value
13996,18-11-2010 16:27,05-11-2010 15:07,2,895.76,613,386,13,447.88,889.103,Medium Value
13997,08-07-2010 18:06,07-06-2010 17:33,3,376.46,143,519,31,125.4866667,364.721,Low Value
13998,19-09-2010 10:20,12-05-2010 13:18,3,566.7,204,447,129,188.9,459.32495,Low Value
13999,29-11-2011 13:40,05-12-2009 12:42,29,9502.26,5043,10,724,327.6641379,9208.059,High Value
14000,12-05-2011 16:50,02-12-2009 09:50,5,2046.34,1838,211,526,409.268,2160.1575,Medium Value
14001,25-10-2011 10:31,03-08-2010 12:49,9,4228.85,1779,46,447,469.8722222,4070.645,Medium Value
14002,28-07-2011 15:55,06-07-2011 14:59,2,529.73,877,134,22,264.865,771.34796,Low Value
14003,07-12-2009 08:53,07-12-2009 08:53,1,209.41,149,733,0,209.41,213.2137,Low Value
14004,27-10-2011 14:40,30-09-2010 09:39,11,6258.45,3425,43,392,568.95,6403.6387,High Value
14005,30-11-2011 12:41,08-05-2011 10:33,5,2874.72,2478,10,206,574.944,3382.1675,Medium Value
14006,16-08-2011 09:39,25-02-2010 09:45,7,2196.67,2181,116,536,313.81,2363.6802,Medium Value
14007,15-07-2010 09:06,15-07-2010 09:06,1,79.48,16,513,0,79.48,78.87771,Low Value
14008,03-10-2010 13:09,03-10-2010 13:09,1,509.04,326,432,0,509.04,565.3909,Low Value
14009,25-05-2011 15:47,03-09-2010 12:08,3,1099.91,951,198,264,366.6366667,1226.8727,Medium Value
14010,23-05-2010 13:00,23-05-2010 12:46,2,445.15,177,565,0,222.575,344.32275,Low Value
14011,16-08-2010 15:31,11-04-2010 13:40,2,457.82,644,480,127,228.91,673.1157,Low Value
14012,07-03-2011 12:26,07-03-2011 12:26,1,328.8,160,278,0,328.8,323.5174,Low Value
14013,21-08-2011 15:01,26-03-2010 10:02,5,1084.57,775,110,513,216.914,1179.3029,Medium Value
14014,23-09-2011 13:18,12-05-2010 09:04,3,1948.21,2004,77,499,649.4033333,2174.2744,Medium Value
14015,18-10-2011 10:02,18-10-2011 10:02,1,917.34,378,53,0,917.34,883.97314,Medium Value
14016,01-07-2011 11:29,08-01-2010 14:12,11,11403.41,5722,162,538,1036.673636,11212.572,High Value
14017,17-05-2010 14:52,17-05-2010 14:52,1,229.75,73,571,0,229.75,244.20036,Low Value
14018,04-03-2010 14:23,04-03-2010 14:23,1,367.15,224,645,0,367.15,346.5927,Low Value
14019,24-10-2011 10:13,24-07-2011 15:39,3,1421.61,1037,47,91,473.87,1503.8809,Medium Value
14020,23-11-2011 09:22,28-06-2010 15:29,4,1249.01,648,17,512,312.2525,1208.4849,Medium Value
14021,07-07-2011 15:46,26-04-2010 11:22,7,1716.58,878,155,437,245.2257143,1607.8364,Medium Value
14022,28-04-2011 14:39,10-08-2010 09:38,2,792.15,681,225,261,396.075,879.6565,Low Value
14023,02-12-2011 13:58,03-04-2011 15:50,2,584.07,345,7,242,292.035,617.4766,Low Value
14024,10-08-2011 11:30,14-11-2010 10:51,3,645.74,238,122,269,215.2466667,539.8294,Low Value
14025,01-09-2010 10:11,05-05-2010 09:56,8,4057.9,1914,465,119,507.2375,3860.4282,Medium Value
14026,26-08-2010 10:31,24-03-2010 14:10,2,713.11,427,471,154,356.555,755.04407,Low Value
14027,10-10-2011 09:01,10-10-2011 09:01,1,104.82,62,61,0,104.82,90.02224,Low Value
14028,07-06-2010 13:33,07-06-2010 12:02,3,10396.5,7170,550,0,3465.5,10284.768,High Value
14029,07-10-2011 14:46,18-07-2011 16:57,2,467.66,198,63,80,233.83,381.65845,Low Value
14030,21-11-2011 16:48,10-12-2009 17:27,20,7521.8,4215,18,710,376.09,7507.2905,High Value
14031,02-12-2011 17:13,03-12-2009 15:35,44,39019.51,13783,7,729,886.8070455,34328.336,High Value
14032,07-12-2011 15:23,14-12-2009 12:02,16,4546.41,3740,2,723,284.150625,4989.2812,Medium Value
14033,02-06-2010 15:10,02-06-2010 15:10,1,109.44,576,555,0,109.44,230.08832,Low Value
14034,17-11-2011 14:02,05-07-2011 13:06,3,648.89,420,22,135,216.2966667,700.68756,Low Value
14035,11-11-2011 10:03,06-04-2010 12:39,9,2794.75,1405,29,583,310.5277778,2830.5,Medium Value
14036,28-02-2011 09:26,28-02-2011 09:26,1,626.65,268,285,0,626.65,622.38403,Low Value
14037,16-06-2011 13:57,07-12-2009 11:39,6,836.95,590,176,556,139.4916667,941.87476,Medium Value
14038,22-09-2011 13:37,04-02-2010 08:56,5,3069.88,1708,78,595,613.976,3012.2124,Medium Value
14039,06-11-2011 13:48,13-05-2010 10:15,2,267.28,192,33,542,133.64,253.57635,Low Value
14040,30-10-2011 12:42,01-12-2009 12:14,35,12523.81,4972,41,698,357.8231429,12863.547,High Value
14041,18-03-2011 13:25,18-03-2011 13:25,1,141.41,94,266,0,141.41,138.89738,Low Value
14042,14-12-2009 15:07,14-12-2009 15:07,1,431.98,180,725,0,431.98,415.72037,Low Value
14043,05-08-2010 18:18,10-12-2009 15:56,2,302.6,152,491,238,151.3,283.6031,Low Value
14044,13-11-2011 12:05,24-01-2010 15:14,10,3077.7,2100,27,657,307.77,3222.6973,Medium Value
14045,22-08-2011 15:27,08-01-2010 10:08,16,10986.63,4459,109,591,686.664375,10779.24,High Value
14046,28-02-2011 14:48,28-02-2011 14:48,1,154.99,460,284,0,154.99,287.25497,Low Value
14047,01-12-2011 11:43,01-02-2010 10:05,14,3968.11,1541,9,668,283.4364286,3831.3562,Medium Value
14048,07-02-2011 14:53,22-11-2010 14:08,3,748.69,467,305,77,249.5633333,787.6953,Low Value
14049,23-11-2011 12:20,01-04-2010 14:52,13,13023.4,8480,17,600,1001.8,13226.269,High Value
14050,08-11-2011 10:00,25-08-2011 13:46,2,746.36,689,32,74,373.18,847.99207,Low Value
14051,09-12-2011 10:20,03-12-2009 11:53,37,21770.98,5709,1,735,588.4048649,20739.658,High Value
14052,20-11-2011 12:30,14-11-2010 11:37,2,466.66,174,20,371,233.33,381.65845,Low Value
14053,07-08-2011 14:27,10-08-2010 11:02,4,572.3,490,124,362,143.075,630.5479,Low Value
14054,05-10-2011 15:49,05-10-2011 15:49,1,92.46,62,65,0,92.46,82.6925,Low Value
14055,25-08-2011 15:04,16-12-2009 15:11,3,1520.96,720,106,616,506.9866667,1405.3798,Medium Value
14056,08-12-2011 13:36,28-02-2011 15:19,23,8152.71,4252,1,282,354.4656522,7999.766,High Value
14057,16-11-2011 10:32,03-12-2009 13:17,22,8346.66,6438,24,712,379.3936364,8280.163,High Value
14058,03-09-2010 09:31,27-06-2010 11:29,2,469.19,211,463,67,234.595,381.65845,Low Value
14059,18-03-2011 10:06,18-03-2011 10:06,1,183.6,128,267,0,183.6,188.87389,Low Value
14060,05-12-2011 12:29,11-03-2010 09:47,30,8898.24,7419,5,634,296.608,9171.5205,High Value
14061,20-07-2010 17:22,01-12-2009 18:03,3,917.43,133,507,230,305.81,655.2764,Low Value
14062,30-11-2011 10:04,10-12-2009 14:28,24,25585.65,12794,10,719,1066.06875,25585.783,High Value
14063,27-09-2010 16:18,08-12-2009 13:46,9,22710.2,3850,438,293,2523.355556,22185.906,High Value
14064,10-11-2011 13:14,21-01-2010 13:22,15,3260.24,3911,29,657,217.3493333,4421.6123,Medium Value
14065,15-11-2010 16:13,04-10-2010 12:03,3,891.02,582,389,42,297.0066667,894.7759,Medium Value
14066,18-03-2011 12:21,18-03-2011 12:21,1,152.55,45,267,0,152.55,157.71541,Low Value
14067,07-10-2011 10:21,04-09-2011 12:00,2,374.7,361,64,32,187.35,466.58035,Low Value
14068,23-01-2011 16:02,31-01-2010 10:10,4,1516.72,510,320,357,379.18,1403.7704,Medium Value
14069,13-07-2010 12:12,27-05-2010 12:30,2,225.81,58,515,46,112.905,236.21922,Low Value
14070,24-01-2010 12:27,24-01-2010 12:27,1,321.6,85,685,0,321.6,309.68695,Low Value
14071,06-12-2011 12:27,20-03-2011 11:33,8,1437.57,994,4,261,179.69625,1558.5627,Medium Value
14072,11-02-2010 12:31,11-02-2010 12:31,1,390.85,65,667,0,390.85,369.72076,Low Value
14073,07-11-2011 15:49,07-11-2011 15:49,1,151.04,130,32,0,151.04,157.71541,Low Value
14074,26-03-2010 13:55,26-03-2010 13:55,1,219.4,228,623,0,219.4,234.4651,Low Value
14075,05-12-2011 08:38,16-06-2010 14:47,6,1734.87,1494,5,536,289.145,1754.1586,Medium Value
14076,02-08-2011 15:19,02-08-2011 15:19,1,118.67,79,129,0,118.67,110.33144,Low Value
14077,30-10-2011 12:35,09-11-2010 16:01,6,615.08,376,41,354,102.5133333,723.3317,Low Value
14078,30-08-2011 12:16,28-03-2010 15:05,9,1553.47,586,102,519,172.6077778,1394.8824,Medium Value
14079,07-08-2011 12:10,26-01-2010 17:19,2,618.73,302,125,557,309.365,628.062,Low Value
14080,07-11-2011 11:09,02-12-2009 15:01,5,1115.68,268,33,704,223.136,827.59985,Low Value
14081,10-02-2011 16:17,10-12-2009 18:27,10,4867.57,3381,302,426,486.757,5566.996,High Value
14082,10-12-2010 11:02,12-11-2010 11:47,2,413.36,246,365,27,206.68,385.58514,Low Value
14083,05-12-2011 13:14,18-12-2009 11:34,11,1082.19,760,4,717,98.38090909,1140.213,Medium Value
14084,15-07-2010 14:36,15-07-2010 14:36,1,150.5,306,512,0,150.5,246.56506,Low Value
14085,07-12-2011 13:46,08-12-2009 13:41,33,9720.67,6434,2,729,294.5657576,10218.851,High Value
14086,03-09-2010 10:52,03-09-2010 10:52,1,39.95,1,463,0,39.95,63.282875,Low Value
14087,07-12-2011 12:41,04-12-2009 15:27,3,829.47,718,3,732,276.49,928.4057,Medium Value
14088,29-11-2011 16:16,14-10-2010 19:46,16,64036.8,15276,10,410,4002.3,64134.723,High Value
14089,14-10-2011 10:38,14-10-2011 10:38,1,158.75,133,57,0,158.75,158.05597,Low Value
14090,19-01-2011 10:51,19-01-2011 10:51,1,76.32,72,325,0,76.32,78.87771,Low Value
14091,23-02-2010 15:17,10-01-2010 13:41,2,9530.08,3316,654,44,4765.04,9621.105,High Value
14092,02-12-2011 12:13,16-12-2009 16:24,24,7229.45,3606,8,715,301.2270833,7480.782,High Value
14093,27-11-2011 16:27,27-11-2011 16:27,1,433.86,391,12,0,433.86,486.69455,Low Value
14094,26-09-2010 11:58,26-09-2010 11:58,1,311.77,158,440,0,311.77,309.68695,Low Value
14095,17-12-2009 12:49,17-12-2009 12:49,1,2.95,1,723,0,2.95,63.282875,Low Value
14096,05-12-2011 17:17,30-08-2011 10:49,17,65164.79,16352,4,97,3833.222941,64597.848,High Value
14097,15-08-2010 14:20,04-03-2010 10:46,2,422.86,352,481,164,211.43,490.9202,Low Value
14098,03-11-2011 10:13,03-11-2011 10:13,1,147.35,104,37,0,147.35,138.89738,Low Value
14099,23-11-2011 13:53,10-12-2009 11:55,20,5750.91,3666,16,713,287.5455,5573.346,High Value
14100,25-07-2011 11:01,25-07-2011 11:01,1,191.95,63,138,0,191.95,188.87389,Low Value
14101,27-09-2011 12:28,28-03-2010 13:36,13,9961.93,10542,74,547,766.3023077,9457.839,High Value
14102,04-12-2011 15:38,26-10-2011 12:46,5,1105.88,769,5,39,221.176,1179.3029,Medium Value
14104,08-07-2011 12:50,28-05-2010 16:11,5,743.53,496,155,405,148.706,811.9461,Low Value
14105,14-04-2011 17:58,18-12-2009 16:57,5,5988.83,3534,239,482,1197.766,5947.144,High Value
14106,02-12-2009 14:09,02-12-2009 14:09,1,214.8,24,737,0,214.8,234.4651,Low Value
14107,19-10-2011 12:12,09-12-2009 14:20,11,4877.3,3489,52,678,443.3909091,5139.073,Medium Value
14108,09-11-2011 10:41,01-12-2009 18:07,4,1044.96,660,31,707,261.24,1146.8318,Medium Value
14109,28-09-2011 10:18,28-09-2011 10:18,1,144.2,88,73,0,144.2,138.89738,Low Value
14110,06-12-2011 12:26,01-12-2009 09:50,33,12987.95,5825,4,735,393.5742424,12842.166,High Value
14111,25-11-2011 13:44,12-04-2011 11:36,4,692.85,458,14,227,173.2125,766.933,Low Value
14112,17-11-2011 12:30,23-02-2010 14:16,13,5834.59,3539,23,631,448.8146154,5816.122,High Value
14113,06-12-2011 12:18,08-12-2009 07:42,16,7092.61,3439,4,728,443.288125,7210.699,High Value
14114,11-03-2011 09:42,12-04-2010 11:07,7,1364.09,650,274,332,194.87,1348.0371,Medium Value
14115,26-07-2010 12:36,11-02-2010 11:44,2,622.67,509,502,165,311.335,689.93713,Low Value
14116,20-11-2011 10:29,10-08-2011 12:44,5,1382.74,707,20,101,276.548,1319.4766,Medium Value
14117,19-07-2011 09:49,19-07-2011 09:49,1,90,72,144,0,90,82.6925,Low Value
14118,07-10-2010 11:59,07-10-2010 11:59,1,458.45,97,429,0,458.45,418.74536,Low Value
14119,29-11-2010 10:33,21-12-2009 14:52,2,183.37,177,376,342,91.685,201.52905,Low Value
14121,06-12-2011 12:19,11-10-2011 10:39,4,2780.15,2082,4,56,695.0375,2860.587,Medium Value
14122,29-10-2010 15:11,02-12-2009 14:22,3,362.42,114,406,331,120.8066667,364.721,Low Value
14123,06-12-2009 15:35,06-12-2009 15:35,1,436.18,234,733,0,436.18,415.72037,Low Value
14124,16-09-2011 13:32,16-09-2011 13:32,1,419.58,1618,84,0,419.58,897.1786,Medium Value
14125,29-11-2011 12:47,22-09-2011 15:40,3,2720.63,1628,11,67,906.8766667,2847.3027,Medium Value
14126,02-12-2011 11:45,21-09-2010 14:51,4,1172.46,887,8,436,293.115,1311.2896,Medium Value
14127,09-08-2011 10:49,10-10-2010 11:53,6,1900.08,828,123,302,316.68,1768.1028,Medium Value
14128,10-10-2011 12:00,06-06-2010 14:05,3,924.21,814,61,490,308.07,1005.71246,Medium Value
14129,08-12-2011 11:02,09-05-2010 14:54,9,2591.34,1414,2,577,287.9266667,2709.8135,Medium Value
14130,24-01-2011 16:05,11-12-2009 16:33,4,1858.77,1215,319,408,464.6925,1915.1855,Medium Value
14131,01-03-2010 11:59,01-03-2010 11:59,1,168.22,105,649,0,168.22,158.05597,Low Value
14132,07-12-2011 13:35,09-06-2011 12:04,11,3586.03,3368,2,181,326.0027273,3879.2205,Medium Value
14133,02-08-2011 11:34,06-12-2009 12:10,4,911.14,398,130,603,227.785,829.74536,Low Value
14134,22-11-2010 12:26,10-12-2009 09:25,15,11123.35,5814,383,347,741.5566667,10886.482,High Value
14135,08-12-2011 11:38,02-12-2009 08:58,24,8839.67,8534,2,736,368.3195833,9238.902,High Value
14136,04-11-2010 11:53,08-12-2009 09:19,5,1570.81,1148,401,331,314.162,1587.1992,Medium Value
14137,13-01-2010 12:30,13-01-2010 12:30,1,332.7,462,696,0,332.7,453.0566,Low Value
14138,08-12-2011 12:44,07-10-2011 09:38,2,965.88,600,2,62,482.94,976.9787,Medium Value
14139,24-10-2011 13:34,15-06-2010 09:17,4,1086.8,1049,46,496,271.7,1229.8551,Medium Value
14140,06-12-2011 09:05,08-11-2011 11:20,2,935.05,811,4,27,467.525,1018.27997,Medium Value
14141,07-12-2011 09:53,26-08-2011 14:40,4,915.13,355,3,102,228.7825,829.74536,Low Value
14142,01-12-2010 16:33,03-03-2010 15:13,2,671.34,518,373,273,335.67,792.17773,Low Value
14143,29-07-2011 09:48,29-07-2011 09:48,1,115.8,30,134,0,115.8,110.33144,Low Value
14144,10-08-2010 15:17,10-08-2010 15:17,1,30.6,12,486,0,30.6,63.282875,Low Value
14145,24-10-2011 12:10,08-04-2010 09:47,7,7600.05,1655,47,564,1085.721429,6439.1934,High Value
14146,01-12-2011 10:18,13-01-2010 16:04,12,9450.3,5780,9,686,787.525,10381.367,High Value
14147,22-09-2011 18:10,09-03-2010 13:43,9,2590.2,995,78,562,287.8,2485.4043,Medium Value
14148,20-04-2011 12:02,21-10-2010 14:08,2,466.29,223,234,180,233.145,381.65845,Low Value
14149,03-05-2011 09:44,03-05-2011 09:44,1,446.62,218,221,0,446.62,416.99185,Low Value
14150,04-11-2011 10:05,15-12-2010 10:04,2,658.64,496,36,324,329.32,716.4739,Low Value
14151,04-02-2010 15:35,23-12-2009 10:54,2,679.45,405,673,43,339.725,700.6255,Low Value
14152,25-09-2011 12:54,18-02-2010 13:57,7,1997.34,1844,75,583,285.3342857,2128.6248,Medium Value
14153,13-08-2010 14:35,13-08-2010 14:35,1,233.4,312,483,0,233.4,343.13998,Low Value
14154,14-04-2011 16:26,13-01-2010 12:47,8,6460.7,3222,239,456,807.5875,6302.6836,High Value
14155,18-03-2011 14:13,18-03-2011 14:13,1,118.75,25,266,0,118.75,110.33144,Low Value
14156,30-11-2011 10:54,01-12-2009 12:30,156,313437.62,164325,10,728,2009.215513,339920.38,High Value
14157,20-11-2011 11:32,03-03-2010 16:49,5,978.69,521,20,626,195.738,1012.9894,Medium Value
14158,30-10-2011 15:08,30-10-2011 15:08,1,507.66,781,40,0,507.66,765.5821,Low Value
14159,20-11-2011 12:36,03-12-2009 12:31,20,7860.8,6520,20,717,393.04,8141.1357,High Value
14160,08-04-2010 14:30,10-01-2010 12:06,7,8421.47,4661,610,88,1203.067143,7985.3657,High Value
14161,08-05-2011 11:41,13-12-2009 11:46,7,2996.93,1480,216,510,428.1328571,2790.4175,Medium Value
14162,19-06-2011 11:36,20-02-2011 12:32,2,289.36,142,174,118,144.68,264.7851,Low Value
14163,13-09-2011 15:18,03-09-2010 17:15,5,2594.62,950,87,374,518.924,2390.6313,Medium Value
14164,30-09-2011 12:24,20-09-2011 12:18,2,1631.77,1033,71,10,815.885,1580.2958,Medium Value
14165,09-03-2011 12:39,09-03-2011 12:39,1,120.44,53,276,0,120.44,110.33144,Low Value
14166,22-07-2010 19:42,23-03-2010 15:10,2,251.15,82,505,121,125.575,236.21922,Low Value
14167,31-10-2011 14:29,27-01-2010 16:07,8,1274.29,340,39,641,159.28625,1073.4958,Medium Value
14168,15-10-2010 10:49,24-05-2010 12:28,2,370.45,147,421,143,185.225,326.33203,Low Value
14169,05-10-2010 08:45,21-09-2010 13:39,2,621.51,205,431,13,310.755,503.79074,Low Value
14170,29-11-2010 13:10,09-11-2010 14:06,3,570.18,270,375,19,190.06,494.23828,Low Value
14171,02-09-2011 16:43,09-12-2009 13:50,2,498.79,211,98,632,249.395,433.2998,Low Value
14172,13-04-2010 13:26,07-03-2010 10:58,3,369.02,78,605,37,123.0066667,364.721,Low Value
14173,29-11-2011 11:54,09-12-2009 12:46,6,586,194,11,719,97.66666667,594.5957,Low Value
14174,06-11-2011 13:17,06-11-2011 13:17,1,134.46,94,33,0,134.46,127.68856,Low Value
14175,11-10-2011 11:55,22-03-2010 10:43,8,7678.88,3009,60,568,959.86,6623.8125,High Value
14176,15-02-2011 13:12,23-11-2010 13:21,5,756.46,265,297,83,151.292,675.057,Low Value
14177,14-09-2011 15:11,26-02-2010 11:59,13,2209.69,1043,86,565,169.9761538,2041.1323,Medium Value
14178,01-12-2011 12:01,10-06-2011 12:51,7,1600.26,1494,9,173,228.6085714,1750.4832,Medium Value
14179,30-10-2011 12:07,18-10-2011 14:00,2,701.57,319,41,11,350.785,700.6255,Low Value
14180,29-11-2011 10:56,09-06-2010 14:56,33,6117.5,847,11,537,185.3787879,4255.3843,Medium Value
14181,25-10-2010 08:27,26-05-2010 12:32,2,308.35,120,411,151,154.175,283.6031,Low Value
14182,22-09-2010 11:45,22-04-2010 15:36,4,678.77,174,444,152,169.6925,547.65106,Low Value
14183,24-10-2010 14:45,15-08-2010 15:36,2,278.34,60,411,69,139.17,253.57635,Low Value
14184,04-10-2011 12:43,04-10-2011 12:43,1,452.89,127,67,0,452.89,418.74536,Low Value
14185,12-01-2011 13:52,12-01-2011 13:52,1,197.65,6,331,0,197.65,188.87389,Low Value
14186,08-10-2010 13:30,05-03-2010 11:17,5,1550.63,1550,427,217,310.126,1728.8987,Medium Value
14187,23-08-2010 12:06,23-08-2010 12:06,1,123.5,50,474,0,123.5,110.33144,Low Value
14188,09-11-2011 12:45,02-02-2011 13:46,6,2054.36,1162,31,279,342.3933333,2030.8173,Medium Value
14189,07-12-2011 15:55,16-11-2010 09:28,16,5503.15,4392,2,386,343.946875,5892.3477,High Value
14190,11-02-2010 14:27,11-02-2010 14:27,1,79.9,2,666,0,79.9,78.87771,Low Value
14191,08-12-2011 09:23,11-12-2009 10:48,15,4817.66,3724,2,726,321.1773333,4502.4556,Medium Value
14192,16-11-2010 17:44,16-11-2010 17:44,1,293.74,218,388,0,293.74,313.40213,Low Value
14193,03-10-2011 09:34,08-11-2010 12:31,3,1210.19,653,68,328,403.3966667,1162.7172,Medium Value
14194,05-12-2011 10:38,06-01-2010 12:16,36,18670.59,10037,5,697,518.6275,18822.516,High Value
14195,22-05-2011 10:29,15-03-2010 17:12,6,2615.6,2144,202,432,435.9333333,2774.497,Medium Value
14196,25-08-2011 10:25,25-08-2011 10:25,1,335.52,142,107,0,335.52,350.98447,Low Value
14197,25-10-2010 10:01,25-10-2010 10:01,1,390.05,143,411,0,390.05,369.72076,Low Value
14198,21-11-2011 16:35,05-01-2010 10:07,9,1569.73,623,18,685,174.4144444,1527.3986,Medium Value
14199,05-05-2011 13:44,27-06-2010 12:13,4,1091.7,254,218,312,272.925,819.70667,Low Value
14200,01-04-2010 13:01,01-04-2010 13:01,1,379.2,140,617,0,379.2,364.04288,Low Value
14201,10-10-2011 13:27,30-04-2010 13:00,10,1193.54,806,60,528,119.354,1372.1149,Medium Value
14202,23-11-2010 17:13,25-03-2010 10:36,3,847.76,166,381,243,282.5866667,603.9121,Low Value
14203,07-11-2010 13:35,07-11-2010 13:35,1,339.34,80,397,0,339.34,350.98447,Low Value
14204,07-12-2011 13:38,02-12-2009 13:26,4,1024.83,469,2,735,256.2075,989.539,Medium Value
14205,23-11-2011 10:55,07-03-2010 12:20,9,2414.2,1342,17,625,268.2444444,2443.0125,Medium Value
14206,14-04-2011 16:38,02-11-2010 11:37,3,1185.01,930,239,163,395.0033333,1333.3353,Medium Value
14207,21-01-2010 09:33,21-01-2010 09:33,1,157.8,36,688,0,157.8,158.05597,Low Value
14208,06-09-2011 12:48,06-06-2010 13:11,2,567.05,529,95,456,283.525,720.0382,Low Value
14209,29-11-2011 10:18,22-01-2010 10:28,15,4993.27,1739,11,675,332.8846667,4464.6294,Medium Value
14210,26-08-2011 12:36,06-01-2010 10:17,16,5556.57,2511,106,597,347.285625,5484.4106,High Value
14211,17-10-2011 13:23,09-12-2009 12:48,18,4402.29,2575,53,677,244.5716667,4743.818,Medium Value
14212,11-09-2011 12:45,20-09-2010 11:48,2,2190.14,2046,90,356,1095.07,2481.1965,Medium Value
14213,31-10-2010 10:37,31-10-2010 10:37,1,1192.2,244,405,0,1192.2,895.4641,Medium Value
14214,09-11-2011 10:31,07-03-2011 12:26,5,1004.38,751,31,246,200.876,1119.3303,Medium Value
14215,28-11-2011 12:19,08-12-2009 09:35,9,3250.33,2181,12,720,361.1477778,3387.0637,Medium Value
14216,06-12-2011 14:56,21-10-2010 15:07,5,2150.04,712,3,410,430.008,1850.439,Medium Value
14217,08-12-2011 11:53,30-06-2010 12:54,23,3298.59,1230,2,525,143.4169565,2964.1504,Medium Value
14218,28-10-2011 10:00,28-10-2011 10:00,1,169.48,160,43,0,169.48,173.79178,Low Value
14219,05-12-2011 16:23,03-08-2010 14:42,3,633.83,363,4,489,211.2766667,623.91296,Low Value
14220,06-04-2011 13:23,19-05-2010 13:26,4,1515,468,247,321,378.75,1333.0066,Medium Value
14221,28-10-2011 13:42,06-04-2010 14:10,17,6517.49,3808,42,569,383.3817647,7013.18,High Value
14222,15-06-2011 16:42,15-06-2011 16:42,1,683.17,607,177,0,683.17,805.6215,Low Value
14223,08-09-2011 13:38,20-03-2011 16:02,3,991.13,585,92,171,330.3766667,997.7245,Medium Value
14224,21-08-2011 13:24,13-06-2010 13:46,9,1841.71,826,110,433,204.6344444,1727.6337,Medium Value
14225,01-10-2010 10:32,12-01-2010 15:02,4,2031.07,1167,435,261,507.7675,2062.3916,Medium Value
14226,11-11-2011 11:34,24-09-2010 14:32,6,2985.13,1714,29,412,497.5216667,3003.7744,Medium Value
14227,13-11-2011 15:48,08-02-2010 09:38,15,6368.71,4048,26,643,424.5806667,6488.88,High Value
14228,28-09-2010 09:45,11-06-2010 12:29,3,745.5,260,438,108,248.5,601.2062,Low Value
14229,19-10-2011 10:04,25-08-2010 11:47,7,2594.04,934,52,419,370.5771429,2479.4573,Medium Value
14230,30-09-2010 09:07,09-06-2010 13:56,3,979.8,246,436,112,326.6,752.6255,Low Value
14231,09-06-2011 11:05,15-09-2010 09:52,4,1235.62,610,184,267,308.905,1101.6486,Medium Value
14232,28-10-2011 11:09,20-03-2011 12:44,5,2048.07,1941,43,221,409.614,2288.584,Medium Value
14233,21-10-2011 15:54,05-03-2010 16:35,7,2904.27,1261,49,594,414.8957143,2774.3306,Medium Value
14234,17-11-2011 17:53,13-10-2011 13:58,4,754.12,951,22,35,188.53,981.2849,Medium Value
14235,25-09-2011 14:37,30-03-2010 13:36,9,4717.99,3014,75,544,524.2211111,4716.1616,Medium Value
14236,20-09-2011 09:13,22-07-2010 14:27,5,1555.34,774,81,424,311.068,1396.0132,Medium Value
14237,01-12-2010 13:20,28-04-2010 10:04,2,471.14,238,373,217,235.57,416.57178,Low Value
14238,17-01-2011 14:40,05-12-2009 10:58,3,434.23,189,326,408,144.7433333,397.77798,Low Value
14239,27-10-2011 14:40,05-12-2009 12:36,21,4263.17,1729,43,691,203.0080952,3898.581,Medium Value
14240,09-11-2011 13:45,12-10-2010 12:48,3,1247.49,655,30,393,415.83,1244.8529,Medium Value
14241,09-06-2011 11:46,12-01-2010 15:11,2,333.7,242,184,512,166.85,325.1746,Low Value
14242,19-04-2011 11:46,18-01-2011 08:53,2,280.55,123,235,91,140.275,264.7851,Low Value
14243,01-12-2011 11:12,20-08-2010 13:41,17,7217.75,3631,9,467,424.5735294,7308.284,High Value
14244,17-02-2010 11:40,17-02-2010 11:40,1,366.42,814,661,0,366.42,639.2927,Low Value
14245,04-05-2011 08:40,21-03-2011 10:41,2,1693.45,976,220,43,846.725,1580.2958,Medium Value
14246,21-08-2011 11:50,08-04-2011 08:25,3,1474.06,804,111,135,491.3533333,1446.1614,Medium Value
14247,06-03-2011 15:21,06-06-2010 15:07,5,753.56,378,278,273,150.712,759.1478,Low Value
14248,25-01-2011 14:45,12-07-2010 14:27,3,1032.95,692,318,197,344.3166667,1083.1998,Medium Value
14249,25-10-2010 12:34,29-01-2010 14:21,12,5400.461,2383,411,268,450.0384167,5170.4824,Medium Value
14250,02-12-2011 14:30,11-09-2011 13:44,3,1904.05,1200,7,82,634.6833333,1861.5131,Medium Value
14251,08-12-2011 08:32,13-10-2011 12:46,5,2879.7,1674,2,55,575.94,3007.211,Medium Value
14252,23-11-2010 13:36,23-11-2010 13:36,1,350.99,111,381,0,350.99,350.98447,Low Value
14253,03-08-2010 14:55,26-03-2010 15:08,2,363.4,88,493,129,181.7,326.33203,Low Value
14254,03-10-2010 11:52,03-10-2010 11:52,1,601.03,263,433,0,601.03,622.38403,Low Value
14255,11-06-2010 15:54,11-06-2010 15:54,1,1000.63,1,546,0,1000.63,1454.4248,Medium Value
14256,24-03-2011 13:17,14-01-2010 10:35,5,2460.79,1147,260,434,492.158,2380.4355,Medium Value
14257,06-10-2011 16:54,01-03-2010 15:36,9,5954.45,3332,64,584,661.6055556,6138.9224,High Value
14258,30-11-2011 15:27,04-12-2009 08:36,25,32051.34,17488,9,726,1282.0536,33198.355,High Value
14259,21-07-2011 10:44,21-07-2011 10:44,1,120,68,142,0,120,110.33144,Low Value
14260,25-08-2010 14:55,09-06-2010 11:23,3,824.28,544,471,77,274.76,871.71716,Low Value
14261,20-10-2011 10:04,22-09-2011 10:47,2,1163.45,406,51,27,581.725,1081.3826,Medium Value
14262,01-12-2011 14:17,13-04-2011 12:23,8,2618.23,1645,8,232,327.27875,2722.79,Medium Value
14263,12-10-2010 14:09,12-10-2010 14:09,1,322.93,171,423,0,322.93,309.68695,Low Value
14264,08-07-2011 10:20,07-04-2010 13:21,6,1517.36,553,155,456,252.8933333,1383.7864,Medium Value
14265,22-08-2011 13:32,06-04-2010 14:39,4,1373.35,715,109,502,343.3375,1340.5977,Medium Value
14266,07-10-2010 13:32,07-10-2010 13:32,1,40.56,24,428,0,40.56,63.282875,Low Value
14267,30-06-2011 10:09,24-03-2011 11:38,3,1516.24,530,163,97,505.4133333,1354.1162,Medium Value
14268,26-08-2010 10:45,26-08-2010 10:45,1,354.85,147,471,0,354.85,350.98447,Low Value
14269,26-09-2010 12:53,26-09-2010 12:53,1,295.73,123,439,0,295.73,313.40213,Low Value
14270,12-01-2011 09:33,12-01-2011 09:33,1,492.65,197,332,0,492.65,486.949,Low Value
14271,28-04-2011 12:47,26-10-2010 17:01,2,214.18,148,226,183,107.09,224.1499,Low Value
14272,27-09-2011 10:08,06-05-2010 14:01,4,920.81,1097,74,508,230.2025,1108.659,Medium Value
14273,19-10-2011 13:20,11-04-2011 13:24,4,559.97,264,51,190,139.9925,513.02167,Low Value
14274,22-01-2010 12:51,22-01-2010 12:51,1,256.6,178,686,0,256.6,317.09323,Low Value
14275,09-11-2010 09:06,11-04-2010 12:32,6,1189.38,538,396,211,198.23,1129.9503,Medium Value
14276,02-09-2011 09:45,17-02-2010 13:10,7,2102.68,1406,99,561,300.3828571,2175.3672,Medium Value
14277,24-11-2011 15:01,13-12-2009 15:43,9,17197.61,89806,15,710,1910.845556,17060.062,High Value
14278,26-10-2010 12:07,26-10-2010 12:07,1,205.83,131,410,0,205.83,213.2137,Low Value
14279,07-07-2010 08:42,27-01-2010 16:34,2,191.86,46,521,160,95.93,208.0816,Low Value
14280,27-05-2011 10:37,27-05-2011 10:37,1,134.04,52,197,0,134.04,127.68856,Low Value
14281,27-10-2010 14:45,27-10-2010 14:45,1,245.15,45,408,0,245.15,266.51257,Low Value
14282,06-12-2011 17:04,15-02-2010 11:22,25,7250.76,5166,3,659,290.0304,7266.182,High Value
14283,02-09-2010 14:46,19-05-2010 12:22,4,628.44,550,463,106,157.11,750.08655,Low Value
14284,09-11-2011 08:11,24-02-2010 12:06,3,1299.65,510,31,622,433.2166667,1218.1749,Medium Value
14285,18-11-2011 14:50,08-12-2009 14:13,8,3284.42,954,21,710,410.5525,2900.7693,Medium Value
14286,16-11-2011 10:34,04-12-2009 08:40,7,8479.76,8795,24,712,1211.394286,9479.534,High Value
14287,01-12-2011 13:25,25-05-2011 11:41,3,176.63,261,8,190,58.87666667,317.48767,Low Value
14288,10-05-2011 13:22,10-05-2011 13:22,1,426.6,188,213,0,426.6,415.72037,Low Value
14289,01-12-2011 11:44,23-02-2011 12:33,6,911.26,292,9,280,151.8766667,824.2412,Low Value
14290,28-11-2011 14:02,08-12-2009 11:44,8,4516.56,1600,11,720,564.57,4205.7026,Medium Value
14291,08-12-2011 10:26,09-12-2009 10:46,23,7904.1,6146,2,728,343.6565217,7766.201,High Value
14292,02-12-2011 11:50,19-03-2010 11:10,16,9226.25,3429,8,623,576.640625,9160.076,High Value
14293,06-12-2011 15:17,10-12-2009 10:57,9,2903.01,1558,3,726,322.5566667,2864.8005,Medium Value
14294,28-10-2010 16:25,28-10-2010 16:25,1,375.34,190,407,0,375.34,364.80472,Low Value
14295,30-10-2011 15:50,08-12-2009 09:49,5,2362.91,1029,40,691,472.582,2267.1816,Medium Value
14296,14-10-2010 14:14,14-05-2010 14:34,2,456.4,314,421,152,228.2,521.9068,Low Value
14297,22-11-2011 09:06,10-03-2011 08:31,4,1305.33,865,18,257,326.3325,1357.9403,Medium Value
14298,01-12-2011 13:12,11-12-2009 13:49,82,91194.49,100272,8,719,1112.127927,92306.95,High Value
14299,01-12-2011 16:05,02-12-2009 10:58,27,14070.25,8136,8,729,521.1203704,14005.107,High Value
14300,21-11-2011 08:57,21-11-2011 08:57,1,43.2,32,19,0,43.2,63.282875,Low Value
14301,14-08-2011 15:33,11-02-2010 13:07,4,1992.18,1686,117,549,498.045,2297.9148,Medium Value
14302,05-10-2010 08:10,02-12-2009 08:16,3,742.9,298,431,306,247.6333333,651.7345,Low Value
14303,28-10-2010 15:37,01-10-2010 10:31,2,277.94,218,407,27,138.97,253.57635,Low Value
14304,01-05-2011 11:50,18-05-2010 10:50,3,1725.01,775,223,348,575.0033333,1534.7897,Medium Value
14305,29-09-2011 15:29,27-07-2011 14:14,3,1858.96,1089,71,64,619.6533333,1748.2411,Medium Value
14306,19-10-2011 13:23,31-01-2010 13:42,6,3151.4,2065,51,625,525.2333333,3209.95,Medium Value
14307,12-09-2011 09:38,07-12-2009 13:06,10,4287.92,2816,89,643,428.792,4482.6797,Medium Value
14308,08-06-2010 16:48,08-06-2010 16:39,2,1147.02,2,549,0,573.51,907.32684,Medium Value
14309,01-12-2011 13:33,07-06-2010 10:24,11,3780.81,2583,8,542,343.71,3944.5571,Medium Value
14310,03-10-2010 12:34,03-10-2010 12:34,1,492.1,230,433,0,492.1,486.949,Low Value
14311,11-04-2011 10:14,21-05-2010 10:28,2,516.45,235,243,324,258.225,454.55136,Low Value
14312,24-10-2011 09:46,23-07-2010 15:05,11,3090.29,1904,47,457,280.9354545,3355.4272,Medium Value
14314,25-08-2011 10:39,05-10-2010 08:00,2,229.8,332,107,324,114.9,355.22348,Low Value
14315,26-10-2011 12:06,15-03-2010 12:49,8,3197.82,1344,45,589,399.7275,3019.7805,Medium Value
14316,13-10-2010 16:31,19-03-2010 15:18,5,1370.34,4494,422,208,274.068,1506.5299,Medium Value
14317,06-10-2011 10:44,06-10-2011 10:44,1,508.58,255,65,0,508.58,521.8623,Low Value
14318,05-09-2010 15:32,05-09-2010 15:32,1,158.02,152,460,0,158.02,158.05597,Low Value
14319,11-10-2010 13:38,11-10-2010 13:38,1,494.85,329,424,0,494.85,565.3909,Low Value
14320,17-05-2011 09:24,21-01-2010 11:44,5,1346.75,713,207,480,269.35,1319.4766,Medium Value
14321,29-11-2011 09:47,23-08-2010 12:56,7,2218.06,3275,11,462,316.8657143,2369.5483,Medium Value
14322,06-10-2010 15:17,18-02-2010 08:49,4,474.1,158,429,230,118.525,439.57394,Low Value
14323,17-08-2011 11:37,15-04-2011 11:44,2,605.06,350,115,123,302.53,617.4766,Low Value
14324,26-10-2010 11:44,15-01-2010 13:31,2,701.61,402,410,283,350.805,700.6255,Low Value
14325,19-05-2010 09:20,19-05-2010 09:20,1,245.48,320,570,0,245.48,365.4523,Low Value
14326,11-04-2011 15:04,25-06-2010 12:10,3,940.98,572,242,290,313.66,908.2425,Medium Value
14327,29-06-2011 13:58,08-01-2010 14:04,6,1894.93,1296,163,536,315.8216667,1944.6357,Medium Value
14328,27-09-2010 16:01,27-09-2010 16:01,1,445.05,1,438,0,445.05,415.72037,Low Value
14329,22-11-2011 15:50,16-12-2009 15:31,15,9887.62,5913,17,706,659.1746667,9823.662,High Value
14330,26-03-2010 09:10,26-03-2010 09:10,1,200.63,103,624,0,200.63,188.87389,Low Value
14331,07-08-2011 13:17,27-07-2011 15:14,2,462.66,252,124,10,231.33,416.57178,Low Value
14332,17-11-2011 11:54,19-10-2010 13:01,5,1917.41,875,23,393,383.482,1802.2972,Medium Value
14333,03-10-2011 10:38,03-10-2011 10:38,1,415.2,58,68,0,415.2,415.72037,Low Value
14334,23-11-2011 10:01,20-05-2010 10:04,12,4318.48,2986,17,551,359.8733333,4226.067,Medium Value
14335,23-11-2011 13:41,04-09-2011 13:07,2,454.86,375,16,80,227.43,521.9068,Low Value
14336,23-11-2011 11:40,08-03-2011 16:48,4,1614.91,1759,17,259,403.7275,1782.2987,Medium Value
14338,01-07-2011 14:08,21-06-2010 10:32,3,928.1,622,161,375,309.3666667,987.1888,Medium Value
14339,11-04-2011 11:06,07-10-2010 08:50,2,620.27,456,243,186,310.135,689.93713,Low Value
14340,05-05-2011 09:44,05-05-2011 09:44,1,134.7,58,219,0,134.7,127.68856,Low Value
14341,25-10-2011 15:48,01-12-2009 12:20,18,4452.02,2813,45,693,247.3344444,4633.2437,Medium Value
14342,18-11-2011 13:21,24-08-2010 13:03,6,918.44,521,21,451,153.0733333,996.1077,Medium Value
14343,14-10-2010 13:05,18-01-2010 16:47,4,1079.66,626,421,268,269.915,1157.0483,Medium Value
14344,04-08-2011 13:51,23-03-2010 15:47,20,2993.05,1546,127,498,149.6525,2867.248,Medium Value
14345,01-11-2011 09:51,01-11-2011 09:51,1,108.98,50,39,0,108.98,98.262115,Low Value
14346,11-08-2011 09:47,30-07-2010 10:44,5,2315.75,1878,121,376,463.15,2410.4597,Medium Value
14347,03-12-2009 10:49,03-12-2009 10:49,1,82.6,48,737,0,82.6,78.87771,Low Value
14348,24-03-2011 16:23,24-03-2011 16:23,1,409.57,183,260,0,409.57,415.72037,Low Value
14349,29-11-2011 15:39,29-11-2011 15:39,1,133.5,86,10,0,133.5,127.68856,Low Value
14350,10-03-2011 14:14,05-10-2010 15:52,3,972.03,543,274,155,324.01,981.9067,Medium Value
14351,28-06-2011 11:56,28-06-2011 11:56,1,51,12,165,0,51,63.282875,Low Value
14352,05-07-2011 15:41,11-03-2011 14:58,4,1078.96,538,157,116,269.74,1078.1019,Medium Value
14353,08-05-2011 16:06,04-10-2010 12:38,3,376.5,344,215,216,125.5,483.72528,Low Value
14354,04-12-2011 11:32,09-11-2011 15:36,2,163.62,210,6,24,81.81,197.71426,Low Value
14355,09-12-2010 12:16,22-03-2010 15:08,3,840.05,617,366,261,280.0166667,858.7385,Low Value
14356,21-09-2011 09:18,19-09-2011 14:43,2,701.23,277,80,1,350.615,583.6672,Low Value
14357,27-10-2011 16:23,27-10-2011 16:23,1,225.12,147,43,0,225.12,244.20036,Low Value
14358,15-11-2010 15:51,07-10-2010 17:26,2,400.06,338,389,38,200.03,466.58035,Low Value
14359,20-11-2011 13:17,13-09-2011 09:03,3,912.18,371,19,68,304.06,775.8588,Low Value
14360,08-11-2011 09:12,06-09-2011 11:58,4,2118.03,1139,32,62,529.5075,2015.3663,Medium Value
14361,10-05-2010 12:29,10-05-2010 12:29,1,214.71,251,579,0,214.71,269.37836,Low Value
14362,17-11-2011 15:08,17-11-2011 15:08,1,151.5,96,22,0,151.5,157.71541,Low Value
14363,02-11-2010 17:01,14-09-2010 14:39,2,227.47,105,402,49,113.735,236.21922,Low Value
14364,23-08-2011 11:01,12-05-2011 12:56,8,3717.35,1967,109,102,464.66875,3655.1309,Medium Value
14365,10-11-2010 09:52,27-01-2010 09:44,2,634.68,557,395,287,317.34,691.39526,Low Value
14366,02-07-2010 17:23,02-07-2010 17:23,1,136,16,525,0,136,127.68856,Low Value
14367,01-12-2011 13:19,08-03-2011 14:12,16,9227.82,4426,8,267,576.73875,8897.518,High Value
14368,24-01-2011 09:52,24-01-2011 09:52,1,155,36,320,0,155,158.05597,Low Value
14369,07-03-2010 15:47,16-02-2010 10:28,2,469.13,255,642,19,234.565,416.57178,Low Value
14370,15-09-2010 10:53,01-02-2010 08:35,6,1175.78,266,451,226,195.9633333,873.4539,Low Value
14371,17-02-2011 16:35,17-02-2011 16:35,1,100.5,34,295,0,100.5,89.24505,Low Value
14372,22-09-2010 16:17,19-04-2010 15:57,2,860.08,378,443,156,430.04,802.3109,Low Value
14373,16-12-2010 15:40,16-12-2010 15:40,1,76.55,17,358,0,76.55,78.87771,Low Value
14374,16-06-2010 14:25,16-06-2010 14:25,1,108,20,541,0,108,98.262115,Low Value
14375,07-06-2011 13:44,16-06-2010 14:34,3,1106.82,647,185,355,368.94,1117.2109,Medium Value
14376,25-01-2010 15:36,25-01-2010 15:36,1,215.46,50,683,0,215.46,234.4651,Low Value
14377,01-06-2011 13:32,22-03-2011 13:38,2,617.05,219,191,70,308.525,503.79074,Low Value
14378,28-03-2010 12:22,28-03-2010 12:22,1,131.25,57,622,0,131.25,125.89756,Low Value
14379,26-10-2011 16:43,16-08-2010 15:31,4,1265.16,712,44,436,316.29,1208.4849,Medium Value
14380,26-01-2010 17:11,26-01-2010 17:11,1,48.96,1,682,0,48.96,63.282875,Low Value
14381,18-10-2011 17:10,14-09-2010 16:15,2,625.94,449,52,399,312.97,689.93713,Low Value
14382,13-11-2011 16:18,14-11-2010 16:32,2,1193.63,1667,26,363,596.815,1520.3008,Medium Value
14383,01-11-2011 15:53,29-06-2011 10:18,3,1247.69,817,38,125,415.8966667,1285.6345,Medium Value
14384,27-07-2010 09:53,27-07-2010 09:53,1,58.5,30,501,0,58.5,70.265274,Low Value
14385,30-11-2011 15:36,16-11-2011 11:55,3,202.11,159,9,14,67.37,298.10046,Low Value
14386,16-02-2011 09:45,16-02-2011 09:45,1,142.4,54,297,0,142.4,138.89738,Low Value
14387,07-11-2011 12:29,22-08-2011 14:13,3,1727.6,795,33,76,575.8666667,1575.5714,Medium Value
14388,29-11-2011 13:32,20-01-2010 11:54,16,6388.2,4190,10,678,399.2625,7013.18,High Value
14389,05-10-2011 15:17,28-04-2010 14:57,5,1898.01,1388,65,525,379.602,1931.3247,Medium Value
14390,29-11-2011 13:49,10-10-2010 14:30,13,6150.03,2830,10,414,473.0792308,5747.5264,High Value
14391,12-05-2010 09:42,12-05-2010 09:42,1,135.6,168,577,0,135.6,127.68856,Low Value
14392,03-10-2010 12:56,03-10-2010 12:56,1,266.4,114,432,0,266.4,314.48813,Low Value
14393,05-05-2011 18:16,05-05-2011 18:16,1,67.95,13,218,0,67.95,70.265274,Low Value
14394,24-05-2010 10:43,24-05-2010 10:43,1,93.8,58,565,0,93.8,89.24505,Low Value
14395,07-12-2011 14:34,18-04-2010 13:12,20,7801.93,3872,2,598,390.0965,7761.8794,High Value
14396,05-10-2011 16:09,02-12-2009 14:21,7,1969.38,959,65,672,281.34,1946.1621,Medium Value
14397,07-12-2011 09:22,10-05-2011 12:25,19,2612.96,1890,3,210,137.5242105,2816.0679,Medium Value
14398,03-11-2010 13:46,30-06-2010 11:57,2,707.79,267,401,126,353.895,611.2675,Low Value
14399,10-11-2010 13:23,03-02-2010 13:09,8,2108.21,965,394,280,263.52625,2004.1477,Medium Value
14400,13-07-2011 15:50,18-03-2010 12:11,3,1732.47,1706,149,482,577.49,2117.2527,Medium Value
14401,05-12-2011 13:30,14-12-2009 13:22,22,6795.9,6401,4,721,308.9045455,7030.855,High Value
14402,25-02-2010 13:20,25-02-2010 13:20,1,285.6,240,652,0,285.6,348.3154,Low Value
14403,01-08-2011 12:57,10-03-2010 14:00,6,1880.51,737,130,508,313.4183333,1727.3213,Medium Value
14404,06-11-2011 12:30,20-12-2009 14:40,13,2724.13,1577,34,685,209.5484615,2691.6245,Medium Value
14405,18-11-2010 11:40,18-11-2010 11:40,1,195,100,387,0,195,188.87389,Low Value
14406,12-08-2011 16:54,12-08-2011 16:54,1,156.75,77,119,0,156.75,158.05597,Low Value
14407,24-08-2011 14:02,08-03-2011 11:59,6,2157.73,1415,107,169,359.6216667,2078.0576,Medium Value
14408,29-11-2011 11:41,07-12-2009 12:18,11,4102.27,2438,11,721,372.9336364,4211.717,Medium Value
14409,29-09-2011 18:18,21-05-2010 16:45,9,3427.29,2233,71,496,380.81,3631.9834,Medium Value
14410,08-09-2011 15:08,28-09-2010 15:46,11,2631.9,1369,92,344,239.2636364,2665.4136,Medium Value
14411,02-02-2011 10:56,02-02-2011 10:56,1,1063,196,311,0,1063,860.5507,Low Value
14412,28-10-2011 10:45,11-10-2010 12:33,3,1426.19,1428,43,381,475.3966667,1774.2697,Medium Value
14413,12-12-2010 13:37,19-01-2010 14:27,4,764.52,277,362,326,191.13,603.9404,Low Value
14414,09-09-2011 12:09,30-11-2010 10:12,8,2399.33,2877,92,283,299.91625,2620.5334,Medium Value
14415,08-12-2011 14:38,16-12-2009 14:08,23,11980.09,6263,1,722,520.8734783,11334.376,High Value
14416,17-11-2011 15:22,28-10-2011 15:10,2,490.22,326,22,20,245.11,544.2191,Low Value
14417,17-11-2010 10:55,17-11-2010 10:55,1,524.65,543,388,0,524.65,655.2199,Low Value
14418,06-12-2011 11:39,23-08-2011 17:18,3,1937.25,1711,4,104,645.75,2132.0205,Medium Value
14419,29-11-2011 11:22,22-11-2010 11:09,7,1254.64,552,11,372,179.2342857,1192.5228,Medium Value
14420,01-09-2011 18:07,17-01-2010 12:41,4,1639.17,1120,99,592,409.7925,1709.2681,Medium Value
14421,13-10-2011 13:24,17-01-2010 11:30,6,2469.37,1342,57,634,411.5616667,2331.927,Medium Value
14422,09-12-2011 11:26,17-12-2009 12:12,19,10271.52,6067,1,721,540.6063158,10192.347,High Value
14423,05-05-2011 15:12,14-01-2010 11:49,3,916.61,419,218,476,305.5366667,831.38214,Low Value
14424,22-11-2011 11:48,22-11-2011 11:48,1,322.08,48,18,0,322.08,309.68695,Low Value
14425,01-10-2010 10:24,02-12-2009 11:31,3,661.39,325,435,302,220.4633333,645.16437,Low Value
14426,16-11-2011 12:25,04-03-2010 14:36,17,11727.94,7023,24,621,689.8788235,11837.88,High Value
14427,20-10-2011 14:23,18-03-2010 09:49,4,1263.52,538,50,581,315.88,1129.5385,Medium Value
14428,02-12-2011 13:17,18-01-2011 16:39,5,1224.06,428,7,317,244.812,1026.2015,Medium Value
14429,01-11-2010 10:08,01-11-2010 10:08,1,516.28,286,404,0,516.28,537.80835,Low Value
14430,16-07-2010 11:35,11-04-2010 15:59,3,1220.9,446,512,95,406.9666667,1121.1603,Medium Value
14431,10-02-2011 10:40,21-01-2010 10:49,4,2614.2,1202,303,384,653.55,2344.7803,Medium Value
14432,30-11-2011 08:04,11-09-2011 14:09,6,2248.5,2013,10,79,374.75,2445.5903,Medium Value
14433,31-08-2010 12:35,31-08-2010 12:35,1,280.7,131,466,0,280.7,319.02124,Low Value
14434,18-11-2011 08:56,28-09-2011 15:31,6,1372.8,368,22,50,228.8,1136.2504,Medium Value
14435,26-07-2010 12:33,26-07-2010 12:33,1,90.42,282,502,0,90.42,117.605804,Low Value
14436,02-09-2011 10:13,04-06-2010 11:32,2,271.7,297,99,454,135.85,310.54803,Low Value
14437,09-12-2010 09:27,05-05-2010 12:20,5,873.34,420,366,217,174.668,872.30475,Low Value
14438,06-02-2011 14:56,06-02-2011 14:56,1,131.9,82,306,0,131.9,127.68856,Low Value
14439,24-01-2011 11:39,21-01-2010 14:01,5,9443.04,2244,320,367,1888.608,8207.726,High Value
14440,01-12-2011 15:42,02-12-2009 12:13,13,5982.03,1605,8,729,460.1561538,5419.0273,High Value
14441,09-12-2011 09:07,18-01-2010 10:40,11,4611.69,1260,1,689,419.2445455,4016.5293,Medium Value
14442,19-05-2011 11:36,18-01-2010 12:59,7,5367.02,1431,205,485,766.7171429,5175.1895,Medium Value
14443,17-10-2011 10:10,25-11-2010 14:18,5,2082.97,1357,54,325,416.594,2057.5315,Medium Value
14444,09-09-2010 18:56,09-09-2010 18:56,1,120.44,172,456,0,120.44,110.33144,Low Value
14445,10-09-2010 11:09,10-09-2010 11:09,1,221.65,83,456,0,221.65,234.4651,Low Value
14446,09-12-2011 11:34,18-11-2010 12:08,5,1200.28,1091,1,385,240.056,1330.4648,Medium Value
14447,21-11-2011 08:28,04-11-2010 13:32,6,1711.73,913,19,381,285.2883333,1759.0002,Medium Value
14448,30-11-2011 13:50,10-12-2010 17:26,2,375.35,104,9,354,187.675,326.33203,Low Value
14449,21-11-2011 12:06,29-09-2010 13:15,8,2230.96,1604,19,417,278.87,2485.032,Medium Value
14450,12-06-2011 10:46,08-04-2010 12:09,7,1128.44,522,181,429,161.2057143,1130.867,Medium Value
14451,10-10-2011 13:38,17-01-2010 10:35,12,3258.68,1737,60,631,271.5566667,3313.7905,Medium Value
14452,29-11-2011 12:06,06-07-2010 13:13,4,658.95,285,11,510,164.7375,617.35693,Low Value
14453,02-06-2011 14:15,02-06-2011 14:15,1,119.93,49,190,0,119.93,110.33144,Low Value
14454,28-11-2010 13:26,06-12-2009 12:56,5,977.3,400,376,357,195.46,870.33606,Low Value
14455,03-10-2010 15:48,01-08-2010 13:26,4,617.72,706,432,63,154.43,842.0712,Low Value
14456,04-12-2011 13:59,20-07-2011 13:06,9,3017.28,2885,5,137,335.2533333,3227.3088,Medium Value
14457,02-02-2011 09:39,02-02-2011 09:39,1,113.64,88,311,0,113.64,110.33144,Low Value
14458,24-11-2010 12:43,24-11-2010 12:43,1,228.07,317,381,0,228.07,343.13998,Low Value
14459,07-07-2011 13:35,26-02-2010 13:26,2,5375.741,2303,155,496,2687.8705,4873.9746,Medium Value
14460,21-08-2011 14:19,15-12-2009 19:06,9,1093.5,1879,110,613,121.5,1554.9727,Medium Value
14461,14-07-2011 17:11,18-01-2010 12:48,13,6676.91,3005,148,542,513.6084615,5990.12,High Value
14462,04-10-2011 15:55,03-10-2010 14:13,12,2242.81,1063,66,366,186.9008333,2301.1936,Medium Value
14463,02-09-2011 15:20,28-07-2010 11:35,4,786.57,210,98,401,196.6425,569.0271,Low Value
14464,20-05-2010 18:00,22-03-2010 15:20,2,111,62,568,59,55.5,182.62694,Low Value
14465,07-04-2011 12:38,07-01-2010 15:03,11,3925.85,2539,247,454,356.8954545,3975.9077,Medium Value
14466,10-11-2011 14:07,13-12-2009 15:44,13,4267.15,2507,29,696,328.2423077,4229.103,Medium Value
14467,22-11-2011 12:48,02-12-2009 12:44,12,2203.24,1187,18,720,183.6033333,2407.8643,Medium Value
14468,06-12-2009 12:21,06-12-2009 12:21,1,204.24,164,734,0,204.24,213.2137,Low Value
14469,19-10-2010 14:30,29-01-2010 11:12,4,2093.46,973,416,263,523.365,2025.4047,Medium Value
14470,28-11-2011 10:31,05-10-2010 12:39,3,712.04,282,12,418,237.3466667,549.5647,Low Value
14471,27-04-2010 17:12,07-12-2009 12:26,2,400.95,187,591,141,200.475,326.33203,Low Value
14472,28-08-2011 11:01,19-01-2010 13:09,9,2118.72,1271,104,585,235.4133333,2318.494,Medium Value
14473,26-09-2011 15:10,02-03-2011 13:56,2,234.34,88,74,208,117.17,236.21922,Low Value
14474,24-10-2011 13:26,09-05-2010 12:12,2,1258.89,448,46,533,629.445,1159.2272,Medium Value
14475,29-09-2011 10:46,27-10-2010 09:20,4,1151.15,541,72,337,287.7875,1101.1606,Medium Value
14476,27-03-2011 15:39,27-03-2011 15:39,1,193,110,257,0,193,188.87389,Low Value
14477,20-11-2011 11:11,04-01-2010 15:41,7,1969.6,1120,20,684,281.3714286,1873.204,Medium Value
14478,22-11-2010 15:29,01-12-2009 13:20,4,1276.66,1226,382,356,319.165,1386.3425,Medium Value
14479,31-03-2011 09:07,06-12-2009 13:48,4,1124.71,562,254,479,281.1775,1078.1019,Medium Value
14480,28-11-2011 16:35,21-12-2009 16:32,4,1299.52,670,11,707,324.88,1298.418,Medium Value
14481,28-06-2011 10:38,31-01-2010 12:43,5,2284.69,1568,165,512,456.938,2392.5432,Medium Value
14482,21-11-2011 13:14,26-08-2010 14:13,12,4306.72,2869,18,451,358.8933333,4310.1514,Medium Value
14483,03-03-2011 10:26,03-12-2009 10:16,2,257.1,193,282,455,128.55,242.99582,Low Value
14484,20-10-2011 14:11,17-12-2009 10:57,4,1070.98,744,50,672,267.745,1157.0483,Medium Value
14485,01-11-2011 12:25,01-11-2011 12:25,1,162.8,70,39,0,162.8,158.05597,Low Value
14486,16-07-2010 09:42,04-06-2010 10:30,2,175.5,90,512,41,87.75,197.71426,Low Value
14487,13-11-2011 12:17,25-11-2010 13:36,7,1266.27,761,27,352,180.8957143,1319.4667,Medium Value
14488,03-10-2011 09:30,03-10-2011 09:30,1,1064.28,799,68,0,1064.28,1227.4569,Medium Value
14489,16-05-2011 14:51,06-04-2010 09:52,4,1574.93,1011,207,405,393.7325,1617.9839,Medium Value
14490,29-10-2010 15:04,07-10-2010 11:36,2,1273.47,933,406,22,636.735,1379.4513,Medium Value
14491,17-06-2011 15:22,02-12-2010 12:10,2,340.93,139,175,197,170.465,305.99704,Low Value
14492,05-10-2010 13:21,30-03-2010 14:23,7,1921.91,751,430,188,274.5585714,1727.966,Medium Value
14493,02-12-2011 16:14,08-03-2010 08:33,10,5087.86,3148,7,634,508.786,5145.4824,Medium Value
14494,14-11-2011 09:21,08-12-2009 13:25,3,401.46,210,26,705,133.82,386.56915,Low Value
14495,20-10-2011 12:28,18-02-2010 08:49,3,174.8,68,51,609,58.26666667,282.57434,Low Value
14496,01-02-2011 09:01,16-03-2010 13:15,7,2363.89,905,312,321,337.6985714,2256.8254,Medium Value
14497,03-02-2011 17:01,04-02-2010 09:59,2,697.06,332,309,364,348.53,700.6255,Low Value
14498,28-10-2011 12:09,07-06-2010 16:05,10,3900.83,2120,43,507,390.083,3899.445,Medium Value
14499,13-11-2011 13:01,27-08-2010 11:57,7,2101.79,1231,26,443,300.2557143,2120.3088,Medium Value
14500,12-09-2011 16:45,03-06-2011 10:08,3,356.85,117,88,101,118.95,364.721,Low Value
14501,09-06-2011 12:02,24-01-2011 10:43,2,251.21,161,184,136,125.605,236.21922,Low Value
14502,20-11-2011 11:50,30-01-2011 15:52,11,2429.83,1480,20,293,220.8936364,2408.1104,Medium Value
14503,06-12-2011 13:30,14-06-2011 10:00,6,3543.26,2004,3,175,590.5433333,3556.0916,Medium Value
14504,23-10-2011 16:00,06-03-2011 14:38,4,673.26,308,47,231,168.315,670.7308,Low Value
14505,22-11-2011 15:45,09-12-2009 14:48,19,11879.08,5325,17,713,625.2147368,11912.883,High Value
14506,22-11-2011 13:02,19-04-2010 08:27,7,2960.25,936,17,582,422.8928571,2640.0876,Medium Value
14507,16-11-2011 12:21,10-12-2009 17:04,11,3216.74,1491,24,705,292.4309091,3175.5828,Medium Value
14508,17-11-2011 19:48,17-06-2010 13:02,5,822.92,347,22,518,164.584,813.948,Low Value
14509,23-06-2010 13:21,23-06-2010 13:21,1,110.95,38,534,0,110.95,103.77736,Low Value
14510,29-11-2010 12:46,29-09-2010 13:35,3,979.85,793,376,60,326.6166667,1079.3768,Medium Value
14511,28-11-2011 17:05,29-07-2011 12:13,5,1314.81,784,11,122,262.962,1332.8546,Medium Value
14512,05-06-2011 12:39,07-12-2009 13:49,7,1215.97,736,188,544,173.71,1307.3848,Medium Value
14513,31-08-2011 11:25,20-05-2010 17:57,6,788.01,593,101,467,131.335,914.2173,Medium Value
14514,09-10-2011 16:05,13-12-2009 13:21,9,4380.04,2362,61,665,486.6711111,4446.5596,Medium Value
14515,22-11-2011 11:37,07-06-2010 12:37,12,3724.06,1893,18,532,310.3383333,3840.2896,Medium Value
14516,11-07-2010 14:07,11-07-2010 14:07,1,151.17,63,516,0,151.17,157.71541,Low Value
14517,06-11-2011 14:20,21-07-2011 11:42,2,330.45,91,33,108,165.225,290.26126,Low Value
14518,06-10-2011 14:43,06-10-2011 14:43,1,174.37,278,64,0,174.37,208.70511,Low Value
14519,25-01-2010 11:18,11-12-2009 10:40,2,203.14,81,684,45,101.57,208.0816,Low Value
14520,08-12-2011 09:46,22-02-2011 09:15,2,270.6,146,2,289,135.3,253.57635,Low Value
14521,05-08-2010 16:35,05-08-2010 16:35,1,199.45,211,491,0,199.45,188.87389,Low Value
14522,15-11-2011 13:24,24-01-2010 13:55,8,1748.42,956,24,659,218.5525,1764.8173,Medium Value
14523,23-08-2011 13:13,23-08-2011 13:13,1,241.09,251,108,0,241.09,279.1136,Low Value
14524,08-11-2011 12:29,19-10-2010 11:44,13,2909.86,1169,32,385,223.8353846,2603.4727,Medium Value
14525,20-11-2011 11:37,13-12-2009 14:01,17,8026.54,5106,20,706,472.1494118,7877.469,High Value
14526,15-11-2010 13:32,15-11-2010 13:32,1,258.65,178,389,0,258.65,317.09323,Low Value
14527,07-12-2011 12:19,02-12-2009 12:06,122,27246.88,6647,3,735,223.335082,26846.766,High Value
14528,02-11-2011 17:09,02-11-2011 17:09,1,364.22,278,37,0,364.22,381.50598,Low Value
14529,10-10-2011 15:27,21-08-2011 14:10,3,578.61,325,60,50,192.87,599.5732,Low Value
14530,14-11-2011 10:38,21-01-2010 11:25,16,6088.87,2989,26,661,380.554375,6230.0938,High Value
14531,17-08-2010 10:16,17-08-2010 10:16,1,376.34,260,480,0,376.34,399.718,Low Value
14532,17-04-2011 13:05,10-01-2010 11:47,11,3845.78,1111,236,462,349.6163636,3170.2727,Medium Value
14533,15-11-2011 12:05,08-04-2010 12:13,11,3466.37,6038,25,585,315.1245455,3808.603,Medium Value
14534,07-12-2011 12:19,15-03-2010 14:16,26,6187.66,2822,3,631,237.9869231,6075.987,High Value
14535,10-10-2011 15:39,24-02-2010 15:03,9,5973.23,3214,60,593,663.6922222,6080.2666,High Value
14536,25-03-2011 12:21,25-03-2011 12:21,1,170.95,39,260,0,170.95,173.79178,Low Value
14537,13-10-2011 10:54,26-03-2010 13:44,2,641.4,228,58,565,320.7,503.79074,Low Value
14538,06-10-2011 10:31,25-01-2010 15:42,5,1370.84,284,65,618,274.168,1021.80334,Medium Value
14539,24-11-2011 09:50,26-10-2011 12:03,2,537.48,428,16,28,268.74,653.4104,Low Value
14540,30-11-2011 10:15,07-12-2009 13:00,11,3709.64,1595,10,722,337.24,3538.8289,Medium Value
14541,12-10-2011 10:08,07-01-2010 11:59,14,2491.38,1123,59,642,177.9557143,2345.808,Medium Value
14542,07-06-2011 08:19,07-06-2011 08:19,1,103.25,19,186,0,103.25,89.24505,Low Value
14543,11-11-2011 12:45,01-12-2009 13:47,39,14587.87,2639,29,709,374.0479487,13145.784,High Value
14544,15-11-2011 15:06,26-08-2010 16:00,3,2938.53,2412,24,445,979.51,3342.1294,Medium Value
14545,03-02-2010 15:23,03-02-2010 15:23,1,349.25,236,674,0,349.25,385.89774,Low Value
14546,04-12-2011 13:00,06-12-2009 13:10,11,5184.84,2688,5,727,471.3490909,5203.545,Medium Value
14547,06-12-2011 11:06,16-10-2011 14:35,8,3974.75,2639,4,50,496.84375,4242.6997,Medium Value
14548,12-07-2011 12:19,06-12-2009 14:00,9,2541.29,986,151,582,282.3655556,2456.9102,Medium Value
14549,01-02-2011 13:47,02-12-2009 14:06,4,913.6,394,311,425,228.4,829.74536,Low Value
14550,29-11-2011 12:12,13-08-2010 12:05,4,1345.06,771,11,473,336.265,1340.5977,Medium Value
14551,21-11-2011 13:36,27-01-2010 12:06,7,878.09,486,18,663,125.4414286,890.20636,Medium Value
14552,11-07-2011 12:49,26-04-2010 13:44,3,507.93,258,152,440,169.31,473.90335,Low Value
14553,20-11-2011 13:20,18-07-2010 12:07,9,1818.6,1118,19,490,202.0666667,1842.3398,Medium Value
14554,29-11-2011 16:44,18-10-2011 13:04,4,2279.49,1443,10,42,569.8725,2413.7034,Medium Value
14555,13-10-2011 16:24,18-12-2009 11:39,6,2304.03,842,57,664,384.005,2076.9307,Medium Value
14556,22-04-2010 14:57,20-01-2010 11:49,3,815.69,323,596,92,271.8966667,751.38617,Low Value
14557,15-09-2011 15:48,15-09-2011 15:48,1,788.38,510,85,0,788.38,941.2327,Medium Value
14558,23-02-2010 12:51,08-12-2009 10:41,3,655.5,162,654,77,218.5,504.9162,Low Value
14559,14-11-2010 16:05,14-11-2010 16:05,1,75.6,72,390,0,75.6,74.583725,Low Value
14560,02-12-2011 15:22,02-12-2009 10:15,44,6114.03,4580,7,730,138.9552273,8278.476,High Value
14561,25-09-2011 12:39,08-06-2011 13:26,3,1080.76,1014,76,108,360.2533333,1197.7052,Medium Value
14562,06-12-2011 11:05,07-02-2010 14:10,26,6638.15,2574,4,666,255.3134615,6244.0264,High Value
14563,18-07-2010 12:01,26-04-2010 12:51,2,640.54,279,510,82,320.27,538.70404,Low Value
14564,01-10-2010 09:02,04-12-2009 09:27,2,2605.62,1295,435,300,1302.81,2590.0437,Medium Value
14565,05-09-2011 09:07,23-08-2010 09:48,5,3859.22,1940,96,377,771.844,3691.2112,Medium Value
14566,21-08-2011 11:05,24-06-2010 10:34,4,4092,2400,111,423,1023,4331.1553,Medium Value
14567,14-10-2011 10:21,01-08-2011 13:48,2,1530.36,412,57,73,765.18,1386.8297,Medium Value
14568,30-09-2010 17:15,30-09-2010 17:15,1,919.7,645,435,0,919.7,1123.0537,Medium Value
14569,08-12-2011 14:58,15-04-2010 11:49,4,597.33,257,1,602,149.3325,531.8398,Low Value
14570,04-03-2011 10:58,22-09-2010 13:07,3,613.75,431,281,162,204.5833333,679.43616,Low Value
14571,10-10-2010 15:06,10-10-2010 15:06,1,160,56,425,0,160,158.05597,Low Value
14572,06-12-2011 14:40,28-03-2010 13:47,11,5526.88,2878,3,618,502.4436364,5304.8535,Medium Value
14573,13-06-2011 11:15,08-01-2010 16:34,13,2163.12,683,180,520,166.3938462,1829.411,Medium Value
14574,07-12-2009 12:42,07-12-2009 12:42,1,143.7,63,733,0,143.7,138.89738,Low Value
14575,08-08-2010 14:51,08-08-2010 14:51,1,420.22,163,488,0,420.22,415.72037,Low Value
14576,02-12-2010 17:51,02-12-2010 17:51,1,35.4,12,372,0,35.4,63.282875,Low Value
14577,27-11-2011 12:47,11-12-2009 12:09,7,1364.15,569,13,716,194.8785714,1215.521,Medium Value
14578,06-12-2011 17:18,06-12-2011 17:18,1,168.63,240,3,0,168.63,192.96927,Low Value
14579,03-10-2010 14:36,03-10-2010 14:36,1,105.56,56,432,0,105.56,90.02224,Low Value
14580,09-07-2010 15:20,09-07-2010 15:20,1,14.85,3,518,0,14.85,63.282875,Low Value
14581,23-11-2011 12:39,13-06-2010 15:48,2,409.65,304,17,527,204.825,490.9202,Low Value
14582,30-10-2011 11:56,30-10-2011 11:56,1,114.11,73,41,0,114.11,110.33144,Low Value
14583,04-12-2011 12:32,28-03-2010 15:16,8,1660.29,1071,6,615,207.53625,1683.8058,Medium Value
14584,23-06-2011 18:33,17-02-2010 14:01,8,1738.16,960,169,491,217.27,1764.8173,Medium Value
14585,20-10-2011 14:33,19-10-2010 12:17,5,1143.27,630,50,366,228.654,1232.5748,Medium Value
14586,08-03-2011 10:04,08-03-2011 10:04,1,237.36,444,277,0,237.36,401.27737,Low Value
14587,21-11-2011 11:34,12-01-2011 13:16,9,1580.29,749,19,312,175.5877778,1545.0527,Medium Value
14588,10-05-2010 15:08,10-05-2010 15:08,1,135.39,62,578,0,135.39,127.68856,Low Value
14589,03-12-2010 11:42,03-12-2010 11:42,1,39.75,5,372,0,39.75,63.282875,Low Value
14590,11-10-2010 12:06,07-12-2009 14:10,20,2993.37,901,425,307,149.6685,2586.2434,Medium Value
14591,24-11-2011 13:57,10-05-2011 14:09,4,1320.21,1228,15,197,330.0525,1457.0717,Medium Value
14592,04-11-2011 16:35,06-10-2011 18:08,3,557.94,407,35,28,185.98,599.5732,Low Value
14593,18-11-2011 12:48,09-12-2009 12:57,12,3665.53,1848,22,708,305.4608333,3783.948,Medium Value
14594,02-12-2011 13:28,01-12-2010 13:54,2,363.33,183,7,365,181.665,326.33203,Low Value
14595,20-11-2011 12:12,20-01-2010 13:59,8,2164.45,1228,20,668,270.55625,2008.8903,Medium Value
14596,23-03-2010 12:13,23-03-2010 12:13,1,222.22,75,627,0,222.22,234.4651,Low Value
14597,28-11-2011 13:13,28-09-2010 13:17,6,2184.63,1436,11,425,364.105,2267.3828,Medium Value
14598,26-10-2011 13:19,19-05-2010 13:07,2,384.04,354,44,525,192.02,466.58035,Low Value
14599,14-11-2010 14:49,18-07-2010 15:54,2,457.89,292,390,118,228.945,467.10004,Low Value
14600,07-02-2011 09:48,11-11-2010 15:56,2,865.17,487,306,87,432.585,854.38965,Low Value
14601,29-11-2011 09:48,29-11-2011 09:48,1,213.96,168,11,0,213.96,234.4651,Low Value
14602,21-02-2010 15:47,21-02-2010 15:47,1,205.36,80,656,0,205.36,213.2137,Low Value
14603,10-03-2011 10:27,10-03-2011 10:27,1,660,400,275,0,660,660.2593,Low Value
14604,16-03-2010 13:00,16-03-2010 13:00,1,143.86,88,633,0,143.86,138.89738,Low Value
14605,30-11-2010 14:07,08-12-2009 13:59,4,921.56,416,374,357,230.39,885.26855,Medium Value
14606,08-12-2011 19:28,03-12-2009 12:40,192,29951.37,15217,1,735,155.9967187,29947.023,High Value
14607,24-11-2011 10:35,15-12-2009 11:25,22,23763.13,15335,16,708,1080.142273,25107.809,High Value
14608,05-12-2011 16:52,06-12-2009 12:34,11,3352.94,927,4,729,304.8127273,3049.1387,Medium Value
14609,28-09-2011 12:54,09-02-2010 09:48,10,1486.2,12720,72,596,148.62,3491.6113,Medium Value
14610,09-11-2010 10:58,13-07-2010 16:06,2,24.35,15,396,118,12.175,169.66547,Low Value
14611,22-09-2010 09:19,20-04-2010 10:19,2,604.33,582,444,154,302.165,712.6305,Low Value
14612,20-10-2010 16:01,20-10-2010 16:01,1,877.7,134,415,0,877.7,818.1266,Low Value
14613,28-01-2010 13:02,28-01-2010 13:02,1,76.32,72,680,0,76.32,78.87771,Low Value
14614,18-11-2010 13:04,18-11-2010 13:04,1,295.13,189,386,0,295.13,313.40213,Low Value
14615,10-11-2010 13:36,09-06-2010 13:59,5,951.76,495,394,153,190.352,938.49786,Medium Value
14616,11-04-2011 09:54,09-06-2010 09:42,5,527.78,170,243,306,105.556,562.4821,Low Value
14617,02-11-2010 11:41,20-10-2010 10:40,2,190.47,81,403,13,95.235,208.0816,Low Value
14618,30-11-2011 13:45,11-06-2010 10:11,7,1342.32,704,9,537,191.76,1348.0371,Medium Value
14619,08-04-2011 07:37,16-06-2010 14:41,2,1291.24,594,246,295,645.62,1201.7572,Medium Value
14620,18-05-2011 11:58,01-03-2011 08:30,2,412.78,214,206,78,206.39,350.6718,Low Value
14621,08-12-2011 16:22,25-01-2010 09:08,9,3000.57,1706,1,682,333.3966667,2976.8728,Medium Value
14622,08-06-2011 12:42,08-06-2011 12:42,1,320.58,146,185,0,320.58,309.68695,Low Value
14623,07-11-2011 13:56,16-04-2010 17:12,10,2016.98,1025,32,569,201.698,1934.0548,Medium Value
14624,13-10-2011 13:44,14-04-2010 10:44,6,814.07,645,57,547,135.6783333,1046.7332,Medium Value
14625,27-05-2011 15:32,16-12-2009 13:23,11,4497.88,2155,196,527,408.8981818,4461.63,Medium Value
14626,16-11-2011 10:37,10-12-2009 14:57,11,5410.92,3135,24,705,491.9018182,5572.655,High Value
14627,25-11-2010 16:32,25-11-2010 16:32,1,462.75,284,379,0,462.75,472.1479,Low Value
14628,09-09-2011 14:58,25-01-2010 14:40,5,1998,1147,91,592,399.6,1961.3568,Medium Value
14629,05-12-2011 16:55,23-10-2011 16:13,2,955.26,378,4,43,477.63,924.7071,Medium Value
14630,12-08-2010 16:38,12-08-2010 16:38,1,338.65,111,484,0,338.65,350.98447,Low Value
14631,20-10-2011 11:17,09-08-2010 14:45,6,2025.69,1407,51,436,337.615,2036.1581,Medium Value
14632,22-03-2011 08:49,22-03-2011 08:49,1,114.56,96,263,0,114.56,110.33144,Low Value
14633,18-03-2011 17:07,18-03-2011 17:07,1,344.9,96,266,0,344.9,350.98447,Low Value
14634,28-09-2010 10:40,16-06-2010 09:48,4,2124.46,1906,438,104,531.115,2538.5452,Medium Value
14635,12-09-2010 10:47,12-09-2010 10:47,1,215.22,118,454,0,215.22,234.4651,Low Value
14636,03-11-2011 16:12,16-03-2011 09:52,2,609.85,241,36,232,304.925,531.12317,Low Value
14637,31-01-2010 15:52,31-01-2010 15:52,1,106.68,100,677,0,106.68,90.02224,Low Value
14638,20-10-2011 10:10,20-10-2011 10:10,1,443.6,166,51,0,443.6,415.72037,Low Value
14639,18-10-2011 15:06,16-02-2010 12:35,9,4978.96,2410,52,609,553.2177778,4867.721,Medium Value
14640,15-11-2011 13:07,22-01-2010 15:44,10,3649.36,1645,24,661,364.936,3576.5015,Medium Value
14641,18-11-2011 10:42,18-11-2011 10:42,1,110.46,90,22,0,110.46,98.262115,Low Value
14642,12-10-2011 11:08,12-10-2011 11:08,1,96.12,76,59,0,96.12,89.24505,Low Value
14643,22-06-2011 14:41,11-12-2009 11:52,5,1679.89,1377,170,558,335.978,1726.7015,Medium Value
14644,03-10-2011 08:30,03-12-2009 16:24,7,2247.72,770,68,668,321.1028571,1917.8313,Medium Value
14645,06-07-2011 09:15,15-03-2010 11:33,3,876.89,587,157,477,292.2966667,894.7759,Medium Value
14646,08-12-2011 12:12,02-12-2009 16:52,151,528602.52,367193,2,735,3500.67894,532273.9,High Value
14647,22-05-2011 13:40,04-07-2010 13:27,2,506.04,175,201,322,253.02,454.55136,Low Value
14648,19-10-2010 13:12,10-12-2009 13:59,15,4466.65,3265,416,312,297.7766667,4579.7744,Medium Value
14649,05-12-2011 12:30,20-01-2010 13:10,9,3651.19,2415,5,683,405.6877778,3685.2637,Medium Value
14650,29-04-2010 20:27,29-04-2010 20:27,1,62.5,22,589,0,62.5,70.265274,Low Value
14651,03-10-2011 15:52,18-03-2010 11:39,9,2025.52,880,67,564,225.0577778,1873.8125,Medium Value
14652,23-09-2011 14:21,23-09-2011 14:21,1,114.18,53,77,0,114.18,110.33144,Low Value
14653,08-12-2011 13:45,02-12-2009 11:51,12,3593.06,1969,1,736,299.4216667,3760.9897,Medium Value
14654,01-12-2009 12:57,01-12-2009 12:57,1,246.86,273,738,0,246.86,301.4259,Low Value
14655,01-12-2011 16:28,22-04-2010 14:29,7,3878.51,2341,8,588,554.0728571,4094.4382,Medium Value
14656,23-06-2011 13:51,15-04-2010 12:10,5,790,309,169,434,158,775.13776,Low Value
14657,22-11-2011 12:47,30-09-2010 19:57,6,1450.19,879,18,417,241.6983333,1435.4167,Medium Value
14658,04-12-2011 15:35,14-08-2011 15:42,2,247.15,47,5,111,123.575,236.21922,Low Value
14659,01-12-2011 12:17,28-01-2011 12:43,9,2529.93,1195,9,306,281.1033333,2613.1018,Medium Value
14660,14-09-2011 11:34,31-08-2011 10:40,2,285.74,228,87,14,142.87,264.7851,Low Value
14661,13-11-2011 11:51,13-11-2011 11:51,1,107.95,35,27,0,107.95,98.262115,Low Value
14662,11-11-2011 12:13,03-12-2009 16:47,7,1376.43,907,29,707,196.6328571,1582.8232,Medium Value
14663,05-10-2010 13:21,05-10-2010 13:12,2,490.6,397,430,0,245.3,516.6186,Low Value
14664,20-11-2011 10:59,06-11-2011 14:56,2,636.24,465,20,13,318.12,689.93713,Low Value
14665,10-10-2011 09:14,26-04-2010 11:17,7,2749.65,1144,61,531,392.8071429,2634.1318,Medium Value
14666,15-11-2011 12:57,15-11-2011 12:57,1,195.25,161,24,0,195.25,188.87389,Low Value
14667,29-11-2011 11:30,02-12-2009 12:38,54,20395.34,11939,11,726,377.6914815,19874.314,High Value
14668,20-09-2010 15:03,20-09-2010 15:03,1,111.63,49,445,0,111.63,103.77736,Low Value
14669,12-04-2011 11:43,02-12-2009 13:06,7,3216.78,2043,242,495,459.54,3129.266,Medium Value
14670,04-03-2011 14:13,07-12-2009 13:59,3,583.33,423,280,452,194.4433333,655.0964,Low Value
14671,08-06-2010 13:39,20-05-2010 18:21,2,1127.45,571,549,18,563.725,1147.5303,Medium Value
14672,19-04-2011 10:19,28-01-2010 11:33,4,1113.14,646,235,445,278.285,1157.0483,Medium Value
14673,06-12-2011 14:31,26-10-2010 10:14,7,3037.32,1822,3,406,433.9028571,2933.5503,Medium Value
14674,18-07-2010 14:25,18-07-2010 14:25,1,173.66,103,509,0,173.66,173.79178,Low Value
14675,23-11-2011 12:58,16-11-2010 12:22,2,1015.58,660,16,372,507.79,1055.7404,Medium Value
14676,08-11-2011 13:29,10-03-2010 09:30,12,8356.79,8792,31,608,696.3991667,8957.464,High Value
14677,26-04-2010 09:48,26-04-2010 09:48,1,184.91,139,593,0,184.91,188.87389,Low Value
14678,09-05-2010 14:32,09-05-2010 14:32,1,403.39,179,579,0,403.39,369.72076,Low Value
14679,23-11-2010 11:51,08-12-2009 17:13,3,1289.44,794,382,349,429.8133333,1301.0951,Medium Value
14680,14-11-2011 16:59,04-12-2009 12:36,58,55688.5,26894,25,710,960.1465517,56814.023,High Value
14681,29-09-2011 15:52,24-02-2010 08:54,6,875.15,172,71,582,145.8583333,703.92914,Low Value
14682,05-06-2011 12:12,05-02-2010 14:47,6,1514.81,949,188,484,252.4683333,1644.3213,Medium Value
14683,30-04-2010 17:18,30-04-2010 17:18,1,146.56,386,588,0,146.56,227.74707,Low Value
14684,14-11-2011 11:33,14-11-2010 14:07,6,1430.03,1005,26,364,238.3383333,1493.4133,Medium Value
14685,12-05-2010 13:08,13-12-2009 11:32,8,4536.64,1969,576,150,567.08,4236.8433,Medium Value
14686,21-10-2010 18:31,18-02-2010 18:29,5,852.53,457,414,245,170.506,910.1503,Medium Value
14687,25-08-2011 11:59,06-06-2010 10:36,3,1402.06,850,107,445,467.3533333,1406.9203,Medium Value
14688,02-12-2011 12:26,09-09-2010 12:35,28,7190.42,5041,8,448,256.8007143,7311.7295,High Value
14689,15-05-2011 11:22,15-05-2011 11:22,1,112.8,76,209,0,112.8,110.33144,Low Value
14690,26-10-2011 15:39,25-10-2010 12:20,4,777.68,341,44,366,194.42,716.5011,Low Value
14691,09-11-2011 12:30,11-05-2011 09:55,5,2114.33,707,31,182,422.866,1850.439,Medium Value
14692,25-07-2011 15:08,01-04-2010 14:04,12,1715.14,890,137,480,142.9283333,1949.3743,Medium Value
14693,20-03-2011 12:50,02-07-2010 08:28,7,1165.36,388,265,261,166.48,999.2036,Medium Value
14694,01-04-2010 19:46,01-04-2010 19:46,1,244.31,193,617,0,244.31,266.51257,Low Value
14695,08-07-2010 14:18,07-12-2009 11:05,3,1534.22,661,519,213,511.4066667,1442.9463,Medium Value
14696,05-12-2011 13:43,14-10-2010 11:43,8,2473.28,1867,4,417,309.16,2671.4229,Medium Value
14697,05-05-2011 15:39,05-05-2011 15:29,2,188.61,181,218,0,94.305,180.48112,Low Value
14698,08-12-2011 12:26,19-10-2011 12:54,5,1217.27,602,2,49,243.454,1126.2335,Medium Value
14699,09-05-2011 14:54,02-07-2010 12:04,4,702.6,484,214,311,175.65,772.2824,Low Value
14700,07-11-2011 14:40,11-08-2010 12:19,5,3076.06,1606,32,453,615.212,3086.5876,Medium Value
14701,29-11-2011 12:38,24-01-2010 12:15,15,4487.11,1744,11,674,299.1406667,4154.368,Medium Value
14702,08-12-2011 19:29,10-12-2009 20:22,29,6368.78,2878,1,727,219.6131034,5992.8315,High Value
14703,25-11-2011 09:23,25-11-2011 09:23,1,318.17,183,15,0,318.17,309.68695,Low Value
14704,28-11-2011 12:51,25-03-2010 17:21,11,1752.92,1164,11,612,159.3563636,1873.5553,Medium Value
14705,25-05-2011 12:39,25-05-2011 12:39,1,179,100,199,0,179,191.44595,Low Value
14706,31-03-2010 11:09,31-03-2010 11:09,1,367.54,246,619,0,367.54,381.50598,Low Value
14707,30-09-2010 11:37,12-05-2010 11:07,2,139.2,96,436,141,69.6,173.74393,Low Value
14708,07-12-2011 08:21,10-09-2010 10:26,5,1793.22,1159,3,452,358.644,1730.611,Medium Value
14709,24-11-2011 15:41,05-12-2009 15:26,25,8886.33,4141,15,719,355.4532,8505.302,High Value
14710,25-11-2011 14:53,03-12-2009 17:12,13,1899.79,1135,14,721,146.1376923,1876.8695,Medium Value
14711,29-11-2011 14:58,22-03-2011 13:32,11,2839.62,966,10,252,258.1472727,2663.3516,Medium Value
14712,10-11-2011 12:59,17-10-2010 14:49,4,1328.07,411,29,388,332.0175,1141.3987,Medium Value
14713,30-11-2011 16:26,03-12-2009 19:22,21,5115.76,3329,9,726,243.607619,5801.3174,High Value
14714,15-11-2011 13:07,21-01-2010 11:51,4,906.24,642,24,663,226.56,1055.2,Medium Value
14715,15-11-2011 12:10,19-01-2010 12:18,8,1825.45,1030,25,664,228.18125,1804.917,Medium Value
14716,27-10-2011 17:29,21-09-2010 12:07,3,543.28,643,43,401,181.0933333,800.3048,Low Value
14717,06-12-2009 13:05,06-12-2009 13:05,1,81.3,32,733,0,81.3,78.87771,Low Value
14718,25-10-2010 13:07,25-10-2010 13:07,1,226.42,202,410,0,226.42,244.20036,Low Value
14719,08-12-2011 12:43,04-04-2011 14:17,5,1581.84,1025,2,247,316.368,1536.5571,Medium Value
14720,04-12-2011 12:02,05-08-2011 12:06,3,663.81,219,6,120,221.27,504.9162,Low Value
14721,25-11-2010 13:08,25-11-2010 13:08,1,109.07,57,379,0,109.07,98.262115,Low Value
14722,15-07-2011 14:58,10-08-2010 13:28,3,489.52,214,147,339,163.1733333,423.25418,Low Value
14723,29-11-2011 15:23,04-12-2009 11:22,11,1803.06,1168,10,725,163.9145455,1873.5553,Medium Value
14724,28-04-2010 13:26,28-04-2010 13:26,1,341.9,184,590,0,341.9,350.98447,Low Value
14725,15-11-2011 12:42,23-06-2010 11:34,4,1252.74,1335,25,510,313.185,1437.7794,Medium Value
14726,23-02-2010 12:35,23-02-2010 12:35,1,116.5,82,655,0,116.5,110.33144,Low Value
14727,10-03-2011 14:45,11-06-2010 13:23,3,463.73,458,274,272,154.5766667,580.86414,Low Value
14728,22-10-2010 15:57,22-10-2010 15:57,1,190.58,68,413,0,190.58,188.87389,Low Value
14729,01-12-2010 12:43,24-03-2010 13:30,3,586.24,372,374,251,195.4133333,599.5732,Low Value
14730,08-12-2011 14:39,08-03-2011 12:49,8,1897.57,1078,1,275,237.19625,1826.826,Medium Value
14731,23-10-2011 15:54,11-05-2011 13:06,3,380.02,256,47,165,126.6733333,399.63434,Low Value
14732,01-12-2011 14:34,09-12-2009 10:48,19,5517.07,2273,8,722,290.3721053,5411.9956,High Value
14733,23-11-2011 15:39,02-11-2010 15:42,15,14335.15,5799,16,385,955.6766667,13445.191,High Value
14734,10-10-2010 12:04,06-06-2010 15:15,4,1056.42,378,426,125,264.105,921.3771,Medium Value
14735,06-12-2011 12:09,04-12-2009 11:32,56,12240.16,4513,4,732,218.5742857,12176.317,High Value
14736,11-08-2010 15:21,11-08-2010 15:13,2,374.05,148,485,0,187.025,298.73157,Low Value
14737,06-12-2011 10:16,04-11-2010 11:29,4,3554.17,1071,4,396,888.5425,3142.9053,Medium Value
14738,28-10-2011 08:56,07-12-2009 10:21,9,1821.9,757,43,689,202.4333333,1630.1122,Medium Value
14739,05-12-2011 16:54,02-12-2009 13:23,25,11573.62,9696,4,733,462.9448,12765.747,High Value
14740,26-05-2011 18:17,25-02-2010 11:40,11,4161.06,2081,197,455,378.2781818,4230.042,Medium Value
14741,28-11-2011 08:48,18-10-2010 09:33,7,1713.09,1006,12,405,244.7271429,1728.598,Medium Value
14742,30-09-2010 14:07,30-09-2010 14:07,1,579.85,374,435,0,579.85,658.4448,Low Value
14743,26-04-2010 10:26,26-04-2010 10:26,1,50.48,40,593,0,50.48,63.282875,Low Value
14744,23-11-2011 12:51,18-05-2010 14:06,14,3660.08,2399,16,553,261.4342857,3818.02,Medium Value
14745,19-08-2011 10:05,12-03-2010 10:33,12,2551.41,1969,113,524,212.6175,2636.0037,Medium Value
14746,29-10-2010 14:44,12-10-2010 11:06,4,593.5,398,406,17,148.375,615.9306,Low Value
14747,04-04-2011 14:09,04-04-2011 14:09,1,328.2,84,249,0,328.2,323.5174,Low Value
14748,10-11-2011 18:33,04-03-2010 17:08,10,2681.9,2422,29,616,268.19,2860.8176,Medium Value
14749,17-08-2010 12:36,17-08-2010 12:36,1,310.15,403,480,0,310.15,402.86157,Low Value
14750,03-12-2009 17:57,03-12-2009 17:57,1,112.03,65,736,0,112.03,103.77736,Low Value
14751,24-01-2010 13:37,13-12-2009 14:08,2,126.45,65,684,41,63.225,182.62694,Low Value
14752,27-10-2011 11:55,27-10-2011 11:55,1,389.64,260,44,0,389.64,404.63403,Low Value
14753,13-09-2011 14:50,05-09-2010 11:04,2,869.51,412,87,373,434.755,847.1724,Low Value
14754,26-10-2011 12:01,18-01-2010 11:04,6,1547.93,1010,45,646,257.9883333,1591.1079,Medium Value
14755,30-11-2011 11:24,03-12-2009 16:51,25,9972.55,4401,10,726,398.902,9706.273,High Value
14756,24-11-2011 18:13,11-10-2010 11:50,3,2653.76,1423,15,409,884.5866667,2748.1475,Medium Value
14757,25-09-2011 14:36,25-09-2011 14:36,1,420.5,160,75,0,420.5,415.72037,Low Value
14758,18-07-2011 08:21,08-04-2010 08:27,7,2864.97,840,145,465,409.2814286,2419.3784,Medium Value
14759,05-12-2011 12:03,21-04-2011 10:55,3,1625.97,569,5,228,541.99,1381.535,Medium Value
14760,15-02-2011 16:27,15-02-2011 16:27,1,89.2,40,297,0,89.2,82.6925,Low Value
14761,12-10-2011 12:10,21-09-2010 14:22,3,447.92,206,59,385,149.3066667,416.596,Low Value
14762,21-03-2011 08:20,23-03-2010 15:36,2,417.57,428,264,362,208.785,546.4434,Low Value
14764,24-10-2011 11:54,24-10-2011 11:54,1,278.3,190,47,0,278.3,319.02124,Low Value
14765,10-11-2011 19:53,16-06-2011 19:49,3,254.11,135,29,147,84.70333333,308.86932,Low Value
14766,01-12-2011 16:05,06-06-2010 11:11,11,6375.73,3999,8,543,579.6118182,5966.957,High Value
14767,22-08-2010 14:54,22-08-2010 14:54,1,382.81,117,474,0,382.81,364.04288,Low Value
14768,22-11-2011 12:54,04-08-2011 13:25,2,192.6,52,17,109,96.3,208.0816,Low Value
14769,07-12-2011 10:24,16-12-2009 09:17,17,15514.11,11058,3,721,912.5947059,16021.001,High Value
14770,21-04-2011 14:21,25-02-2010 18:58,8,3637.64,1598,232,419,454.705,3541.8142,Medium Value
14771,28-03-2010 12:52,03-12-2009 09:44,2,594.62,622,621,115,297.31,781.9607,Low Value
14772,19-08-2011 15:04,19-08-2011 15:04,1,139.26,82,112,0,139.26,127.68856,Low Value
14773,26-04-2010 10:29,26-04-2010 10:29,1,140.55,53,593,0,140.55,138.89738,Low Value
14774,29-06-2010 12:26,29-06-2010 12:26,1,241.45,99,529,0,241.45,244.20036,Low Value
14775,12-10-2011 15:27,02-12-2010 16:38,3,1011.9,1174,58,313,337.3,1242.1115,Medium Value
14776,19-10-2011 15:34,19-09-2010 14:12,15,3708.3,4658,51,395,247.22,4918.2886,Medium Value
14777,01-11-2010 12:50,01-11-2010 12:50,1,307.56,212,404,0,307.56,309.68695,Low Value
14778,04-08-2011 15:23,04-02-2011 11:43,2,730.86,306,127,181,365.43,708.1052,Low Value
14779,04-03-2011 12:42,20-01-2011 12:04,3,386.15,84,281,43,128.7166667,380.2871,Low Value
14780,16-10-2011 12:46,21-09-2011 15:15,2,447.68,310,55,24,223.84,512.17145,Low Value
14782,24-01-2011 11:12,24-01-2011 11:12,1,200.1,114,320,0,200.1,188.87389,Low Value
14783,18-02-2010 16:16,18-02-2010 16:16,1,307.3,262,659,0,307.3,344.60022,Low Value
14784,13-11-2011 13:30,15-11-2010 09:49,3,449.93,363,26,363,149.9766667,528.3745,Low Value
14785,29-11-2011 13:21,24-11-2011 13:40,2,77.4,84,10,4,38.7,148.04407,Low Value
14786,07-06-2010 13:42,07-06-2010 13:42,1,90.96,112,550,0,90.96,82.6925,Low Value
14787,25-08-2010 14:38,25-08-2010 14:38,1,110.65,59,471,0,110.65,98.262115,Low Value
14788,02-12-2011 17:06,22-04-2010 18:16,3,1156.32,719,7,588,385.44,1135.9688,Medium Value
14789,11-11-2011 08:59,11-11-2011 08:59,1,197.64,116,29,0,197.64,188.87389,Low Value
14790,23-11-2011 09:28,11-12-2009 14:37,10,2526.62,2642,17,711,252.662,2729.5815,Medium Value
14791,12-04-2010 10:24,12-04-2010 10:24,1,303.63,127,607,0,303.63,311.2562,Low Value
14792,07-10-2011 09:19,07-10-2011 09:19,1,6.2,2,64,0,6.2,63.282875,Low Value
14793,18-11-2011 14:50,22-06-2010 16:54,2,625.9,361,21,513,312.95,628.062,Low Value
14794,07-12-2011 10:11,09-08-2010 15:44,10,1953.9,783,3,484,195.39,1781.4292,Medium Value
14795,26-06-2011 13:04,26-06-2011 13:04,1,131.45,17,166,0,131.45,125.89756,Low Value
14796,08-12-2011 15:31,14-12-2009 15:06,27,10169.33,7188,1,724,376.6418519,10236.578,High Value
14797,20-07-2010 14:07,20-07-2010 14:07,1,300.31,99,507,0,300.31,313.40213,Low Value
14798,18-10-2011 10:58,01-03-2010 08:38,8,724.31,601,53,596,90.53875,922.50494,Medium Value
14799,19-10-2011 16:16,02-12-2009 11:18,2,338.15,495,51,686,169.075,518.7409,Low Value
14800,23-10-2011 12:46,30-09-2010 14:38,17,7191.33,6501,48,387,423.0194118,7909.849,High Value
14801,09-10-2011 15:24,09-10-2011 15:24,1,189.34,173,61,0,189.34,188.87389,Low Value
14802,27-09-2010 16:34,27-09-2010 16:32,2,1502.98,2,438,0,751.49,1612.9812,Medium Value
14803,30-06-2011 13:58,20-02-2011 13:21,3,845.55,370,162,130,281.85,751.38617,Low Value
14804,01-12-2011 11:20,01-12-2011 11:20,1,353.27,121,9,0,353.27,350.98447,Low Value
14805,24-11-2011 16:20,28-03-2010 12:34,7,1082.55,416,15,606,154.65,1015.97644,Medium Value
14806,25-09-2011 15:32,26-09-2010 15:50,2,303.43,423,75,363,151.715,450.90494,Low Value
14807,14-11-2010 12:47,28-02-2010 11:33,2,504.14,234,391,259,252.07,433.2998,Low Value
14808,31-10-2011 12:21,20-06-2011 12:53,8,2718.6,2120,40,132,339.825,2800.5852,Medium Value
14809,28-03-2010 15:44,28-03-2010 15:42,2,686.76,232,621,0,343.38,548.75385,Low Value
14810,30-10-2011 11:19,06-10-2010 13:12,13,2354.03,1162,41,388,181.0792308,2293.9429,Medium Value
14811,17-11-2010 13:09,17-11-2010 13:09,1,170.5,74,387,0,170.5,173.79178,Low Value
14812,20-04-2010 12:13,20-04-2010 12:13,1,178.85,135,599,0,178.85,191.44595,Low Value
14813,05-12-2010 11:57,08-04-2010 11:49,4,888.91,392,370,241,222.2275,776.4734,Low Value
14814,07-05-2010 14:10,07-05-2010 14:10,1,154.21,93,581,0,154.21,157.71541,Low Value
14815,03-11-2011 11:36,03-10-2011 11:36,2,778.5,744,37,31,389.25,852.9081,Low Value
14816,26-05-2011 13:16,26-05-2011 13:16,1,271.85,5,197,0,271.85,319.02124,Low Value
14817,23-05-2011 13:35,22-03-2010 12:10,7,3959.86,2462,200,427,565.6942857,4143.291,Medium Value
14818,27-09-2011 11:01,02-03-2010 12:48,6,1153.56,543,74,573,192.26,1106.6101,Medium Value
14819,06-10-2011 13:41,21-12-2009 15:54,4,456.41,170,64,653,114.1025,439.57394,Low Value
14820,18-11-2011 15:41,31-01-2010 12:49,9,1274.76,724,21,656,141.64,1377.0443,Medium Value
14821,08-12-2010 08:43,01-02-2010 13:33,7,1230.15,459,367,309,175.7357143,1106.8027,Medium Value
14822,11-08-2010 12:52,11-08-2010 12:52,1,157.7,94,485,0,157.7,158.05597,Low Value
14823,12-06-2011 13:12,29-05-2011 12:48,3,321.43,88,180,14,107.1433333,352.6517,Low Value
14824,29-11-2011 14:20,12-03-2010 13:07,10,4022.91,1954,10,627,402.291,3902.4617,Medium Value
14825,06-12-2011 11:38,06-04-2010 14:14,24,4735.08,2774,4,608,197.295,5010.775,Medium Value
14826,07-05-2010 09:00,13-01-2010 13:08,2,385.2,152,582,113,192.6,326.33203,Low Value
14828,27-05-2011 10:16,07-12-2009 11:19,13,9839.46,9718,197,535,756.8815385,10512.267,High Value
14829,10-11-2011 16:16,29-09-2010 13:14,7,1455.87,957,29,407,207.9814286,1621.5443,Medium Value
14830,17-10-2011 14:29,17-10-2011 14:29,1,188.88,164,53,0,188.88,188.87389,Low Value
14831,28-01-2010 14:31,02-12-2009 09:21,3,1676.57,885,680,57,558.8566667,1697.0878,Medium Value
14832,19-03-2010 15:14,19-03-2010 15:14,1,322.69,1,630,0,322.69,309.68695,Low Value
14833,29-07-2010 10:06,29-07-2010 10:06,1,94.8,58,499,0,94.8,89.24505,Low Value
14834,22-11-2011 10:30,28-10-2010 17:37,7,2206.16,872,18,389,315.1657143,2004.5958,Medium Value
14835,29-06-2010 10:08,01-04-2010 19:34,2,297,180,529,88,148.5,283.6031,Low Value
14836,29-11-2011 16:45,09-11-2011 13:26,3,102.45,45,10,20,34.15,250.01768,Low Value
14837,11-09-2011 10:58,24-01-2010 10:20,9,3460.32,3030,90,595,384.48,3678.1194,Medium Value
14838,12-10-2010 15:46,03-12-2009 09:52,2,769.92,361,423,313,384.96,756.31116,Low Value
14839,17-10-2010 13:01,04-01-2010 16:29,3,915.28,927,418,285,305.0933333,1073.9081,Medium Value
14840,17-03-2011 12:00,18-06-2010 15:42,2,362.71,179,268,271,181.355,323.0678,Low Value
14841,17-10-2011 15:03,02-12-2009 16:49,14,7163,4164,53,683,511.6428571,7032.6826,High Value
14842,27-10-2011 12:37,04-02-2011 15:32,4,2824.69,1166,44,264,706.1725,2528.5432,Medium Value
14843,29-09-2010 12:39,29-09-2010 12:39,1,211.8,132,437,0,211.8,234.4651,Low Value
14844,07-10-2011 10:41,12-04-2010 12:50,10,6702.43,4369,64,542,670.243,6812.8374,High Value
14845,19-04-2010 10:19,19-04-2010 10:19,1,150,600,600,0,150,311.2703,Low Value
14846,08-10-2010 17:07,08-10-2010 17:07,1,437.4,193,427,0,437.4,415.72037,Low Value
14847,14-07-2011 10:52,24-05-2010 12:29,3,1348.95,533,149,415,449.65,1217.4667,Medium Value
14848,31-10-2010 12:22,31-10-2010 12:22,1,310.56,260,405,0,310.56,344.60022,Low Value
14849,18-11-2011 10:58,10-01-2010 11:40,43,15407.61,11838,22,676,358.3165116,16731.586,High Value
14850,01-02-2011 11:21,20-05-2010 13:28,7,1770.96,1393,312,256,252.9942857,1945.3867,Medium Value
14851,16-11-2011 14:20,19-03-2010 11:52,3,829.41,631,23,607,276.47,928.4057,Medium Value
14852,12-10-2011 13:20,05-03-2010 14:51,18,6132.43,4366,58,585,340.6905556,5991.1157,High Value
14853,15-11-2011 16:56,13-04-2010 09:26,5,1376.87,345,24,581,275.374,1083.8359,Medium Value
14854,22-09-2011 17:00,22-01-2010 09:48,11,4303.06,2987,78,608,391.1872727,4249.923,Medium Value
14855,12-08-2011 14:02,08-04-2010 10:30,7,6520.3,3510,119,491,931.4714286,6661.7,High Value
14856,03-11-2011 14:53,14-10-2011 09:35,3,1290.53,711,36,20,430.1766667,1260.3135,Medium Value
14857,11-10-2011 09:23,15-03-2010 11:00,7,3651.851,2081,60,574,521.693,3491.3037,Medium Value
14858,22-07-2010 10:51,22-07-2010 10:51,1,180.75,105,506,0,180.75,190.86253,Low Value
14859,27-11-2011 11:18,03-06-2010 10:26,5,1705.64,888,13,542,341.128,1675.7904,Medium Value
14860,20-11-2011 14:17,20-11-2011 14:17,1,170.32,232,19,0,170.32,173.79178,Low Value
14861,18-10-2011 12:54,08-12-2009 12:12,10,1380.73,1076,52,679,138.073,1507.7397,Medium Value
14862,14-11-2011 10:01,14-07-2011 11:20,2,841.2,772,26,122,420.6,914.13525,Medium Value
14863,10-11-2011 15:04,10-11-2011 15:04,1,266.76,132,29,0,266.76,314.48813,Low Value
14865,02-12-2011 16:25,01-12-2009 16:05,4,92.52,204,7,731,23.13,228.0141,Low Value
14866,29-11-2011 11:45,26-08-2010 11:54,19,20746.54,9089,11,459,1091.923158,19477.146,High Value
14867,07-06-2011 11:39,05-12-2009 15:47,16,2952.06,996,186,548,184.50375,2748.3413,Medium Value
14868,06-12-2011 14:49,15-10-2010 14:52,12,4184.01,2230,3,416,348.6675,4151.4434,Medium Value
14869,01-12-2011 12:36,16-12-2009 11:43,6,2778.14,2130,9,715,463.0233333,2911.998,Medium Value
14870,23-03-2011 10:51,25-01-2010 09:05,6,1838.95,483,262,422,306.4916667,1567.5824,Medium Value
14871,06-12-2011 13:42,01-12-2009 11:57,9,1228.17,446,3,735,136.4633333,1184.9448,Medium Value
14872,13-08-2010 12:34,16-03-2010 14:41,3,816.6,662,484,149,272.2,928.4057,Medium Value
14873,13-05-2011 13:52,16-03-2010 10:51,2,854.13,311,210,423,427.065,802.3109,Low Value
14874,22-06-2010 14:58,22-06-2010 14:58,1,116.18,148,535,0,116.18,110.33144,Low Value
14875,24-08-2011 12:20,24-09-2010 10:28,3,2862.4,1332,108,334,954.1333333,2631.7368,Medium Value
14876,06-07-2010 14:57,27-05-2010 13:49,2,256.7,162,521,40,128.35,242.99582,Low Value
14877,17-10-2010 13:09,07-03-2010 12:25,2,425.85,168,418,224,212.925,371.92322,Low Value
14878,27-11-2011 11:15,21-02-2010 11:14,25,4076.5,2416,13,644,163.06,4187.519,Medium Value
14879,24-01-2010 11:35,24-01-2010 11:35,1,185.06,104,685,0,185.06,188.87389,Low Value
14880,23-09-2011 13:42,24-02-2011 12:27,3,690.59,365,77,211,230.1966667,654.8996,Low Value
14881,20-11-2011 11:06,20-11-2011 11:06,1,255.4,316,20,0,255.4,416.03305,Low Value
14882,13-11-2011 12:47,30-03-2010 15:02,14,3546.65,1614,27,592,253.3321429,3454.4604,Medium Value
14883,21-11-2011 10:23,12-05-2011 09:49,6,761.59,790,19,193,126.9316667,1026.3872,Medium Value
14884,08-02-2010 12:56,08-02-2010 12:56,1,120.6,72,669,0,120.6,110.33144,Low Value
14885,31-07-2011 12:05,31-08-2010 10:11,3,1598.12,1308,132,334,532.7066667,1646.5835,Medium Value
14886,01-04-2011 08:56,01-04-2011 08:56,1,364.8,160,253,0,364.8,346.5927,Low Value
14887,21-09-2011 15:32,21-09-2011 15:32,1,1862,1100,79,0,1862,1774.9628,Medium Value
14888,16-05-2011 14:58,16-05-2011 14:58,1,369.2,184,207,0,369.2,364.93,Low Value
14889,07-01-2011 15:19,07-01-2011 15:19,1,135.9,90,336,0,135.9,127.68856,Low Value
14890,31-03-2011 11:57,18-02-2010 09:00,3,817.25,636,254,406,272.4166667,928.4057,Medium Value
14891,14-07-2011 18:08,29-09-2010 12:41,4,1106.73,788,148,288,276.6825,1197.83,Medium Value
14892,18-01-2010 08:58,18-01-2010 08:58,1,202.35,79,691,0,202.35,213.2137,Low Value
14893,30-11-2011 12:31,01-04-2010 09:03,3,1809.61,1047,10,608,603.2033333,1723.6884,Medium Value
14894,15-09-2011 13:51,02-12-2009 10:42,3,1492.81,603,85,652,497.6033333,1322.6333,Medium Value
14895,02-12-2011 09:23,10-12-2009 14:22,38,25119.54,10714,8,721,661.0405263,23774.553,High Value
14896,19-05-2011 10:20,06-12-2009 12:42,8,1826,931,205,528,228.25,1877.875,Medium Value
14897,02-12-2011 10:32,15-12-2009 17:05,8,3140.54,1162,8,716,392.5675,2945.5417,Medium Value
14898,16-11-2011 14:54,03-12-2009 16:40,14,3365.95,2207,23,712,240.425,3591.32,Medium Value
14899,09-11-2010 15:20,09-11-2010 15:20,1,1331.38,570,395,0,1331.38,1204.601,Medium Value
14900,05-07-2010 15:09,05-07-2010 15:09,1,13.92,48,522,0,13.92,63.282875,Low Value
14901,28-11-2011 17:09,29-07-2010 11:11,12,1919,880,11,487,159.9166667,1861.6335,Medium Value
14902,14-11-2011 10:34,04-06-2010 12:35,3,1035.62,716,26,527,345.2066667,1083.1998,Medium Value
14903,18-11-2011 16:07,06-03-2011 11:50,5,2795.33,1531,21,257,559.066,2906.9434,Medium Value
14904,07-12-2011 12:55,08-10-2010 12:48,4,1630.49,2522,2,425,407.6225,2112.991,Medium Value
14905,05-07-2011 12:41,03-12-2009 14:36,8,1971.39,1009,158,578,246.42375,1826.826,Medium Value
14906,20-09-2010 16:30,20-09-2010 16:30,1,68.44,1,445,0,68.44,70.265274,Low Value
14907,06-12-2011 14:14,16-04-2010 13:40,16,5547.72,2583,3,599,346.7325,5484.4106,High Value
14908,26-09-2011 12:56,02-09-2010 16:39,2,381.9,182,74,388,190.95,326.33203,Low Value
14909,28-09-2010 16:56,14-02-2010 15:47,3,1404.68,888,437,226,468.2266667,1508.6849,Medium Value
14910,07-12-2011 10:06,16-10-2011 11:06,4,434.35,238,3,51,108.5875,462.4179,Low Value
14911,08-12-2011 15:54,01-12-2009 11:41,398,291420.81,147972,1,737,732.2130905,290512.97,High Value
14912,23-11-2011 09:20,26-01-2010 16:29,6,1889.25,1819,17,665,314.875,2096.7834,Medium Value
14913,04-11-2011 08:29,11-08-2010 08:40,8,4073.13,3955,36,449,509.14125,4562.2476,Medium Value
14915,09-09-2011 13:34,03-12-2009 10:17,11,1811.25,707,91,645,164.6590909,1689.341,Medium Value
14916,30-09-2011 09:20,01-04-2010 10:57,8,3042.95,2415,71,546,380.36875,3322.4219,Medium Value
14917,22-04-2010 11:28,22-04-2010 09:44,2,1123.75,891,597,0,561.875,1352.9713,Medium Value
14918,16-08-2011 11:50,08-04-2010 11:18,9,5955.81,2551,116,495,661.7566667,5252.167,Medium Value
14919,18-06-2010 13:06,18-06-2010 13:06,1,359.35,129,539,0,359.35,346.5927,Low Value
14920,11-05-2011 10:32,23-05-2010 15:25,3,1607.17,886,213,352,535.7233333,1636.6489,Medium Value
14921,09-11-2011 13:17,22-05-2011 12:51,2,1316.07,953,30,171,658.035,1429.9948,Medium Value
14922,11-11-2010 11:14,20-07-2010 09:45,2,843.74,376,394,114,421.87,802.3109,Low Value
14923,20-10-2011 11:51,20-10-2011 11:51,1,749.1,418,51,0,749.1,805.46295,Low Value
14924,08-04-2011 09:25,10-03-2010 12:51,3,931.01,312,246,393,310.3366667,802.7505,Low Value
14926,23-11-2010 07:13,20-04-2010 09:59,2,359.4,204,382,216,179.7,323.6512,Low Value
14927,08-11-2010 12:30,08-11-2010 12:30,1,308.2,196,397,0,308.2,309.68695,Low Value
14928,22-03-2010 09:14,22-03-2010 09:14,1,223.91,268,628,0,223.91,269.37836,Low Value
14929,07-11-2011 17:21,14-10-2010 12:22,2,836.69,487,32,389,418.345,854.38965,Low Value
14930,23-08-2011 10:31,12-04-2010 11:22,6,5236.73,2193,109,497,872.7883333,5024.1323,Medium Value
14931,05-12-2011 10:19,13-04-2011 09:32,5,1257.68,417,5,236,251.536,1039.1039,Medium Value
14932,09-12-2010 11:48,19-11-2010 09:16,2,666.13,257,366,20,333.065,582.481,Low Value
14933,22-09-2010 10:47,21-09-2010 17:29,4,1770,600,444,0,442.5,1520.5956,Medium Value
14934,19-09-2011 10:10,24-09-2010 12:08,5,3503.5,2100,82,359,700.7,3377.0486,Medium Value
14935,15-02-2011 14:44,30-03-2010 11:48,2,2849.83,1931,297,322,1424.915,3140.4492,Medium Value
14936,06-11-2011 10:30,05-05-2010 12:26,12,12410.81,6274,34,549,1034.234167,11688.495,High Value
14937,14-10-2011 12:29,01-08-2011 14:16,3,1621.88,484,57,73,540.6266667,1347.5624,Medium Value
14938,26-05-2010 13:38,26-05-2010 13:35,2,2322.43,1369,562,0,1161.215,2014.1135,Medium Value
14940,18-10-2010 10:47,06-12-2009 15:46,2,531.49,384,418,315,265.745,601.93854,Low Value
14941,10-05-2010 11:30,10-05-2010 11:30,1,182.1,80,579,0,182.1,188.87389,Low Value
14942,03-11-2010 10:51,10-12-2009 10:32,4,746.56,354,402,328,186.64,716.5011,Low Value
14943,14-02-2010 16:04,14-02-2010 16:04,1,107.62,46,663,0,107.62,98.262115,Low Value
14944,10-11-2011 09:10,17-02-2010 08:47,19,9784.67,4864,30,631,514.9826316,9489.196,High Value
14945,22-10-2010 11:26,22-10-2010 11:26,1,179.4,156,414,0,179.4,191.44595,Low Value
14946,25-11-2011 13:33,25-11-2011 13:33,1,100.9,22,14,0,100.9,89.24505,Low Value
14947,28-09-2011 15:48,25-03-2010 11:29,6,1049.79,416,72,552,174.965,977.5457,Medium Value
14948,16-11-2011 17:16,04-05-2011 14:52,6,1101.97,673,23,196,183.6616667,1239.1262,Medium Value
14949,27-08-2010 15:38,18-12-2009 15:28,4,515,250,469,252,128.75,490.0533,Low Value
14950,20-11-2011 13:48,20-11-2011 13:48,1,371.2,136,19,0,371.2,364.93,Low Value
14951,21-09-2011 15:15,21-09-2011 15:15,1,311.69,311,79,0,311.69,402.86157,Low Value
14952,11-10-2011 10:33,03-12-2009 15:34,32,17629.35,6977,60,676,550.9171875,17511.23,High Value
14953,14-11-2011 14:59,30-09-2010 12:16,4,971.32,1014,25,410,242.83,1152.8805,Medium Value
14954,27-11-2011 14:30,05-01-2010 16:38,2,462.12,209,12,690,231.06,381.65845,Low Value
14955,07-12-2009 11:35,07-12-2009 11:35,1,163.77,74,733,0,163.77,158.05597,Low Value
14956,14-10-2010 16:40,14-10-2010 16:40,1,1325,2500,421,0,1325,2007.3835,Medium Value
14957,31-03-2011 17:59,05-03-2010 10:50,2,261.69,97,253,391,130.845,251.78535,Low Value
14958,15-07-2011 14:20,03-12-2009 16:02,6,941.99,248,147,588,156.9983333,779.6235,Low Value
14959,06-10-2011 18:23,16-02-2011 13:00,4,695.42,494,64,232,173.855,754.62823,Low Value
14960,01-12-2011 12:54,21-06-2011 13:38,2,221.27,221,8,162,110.635,224.1499,Low Value
14961,29-11-2011 09:42,04-12-2009 11:32,22,16410.15,8372,11,724,745.9159091,16423.918,High Value
14962,14-03-2011 09:42,04-05-2010 14:57,4,366.91,123,271,313,91.7275,379.01593,Low Value
14963,30-11-2011 12:16,02-07-2010 12:43,12,3123.57,2287,10,515,260.2975,3325.8467,Medium Value
14964,06-04-2011 14:13,06-04-2011 14:13,1,206.21,143,247,0,206.21,213.2137,Low Value
14965,04-09-2011 13:20,04-09-2011 13:15,2,596.09,363,96,0,298.045,589.87616,Low Value
14966,25-11-2011 12:20,15-12-2009 13:48,6,1064.26,1060,15,709,177.3766667,1225.15,Medium Value
14967,21-10-2011 11:06,03-12-2009 14:07,6,1982.61,652,50,686,330.435,1830.6473,Medium Value
14968,09-11-2011 13:58,07-09-2010 13:28,2,501.24,257,30,428,250.62,468.21313,Low Value
14969,05-01-2010 12:43,05-01-2010 12:43,1,906.23,665,704,0,906.23,1123.0537,Medium Value
14970,02-10-2011 13:44,14-02-2010 13:37,12,4919.35,982,68,595,409.9458333,4068.471,Medium Value
14971,04-11-2011 17:07,27-10-2011 13:33,3,1097.98,639,35,8,365.9933333,1098.8737,Medium Value
14972,03-08-2011 14:54,23-11-2010 16:17,2,145.07,40,128,252,72.535,183.77835,Low Value
14973,24-08-2011 15:51,28-04-2011 12:22,3,1314.45,369,107,118,438.15,1044.9889,Medium Value
14974,02-11-2011 13:01,02-11-2011 13:01,1,89.94,37,37,0,89.94,82.6925,Low Value
14975,13-10-2011 14:08,14-10-2010 14:11,2,472.39,507,57,363,236.195,603.0607,Low Value
14976,13-10-2011 16:37,17-01-2011 11:09,7,790.86,234,57,269,112.98,707.37384,Low Value
14977,14-12-2009 10:37,14-12-2009 10:37,1,31.93,17,726,0,31.93,63.282875,Low Value
14978,28-09-2011 13:07,28-04-2010 10:50,10,3112.19,736,72,518,311.219,2671.2424,Medium Value
14979,04-12-2009 12:54,04-12-2009 12:54,1,429.66,209,735,0,429.66,415.72037,Low Value
14980,02-12-2009 14:09,02-12-2009 14:09,1,150.68,79,737,0,150.68,157.71541,Low Value
14981,07-04-2011 13:45,12-10-2010 11:04,2,372.92,241,246,177,186.46,361.24536,Low Value
14982,16-05-2010 15:52,16-05-2010 15:52,1,237.78,125,572,0,237.78,244.20036,Low Value
14983,19-01-2010 17:32,19-01-2010 17:32,1,183.2,90,689,0,183.2,188.87389,Low Value
14984,20-11-2011 14:28,11-01-2010 13:22,6,1260.51,348,19,678,210.085,1024.7356,Medium Value
14985,25-05-2011 14:29,16-12-2010 19:51,2,292.01,256,198,159,146.005,299.6984,Low Value
14986,28-11-2010 15:25,24-01-2010 15:54,2,563.1,338,376,307,281.55,606.4716,Low Value
14987,24-11-2011 09:59,02-12-2009 14:56,8,1550.65,607,16,721,193.83125,1312.5739,Medium Value
14988,12-05-2011 12:05,16-04-2010 13:34,7,2038.65,1260,212,390,291.2357143,2093.0151,Medium Value
14989,16-02-2010 10:40,16-02-2010 10:40,1,342.4,200,662,0,342.4,350.98447,Low Value
14990,06-04-2010 13:54,09-12-2009 13:31,2,304.17,129,612,118,152.085,283.6031,Low Value
14991,05-10-2010 13:01,05-10-2010 13:01,1,314.67,191,430,0,314.67,309.68695,Low Value
14992,23-09-2010 17:48,23-09-2010 17:48,1,210.5,145,442,0,210.5,213.2137,Low Value
14993,25-05-2010 12:47,25-05-2010 12:47,1,36.13,21,564,0,36.13,63.282875,Low Value
14994,22-11-2010 12:59,26-03-2010 14:16,5,946.72,568,382,240,189.344,1012.9894,Medium Value
14995,01-11-2011 11:39,04-03-2011 13:14,2,231.98,102,39,241,115.99,236.21922,Low Value
14996,15-08-2010 13:44,15-08-2010 13:41,2,442.29,404,481,0,221.145,484.5711,Low Value
14997,24-10-2011 13:28,22-02-2010 12:11,4,776.6,1408,46,609,194.15,1021.09143,Medium Value
14998,22-06-2011 17:30,13-04-2010 16:07,4,753.18,352,170,435,188.295,716.5011,Low Value
14999,26-04-2010 10:47,26-04-2010 10:47,1,129.48,88,593,0,129.48,125.89756,Low Value
15000,23-10-2011 11:42,23-10-2011 11:42,1,490.52,218,48,0,490.52,486.949,Low Value
15001,10-11-2010 13:51,10-11-2010 13:31,2,199.11,70,394,0,99.555,180.48112,Low Value
15002,16-08-2011 10:44,12-01-2010 11:40,9,4138.08,2214,116,580,459.7866667,4086.8547,Medium Value
15003,23-08-2010 15:44,26-01-2010 13:04,6,1027.03,525,473,209,171.1716667,1065.9578,Medium Value
15004,15-07-2011 14:05,15-07-2011 14:05,1,1220.77,623,147,0,1220.77,1317.817,Medium Value
15005,24-11-2011 12:25,01-12-2009 14:19,56,13754.58,8666,16,722,245.6175,16048.499,High Value
15006,19-10-2011 15:08,12-09-2010 13:03,2,757.78,387,51,402,378.89,739.9715,Low Value
15007,03-07-2011 16:00,03-07-2011 16:00,1,156.91,69,159,0,156.91,158.05597,Low Value
15008,16-08-2010 13:09,12-03-2010 11:13,2,360,1500,480,157,180,602.0551,Low Value
15009,27-11-2011 13:35,14-11-2011 17:40,3,1259.43,639,12,12,419.81,1244.8529,Medium Value
15010,04-11-2011 12:42,04-11-2011 12:42,1,308.94,184,36,0,308.94,309.68695,Low Value
15011,09-11-2010 11:10,19-10-2010 12:05,2,416.6,289,396,20,208.3,436.1134,Low Value
15012,17-10-2011 12:22,12-05-2010 11:49,3,646.26,383,54,523,215.42,645.16437,Low Value
15013,09-08-2010 12:05,31-01-2010 12:15,10,1610.82,1715,488,189,161.082,1768.2885,Medium Value
15014,27-10-2011 20:07,16-06-2011 19:40,2,257.67,149,43,133,128.835,251.78535,Low Value
15015,26-07-2010 13:50,14-12-2009 14:46,13,2354.97,1584,501,223,181.1515385,2495.2788,Medium Value
15016,20-06-2011 12:06,14-06-2010 13:06,5,620.89,243,173,370,124.178,617.7046,Low Value
15017,06-11-2011 10:33,06-11-2011 10:33,1,125.58,63,34,0,125.58,110.33144,Low Value
15018,01-11-2011 12:47,07-12-2010 10:47,3,496.21,189,39,329,165.4033333,423.25418,Low Value
15019,18-03-2011 12:35,18-03-2011 12:35,1,252.81,150,267,0,252.81,317.09323,Low Value
15020,25-11-2010 13:29,25-11-2010 13:29,1,198.47,111,379,0,198.47,188.87389,Low Value
15021,01-12-2011 11:53,29-07-2010 16:35,12,2500.59,1079,9,489,208.3825,2372.3433,Medium Value
15022,28-11-2011 12:35,31-01-2010 16:02,5,1133.44,640,12,665,226.688,1232.5748,Medium Value
15023,06-12-2011 17:23,03-02-2010 15:45,20,11578.65,4758,3,671,578.9325,9804.975,High Value
15024,30-11-2011 12:06,11-10-2010 16:14,16,3559.39,1924,10,414,222.461875,3448.9146,Medium Value
15025,06-11-2011 15:20,20-05-2010 13:28,2,979.79,503,33,535,489.895,955.4068,Medium Value
15026,20-09-2011 13:52,17-09-2010 13:52,5,1048.89,655,80,368,209.778,1158.0514,Medium Value
15027,09-11-2011 10:16,25-03-2010 14:39,10,3195.6,2782,31,593,319.56,3236.093,Medium Value
15028,01-12-2011 14:06,10-11-2010 14:32,6,962.94,673,8,385,160.49,1144.6138,Medium Value
15029,30-03-2010 12:16,30-03-2010 12:16,1,365.1,234,620,0,365.1,346.5927,Low Value
15030,29-09-2011 10:50,04-03-2010 17:10,8,1979.91,1225,72,573,247.48875,1925.0645,Medium Value
15031,05-12-2011 14:19,08-12-2009 13:38,14,3102.94,1576,4,727,221.6385714,3168.0076,Medium Value
15032,28-03-2011 15:03,10-12-2009 15:27,8,11010.05,6601,256,472,1376.25625,11470.077,High Value
15033,05-12-2011 12:40,14-01-2011 13:28,10,2557.18,1672,5,324,255.718,2638.325,Medium Value
15034,24-11-2011 12:11,11-05-2010 13:30,14,8231.2,4748,16,561,587.9428571,7769.079,High Value
15035,11-09-2011 11:08,11-09-2011 11:08,1,252.73,245,90,0,252.73,352.0065,Low Value
15036,28-09-2011 15:42,13-06-2011 12:19,3,429.56,316,72,107,143.1866667,509.55658,Low Value
15037,28-11-2010 13:05,28-11-2010 12:14,2,397.76,298,376,0,198.88,384.17322,Low Value
15038,12-10-2011 11:33,10-10-2010 14:35,9,1146.53,381,59,366,127.3922222,1029.5552,Medium Value
15039,30-11-2011 11:31,10-12-2009 11:39,93,39141.48,17780,10,719,420.876129,36485.46,High Value
15040,16-06-2010 11:40,16-06-2010 11:40,1,7.49,1,542,0,7.49,63.282875,Low Value
15041,22-06-2011 16:16,21-09-2010 13:16,2,289.4,194,170,274,144.7,264.7851,Low Value
15042,24-05-2011 16:25,23-04-2010 14:01,2,315.45,238,199,396,157.725,318.857,Low Value
15043,08-11-2011 14:26,24-06-2010 15:50,6,2870.32,1019,31,501,478.3866667,2655.413,Medium Value
15044,20-11-2011 13:20,16-12-2009 15:13,35,16024.15,5241,19,703,457.8328571,15599.62,High Value
15045,11-07-2011 11:33,27-03-2011 11:44,2,735.66,114,152,105,367.83,602.1713,Low Value
15046,30-11-2011 15:50,14-01-2010 14:29,25,7623.79,4585,9,685,304.9516,7312.905,High Value
15047,15-03-2011 10:49,15-03-2011 10:49,1,343.62,222,270,0,343.62,350.98447,Low Value
15048,05-10-2011 14:55,06-12-2010 12:15,4,381,192,65,303,95.25,402.67044,Low Value
15049,11-03-2011 12:13,11-03-2011 12:13,1,121.17,63,274,0,121.17,110.33144,Low Value
15050,14-11-2011 16:17,16-08-2010 12:00,5,4087.19,2600,25,455,817.438,3997.0774,Medium Value
15051,16-11-2011 15:38,01-12-2009 13:29,9,3926.91,3052,23,715,436.3233333,4174.7866,Medium Value
15052,24-01-2011 15:52,24-01-2011 15:52,1,207.73,79,319,0,207.73,213.2137,Low Value
15053,05-12-2011 12:08,03-03-2011 12:06,3,693.95,984,5,277,231.3166667,885.85266,Medium Value
15054,27-11-2011 15:02,30-10-2011 14:33,2,302.1,198,12,28,151.05,283.6031,Low Value
15055,22-08-2010 11:06,16-12-2009 15:48,3,549.12,225,475,248,183.04,459.32495,Low Value
15056,07-07-2010 15:58,07-07-2010 15:58,1,113.65,69,520,0,113.65,110.33144,Low Value
15057,09-03-2011 15:17,05-12-2009 15:27,5,3255.96,1394,275,458,651.192,2792.4873,Medium Value
15058,14-11-2011 14:57,24-02-2010 14:07,16,3387.58,1645,25,628,211.72375,3194.8188,Medium Value
15059,30-10-2011 11:35,06-12-2009 12:17,19,3491.2,1599,41,692,183.7473684,3361.5542,Medium Value
15060,01-12-2011 13:47,30-11-2011 14:03,4,294.25,257,8,0,73.5625,317.19153,Low Value
15061,06-12-2011 12:06,01-12-2009 12:18,127,126389.02,74280,4,734,995.1891339,162478.33,High Value
15062,29-09-2011 16:51,08-04-2010 15:41,8,2585.62,1872,71,539,323.2025,2671.4229,Medium Value
15063,10-05-2011 13:25,10-05-2011 13:25,1,370.8,56,213,0,370.8,364.93,Low Value
15064,25-10-2010 14:32,22-12-2009 16:17,4,1254.41,810,410,306,313.6025,1249.2665,Medium Value
15065,02-11-2011 09:45,25-10-2010 09:13,5,3326.86,1446,38,373,665.372,3048.9397,Medium Value
15066,17-10-2011 13:25,17-10-2011 13:25,1,893.59,317,53,0,893.59,891.441,Medium Value
15067,22-09-2011 13:20,11-04-2010 15:54,5,3862.88,2151,78,528,772.576,3935.2014,Medium Value
15068,24-10-2011 14:47,28-03-2010 13:18,4,1174.9,832,46,575,293.725,1257.6456,Medium Value
15069,13-06-2011 14:16,13-06-2011 14:16,1,1109.53,520,179,0,1109.53,1085.4108,Medium Value
15070,02-12-2010 11:23,15-12-2009 13:49,3,737.05,339,373,351,245.6833333,677.2119,Low Value
15071,07-09-2011 11:43,18-05-2010 12:45,4,1455.56,416,94,476,363.89,1194.4386,Medium Value
15072,17-08-2010 15:46,17-08-2010 15:46,1,187.52,164,479,0,187.52,188.87389,Low Value
15073,30-11-2011 10:44,27-01-2010 08:48,8,2788.02,1410,10,672,348.5025,2755.7188,Medium Value
15074,26-08-2011 14:45,29-08-2010 11:47,3,1553.13,1039,105,362,517.71,1631.8448,Medium Value
15075,23-09-2011 12:27,23-09-2011 12:27,1,773.03,447,78,0,773.03,853.9417,Low Value
15076,20-06-2011 08:23,05-07-2010 14:11,3,1447.74,866,173,349,482.58,1475.1239,Medium Value
15077,02-08-2010 11:13,09-12-2009 17:10,2,2428.08,528,495,235,1214.04,2389.6587,Medium Value
15078,02-12-2011 15:41,04-12-2009 12:03,53,17286.73,8777,7,728,326.164717,17485.328,High Value
15079,11-05-2011 12:45,08-12-2009 11:22,11,3625.4,1459,213,519,329.5818182,3408.2954,Medium Value
15080,08-10-2010 11:52,26-07-2010 10:03,2,546.25,287,428,74,273.125,554.50195,Low Value
15081,17-11-2011 17:08,22-06-2010 10:25,12,1854.57,749,22,513,154.5475,1756.7744,Medium Value
15082,09-02-2010 10:23,09-02-2010 10:23,1,93.35,43,669,0,93.35,82.6925,Low Value
15083,28-03-2011 12:18,28-03-2011 12:18,1,88.2,38,257,0,88.2,78.87771,Low Value
15084,25-11-2010 11:58,04-03-2010 10:45,2,965.2,600,380,266,482.6,987.017,Medium Value
15085,10-12-2009 11:47,10-12-2009 11:47,1,347.54,169,730,0,347.54,350.98447,Low Value
15086,24-05-2010 12:27,24-03-2010 13:56,2,218.53,95,565,60,109.265,224.1499,Low Value
15087,03-03-2011 10:34,03-03-2011 10:34,1,306.94,470,282,0,306.94,435.7302,Low Value
15088,18-11-2011 13:14,03-10-2011 14:05,2,1160.07,460,21,45,580.035,1131.5061,Medium Value
15089,29-11-2011 16:31,03-08-2011 14:14,6,2420.84,1359,10,118,403.4733333,2275.7036,Medium Value
15090,04-02-2011 14:03,04-02-2011 14:03,1,381.32,208,308,0,381.32,364.04288,Low Value
15091,03-10-2011 12:47,03-02-2010 11:46,3,1046.61,582,68,607,348.87,1026.5114,Medium Value
15092,08-05-2011 14:10,03-09-2010 12:33,3,776.46,230,215,247,258.82,587.5444,Low Value
15093,21-11-2011 13:09,08-12-2009 12:46,23,13702.38,10778,18,713,595.7556522,14005.21,High Value
15094,02-09-2010 16:55,05-03-2010 12:56,2,83,28,463,181,41.5,169.66547,Low Value
15095,28-08-2011 12:01,21-01-2010 09:37,10,3141.64,2233,104,584,314.164,3344.5127,Medium Value
15096,28-10-2011 10:27,28-10-2011 10:27,1,219.39,120,43,0,219.39,234.4651,Low Value
15097,05-12-2011 14:03,05-05-2010 14:22,3,908.35,424,4,578,302.7833333,829.9682,Low Value
15098,10-06-2011 15:33,10-06-2011 15:22,3,39916.5,121,182,0,13305.5,38393.24,High Value
15099,16-09-2011 13:13,16-09-2011 13:13,1,410.48,343,84,0,410.48,494.16235,Low Value
15100,10-01-2011 10:35,07-01-2010 14:33,7,2193.9,270,334,367,313.4142857,1528.4922,Medium Value
15101,01-12-2011 10:18,28-04-2010 15:00,6,1477.94,676,9,581,246.3233333,1412.7024,Medium Value
15102,27-06-2010 12:16,11-06-2010 10:16,2,554.67,339,531,16,277.335,606.4716,Low Value
15103,08-11-2011 14:53,14-09-2011 13:54,2,703.36,329,31,55,351.68,700.6255,Low Value
15104,27-05-2011 12:29,02-03-2011 14:16,2,993.54,635,197,85,496.77,1055.7404,Medium Value
15105,21-11-2011 16:54,23-03-2010 12:18,9,3094.91,1747,18,608,343.8788889,3105.491,Medium Value
15106,22-11-2011 09:16,15-03-2011 12:52,5,1422.52,1181,18,251,284.504,1554.0953,Medium Value
15107,01-02-2011 14:46,14-09-2010 10:47,9,824.35,330,311,140,91.59444444,896.79706,Medium Value
15108,21-07-2011 10:24,26-04-2011 10:54,4,1300.25,499,142,85,325.0625,1142.8751,Medium Value
15109,08-04-2011 09:58,04-12-2009 12:33,3,983.1,258,246,489,327.7,752.6255,Low Value
15110,16-11-2011 11:16,11-08-2010 15:49,6,1505.85,337,24,461,250.975,1199.8602,Medium Value
15111,10-11-2011 16:58,26-04-2010 13:12,5,2442.37,1058,29,563,488.474,2335.3857,Medium Value
15112,07-04-2010 14:17,07-04-2010 14:17,1,209.4,72,611,0,209.4,213.2137,Low Value
15113,30-11-2011 08:23,16-10-2011 15:27,3,3509.43,2344,10,44,1169.81,3533.1118,Medium Value
15114,09-11-2011 15:05,14-10-2010 16:44,12,3400.12,3532,30,390,283.3433333,3786.7244,Medium Value
15115,21-11-2011 14:59,07-12-2009 11:20,2,531.85,245,18,714,265.925,499.44055,Low Value
15116,22-11-2011 12:25,19-05-2011 08:50,4,1352.75,648,18,187,338.1875,1340.5977,Medium Value
15117,25-11-2011 08:12,15-03-2010 13:39,8,2485.97,3093,15,619,310.74625,2671.3513,Medium Value
15118,28-07-2011 14:54,28-07-2011 14:54,1,244.8,1440,134,0,244.8,876.5608,Low Value
15119,08-04-2011 09:08,08-04-2011 09:08,1,266.4,88,246,0,266.4,314.48813,Low Value
15120,29-07-2011 09:48,29-07-2011 09:48,1,358.82,296,134,0,358.82,379.69202,Low Value
15121,20-10-2011 14:51,24-02-2011 12:41,2,457.72,199,50,238,228.86,381.65845,Low Value
15122,17-08-2011 16:48,30-03-2010 14:05,11,4487.27,2033,114,505,407.9336364,4352.262,Medium Value
15123,02-12-2011 13:12,16-03-2010 09:49,5,4656.17,2524,7,626,931.234,4595.3867,Medium Value
15124,17-11-2011 10:09,26-02-2010 10:49,4,450.82,462,23,628,112.705,594.10095,Low Value
15125,14-11-2011 13:57,31-03-2010 13:29,24,17024.87,8433,25,593,709.3695833,16949.207,High Value
15126,21-06-2010 12:31,21-01-2010 17:09,2,449.49,273,537,150,224.745,416.57178,Low Value
15127,05-10-2011 10:30,08-07-2010 10:07,2,711.5,464,66,454,355.75,795.553,Low Value
15128,10-10-2011 13:54,05-10-2010 16:46,5,1783.68,1583,60,369,356.736,1832.1925,Medium Value
15129,20-10-2011 14:40,08-04-2010 17:15,23,6860.18,4002,50,559,298.2686957,6914.1797,High Value
15130,23-06-2011 10:15,23-06-2011 10:15,1,330.11,197,170,0,330.11,323.5174,Low Value
15131,10-11-2010 12:07,10-11-2010 12:07,1,80.28,88,395,0,80.28,78.87771,Low Value
15132,21-11-2011 17:10,22-03-2011 12:02,5,977.93,679,18,244,195.586,1119.3303,Medium Value
15133,04-08-2011 10:44,07-07-2010 12:31,5,1806.9,960,128,392,361.38,1792.2961,Medium Value
15134,25-11-2011 08:55,13-10-2010 12:44,10,1596.29,1057,15,407,159.629,1633.0062,Medium Value
15135,14-04-2011 19:16,01-06-2010 13:33,2,305.68,84,239,317,152.84,283.6031,Low Value
15136,07-12-2011 12:26,04-09-2011 16:05,4,1286.7,776,3,93,321.675,1208.4849,Medium Value
15137,07-07-2010 09:41,28-01-2010 15:45,2,823.4,596,521,159,411.7,866.9846,Low Value
15138,11-11-2010 09:16,11-11-2010 09:16,1,502.52,300,394,0,502.52,565.3909,Low Value
15139,14-04-2011 11:39,07-01-2011 12:44,2,178.96,208,240,96,89.48,201.52905,Low Value
15140,18-10-2011 14:07,23-09-2010 13:07,8,3243.69,2010,52,390,405.46125,3320.07,Medium Value
15141,08-09-2010 11:33,28-03-2010 15:58,7,1388.47,1197,458,163,198.3528571,1660.7048,Medium Value
15142,24-10-2011 12:51,27-07-2010 09:05,6,2619.92,2155,46,454,436.6533333,2774.497,Medium Value
15143,28-04-2011 12:03,03-10-2010 13:58,2,563.63,320,226,206,281.815,606.4716,Low Value
15144,01-12-2011 15:12,13-12-2009 11:35,29,12160.31,5251,8,718,419.3210345,12201.448,High Value
15145,05-12-2011 17:21,05-04-2011 15:20,4,1194.73,756,4,244,298.6825,1180.107,Medium Value
15146,28-06-2011 12:09,21-02-2011 13:07,2,1327.16,1473,165,126,663.58,1795.5092,Medium Value
15147,13-04-2011 15:57,13-04-2011 15:57,1,623.5,366,240,0,623.5,665.91266,Low Value
15148,29-11-2011 08:21,29-11-2011 08:21,1,301.29,187,11,0,301.29,313.40213,Low Value
15149,29-07-2011 10:58,28-02-2010 11:13,5,1554.61,380,134,515,310.922,1175.2115,Medium Value
15150,22-11-2011 12:52,14-06-2010 12:01,13,8977.94,6167,17,526,690.6107692,8881.668,High Value
15151,12-10-2010 16:37,18-07-2010 12:19,2,2085.61,795,423,86,1042.805,1791.2313,Medium Value
15152,30-11-2011 12:32,07-01-2010 15:15,14,5263.83,2994,10,691,375.9878571,5323.8105,Medium Value
15153,08-11-2011 17:09,08-11-2011 17:09,1,329.25,198,31,0,329.25,323.5174,Low Value
15154,25-09-2011 16:05,18-08-2010 17:41,3,1343.72,333,75,402,447.9066667,1062.5674,Medium Value
15155,21-11-2010 12:59,21-11-2010 12:59,1,383.97,192,383,0,383.97,364.04288,Low Value
15156,08-12-2011 18:22,06-11-2011 12:41,3,961.49,597,1,32,320.4966667,908.2425,Medium Value
15157,06-12-2011 11:28,10-12-2009 14:44,5,2654.11,3466,4,725,530.822,3576.3594,Medium Value
15158,25-10-2011 13:53,03-11-2010 13:46,2,606.02,219,45,356,303.01,496.2099,Low Value
15159,08-12-2011 12:05,04-10-2010 09:31,34,22116.73,13512,2,430,650.4920588,22796.92,High Value
15160,17-12-2010 14:15,14-10-2010 15:26,4,589.27,307,357,63,147.3175,597.1127,Low Value
15161,16-11-2010 16:08,16-11-2010 16:08,1,119.92,144,388,0,119.92,110.33144,Low Value
15162,08-12-2009 13:14,08-12-2009 13:14,1,312.9,74,731,0,312.9,309.68695,Low Value
15163,21-11-2011 13:10,31-05-2011 15:22,2,304.47,186,18,173,152.235,283.6031,Low Value
15164,02-10-2011 12:05,18-01-2010 13:34,9,2028.11,912,69,621,225.3455556,2048.915,Medium Value
15165,01-12-2010 14:03,01-12-2010 14:03,1,487.75,160,373,0,487.75,486.949,Low Value
15166,29-08-2010 12:31,29-08-2010 12:31,1,167.16,140,468,0,167.16,158.05597,Low Value
15167,23-01-2011 12:41,04-02-2010 14:13,5,1627.62,863,321,352,325.524,1569.7621,Medium Value
15168,14-11-2011 11:26,14-11-2011 11:26,1,106.56,52,26,0,106.56,90.02224,Low Value
15169,22-11-2010 13:04,13-12-2009 11:16,2,569.22,356,382,344,284.61,617.4766,Low Value
15170,29-10-2010 10:34,29-10-2010 10:34,1,81.15,33,407,0,81.15,78.87771,Low Value
15171,12-01-2011 15:36,12-01-2011 15:36,1,1289.5,290,331,0,1289.5,1426.1029,Medium Value
15172,01-12-2011 11:51,17-04-2011 11:56,5,1624.05,1611,9,227,324.81,1854.4585,Medium Value
15173,24-11-2010 10:21,01-04-2010 12:26,7,1494.6,840,381,236,213.5142857,1535.7102,Medium Value
15174,21-01-2011 09:06,25-10-2010 09:40,2,481.46,382,323,87,240.73,521.9068,Low Value
15175,29-09-2011 11:31,29-09-2011 11:31,1,224.14,454,72,0,224.14,391.5421,Low Value
15176,10-02-2010 10:36,10-02-2010 10:36,1,988.04,448,668,0,988.04,950.96735,Medium Value
15177,10-10-2010 12:48,10-10-2010 12:48,1,948.93,485,426,0,948.93,915.46124,Medium Value
15178,24-03-2011 15:12,24-03-2011 15:12,1,40.5,30,260,0,40.5,63.282875,Low Value
15179,21-11-2011 12:53,03-12-2009 12:27,13,7491.92,5416,18,718,576.3015385,7649.5464,High Value
15180,07-12-2010 14:57,29-04-2010 15:27,3,816.93,654,367,221,272.31,928.4057,Medium Value
15181,04-10-2011 13:58,08-12-2009 19:02,5,1200.2,688,66,664,240.04,1232.5748,Medium Value
15182,08-07-2011 13:37,21-02-2010 12:03,11,2998.952,1186,154,502,272.632,2746.4973,Medium Value
15183,10-06-2010 10:43,04-05-2010 11:31,3,639.93,297,548,36,213.31,590.3577,Low Value
15184,10-11-2011 13:41,16-12-2009 12:06,4,685.39,462,29,694,171.3475,754.62823,Low Value
15185,30-09-2011 14:06,30-09-2011 14:06,1,310.62,666,70,0,310.62,539.5371,Low Value
15186,25-11-2011 14:58,12-01-2010 10:14,5,1403.2,716,14,682,280.64,1319.4766,Medium Value
15187,08-12-2011 11:56,11-05-2011 13:49,16,4777.18,1887,2,210,298.57375,4538.183,Medium Value
15188,14-12-2009 13:30,14-12-2009 13:30,1,310.43,233,725,0,310.43,309.68695,Low Value
15189,08-12-2011 13:22,18-07-2010 13:37,46,17524.38,6902,1,507,380.9647826,16951.68,High Value
15190,01-10-2010 13:09,01-10-2010 13:09,1,834.44,790,434,0,834.44,1087.8992,Medium Value
15191,02-09-2010 15:37,20-01-2010 12:35,3,588.05,287,463,225,196.0166667,544.7664,Low Value
15192,12-08-2011 11:41,29-01-2010 10:13,5,1666.39,1448,120,560,333.278,1725.8612,Medium Value
15193,10-10-2011 08:23,10-10-2011 08:23,1,499.32,144,61,0,499.32,486.949,Low Value
15194,06-12-2011 15:10,03-12-2009 10:37,28,12021.53,8922,3,733,429.3403571,12263.105,High Value
15195,07-12-2011 12:20,07-12-2011 12:20,1,3861,1404,3,0,3861,4349.617,Medium Value
15196,03-10-2010 10:50,13-12-2009 11:14,2,313.7,130,433,293,156.85,283.94366,Low Value
15197,29-11-2011 10:00,11-12-2009 12:56,6,1877.51,1058,11,717,312.9183333,1850.686,Medium Value
15198,08-09-2011 14:42,19-01-2010 10:01,5,571.35,327,92,597,114.27,701.7954,Low Value
15199,11-10-2011 15:12,13-05-2010 10:14,10,3122.4,894,59,516,312.24,3038.6934,Medium Value
15200,02-08-2010 09:38,02-08-2010 09:38,1,549.05,195,495,0,549.05,484.40573,Low Value
15201,13-09-2011 14:53,07-04-2010 14:50,7,1842.95,1660,87,524,263.2785714,2042.8412,Medium Value
15202,15-10-2010 13:05,15-10-2010 12:39,3,6001.49,3,420,0,2000.496667,6509.3784,High Value
15203,14-11-2011 08:16,08-12-2009 18:06,15,4400.18,4182,26,705,293.3453333,4851.252,Medium Value
15204,17-12-2010 13:49,17-12-2010 13:49,1,316.58,258,357,0,316.58,344.60022,Low Value
15205,15-09-2011 19:36,04-08-2011 16:07,2,653.24,378,85,42,326.62,654.59875,Low Value
15206,29-11-2011 13:41,09-03-2011 08:59,4,420.3,162,10,265,105.075,419.26477,Low Value
15207,19-10-2010 13:29,10-06-2010 17:29,3,683.92,428,416,130,227.9733333,710.4228,Low Value
15208,08-12-2011 17:24,12-10-2010 12:17,6,970.52,356,1,422,161.7533333,906.2864,Medium Value
15209,09-12-2009 17:26,09-12-2009 17:26,1,178.98,94,730,0,178.98,191.44595,Low Value
15210,28-04-2011 16:11,13-05-2010 14:42,3,1176.19,841,225,350,392.0633333,1254.6552,Medium Value
15211,10-10-2011 13:31,09-12-2010 16:08,2,894.41,240,60,304,447.205,716.056,Low Value
15212,12-04-2011 13:45,28-11-2010 10:45,2,208.28,84,241,135,104.14,208.0816,Low Value
15213,25-01-2011 12:21,14-01-2011 11:05,2,328.35,272,319,11,164.175,325.1746,Low Value
15214,08-12-2011 12:07,11-04-2011 09:46,8,1661.44,1254,2,241,207.68,1858.4901,Medium Value
15215,24-10-2011 11:41,06-04-2010 11:21,7,2422.43,776,47,566,346.0614286,2046.7087,Medium Value
15216,13-09-2011 11:41,31-03-2010 09:52,2,486.09,217,88,531,243.045,403.97076,Low Value
15217,25-05-2010 13:51,25-05-2010 13:51,1,426.24,190,563,0,426.24,415.72037,Low Value
15218,29-11-2011 11:48,26-01-2010 11:33,22,11468.83,6530,11,672,521.3104545,12552.337,High Value
15219,16-06-2011 16:57,01-03-2010 11:33,2,685.45,271,176,472,342.725,611.2675,Low Value
15220,19-10-2011 12:39,04-03-2011 10:24,6,1778.96,1393,52,229,296.4933333,1830.2451,Medium Value
15221,08-12-2010 13:08,12-03-2010 10:40,4,2062.2,244,366,271,515.55,1461.4376,Medium Value
15222,25-01-2011 08:03,16-12-2009 13:49,11,3550.91,4458,319,404,322.81,3675.226,Medium Value
15223,28-04-2011 11:31,05-12-2009 11:19,5,1417.95,385,226,509,283.59,1083.8359,Medium Value
15224,16-12-2010 15:02,15-01-2010 16:14,5,871.36,443,358,334,174.272,910.1503,Medium Value
15225,19-04-2011 14:51,19-04-2011 14:51,1,409.4,226,234,0,409.4,415.72037,Low Value
15226,02-02-2011 11:41,02-02-2011 11:41,1,154.41,71,311,0,154.41,157.71541,Low Value
15227,03-11-2011 11:59,16-03-2010 08:23,9,2488.49,1217,37,597,276.4988889,2342.001,Medium Value
15228,04-10-2011 13:56,28-07-2010 10:21,6,5580.27,3375,66,433,930.045,5765.9434,High Value
15229,02-05-2010 13:50,02-05-2010 13:50,1,160.5,114,586,0,160.5,158.05597,Low Value
15230,14-04-2011 14:39,13-04-2011 11:04,2,429.6,351,239,1,214.8,484.5711,Low Value
15231,28-03-2010 15:12,28-03-2010 15:12,1,250.26,190,621,0,250.26,295.84167,Low Value
15232,18-08-2011 16:27,22-07-2011 12:21,2,612.06,686,113,27,306.03,738.4675,Low Value
15233,03-11-2010 13:36,03-11-2010 13:36,1,59.4,12,401,0,59.4,70.265274,Low Value
15234,08-03-2011 08:53,08-03-2011 08:53,1,197,196,277,0,197,188.87389,Low Value
15235,06-05-2011 09:44,16-11-2010 12:48,16,2772.76,1676,218,170,173.2975,2753.7725,Medium Value
15236,14-02-2011 10:52,14-02-2011 10:52,1,321.05,269,299,0,321.05,344.60022,Low Value
15237,08-12-2011 09:46,26-04-2011 15:04,4,1412.32,1071,2,225,353.08,1455.4932,Medium Value
15238,10-11-2011 14:28,08-06-2011 16:00,3,1071.99,692,29,154,357.33,1098.8737,Medium Value
15239,29-11-2011 14:14,22-09-2011 09:53,2,780.59,594,10,68,390.295,832.5056,Low Value
15240,26-10-2011 09:50,05-12-2009 14:57,12,4459.98,3214,45,689,371.665,4370.928,Medium Value
15241,04-10-2011 09:05,23-02-2010 13:59,11,3050.16,3328,67,587,277.2872727,3242.652,Medium Value
15242,13-10-2010 15:33,13-10-2010 15:33,1,302.04,196,422,0,302.04,313.40213,Low Value
15243,26-09-2011 14:12,30-09-2010 17:28,2,927.28,543,74,360,463.64,892.59515,Medium Value
15244,05-10-2011 13:19,11-02-2010 14:48,3,912.08,472,65,600,304.0266667,861.78613,Low Value
15245,28-07-2011 18:56,23-04-2010 14:23,8,4610.84,3021,134,461,576.355,4691.2007,Medium Value
15246,15-04-2011 14:45,02-06-2010 11:28,3,780.4,359,238,317,260.1333333,727.79266,Low Value
15247,09-08-2011 12:52,20-06-2010 14:08,3,976.06,514,122,414,325.3533333,1025.9863,Medium Value
15248,24-10-2010 13:09,23-06-2010 14:34,3,1893.93,1065,411,122,631.31,1723.6884,Medium Value
15249,08-11-2011 11:45,26-03-2010 14:51,18,9266,4980,32,591,514.7777778,8703.872,High Value
15250,09-03-2010 07:35,09-03-2010 07:35,1,60,48,641,0,60,70.265274,Low Value
15251,30-11-2011 15:02,29-01-2010 12:42,21,20324.54,12108,9,670,967.8352381,21523.695,High Value
15252,03-11-2011 13:30,07-04-2010 10:24,5,2103.41,1430,36,575,420.682,2157.994,Medium Value
15253,23-11-2011 16:22,02-05-2010 11:17,8,2055.09,1588,16,570,256.88625,2164.3694,Medium Value
15254,04-08-2011 15:04,28-05-2010 10:08,3,1088.35,711,127,433,362.7833333,1098.8737,Medium Value
15255,04-10-2011 12:43,03-12-2009 09:10,9,3706.02,2214,67,670,411.78,3787.3665,Medium Value
15256,14-07-2011 11:47,27-05-2010 11:41,2,170.4,92,149,413,85.2,194.54721,Low Value
15257,01-03-2011 12:58,21-10-2010 14:03,2,685.9,71,283,130,342.95,576.3543,Low Value
15258,24-06-2011 12:30,06-05-2011 14:16,2,623.16,142,169,48,311.58,503.79074,Low Value
15259,15-07-2010 08:47,26-01-2010 09:41,4,1182.38,631,513,169,295.595,1180.107,Medium Value
15260,31-08-2011 13:55,06-12-2009 11:45,25,8767.73,4468,100,633,350.7092,8079.4043,High Value
15261,27-07-2011 15:20,01-10-2010 11:59,4,1508,806,135,299,377,1446.0054,Medium Value
15262,20-01-2011 12:16,08-08-2010 15:55,3,418.82,218,324,164,139.6066667,397.77798,Low Value
15263,25-08-2011 10:26,25-08-2011 10:26,1,156.51,89,107,0,156.51,158.05597,Low Value
15264,06-10-2011 13:49,27-06-2010 13:29,2,848.4,443,64,466,424.2,873.1903,Low Value
15265,11-07-2011 14:46,01-12-2009 17:08,4,3345.64,1570,151,586,836.41,3118.7927,Medium Value
15266,05-01-2011 13:40,07-01-2010 12:19,5,852.21,236,338,363,170.442,725.7817,Low Value
15267,17-11-2011 15:59,10-06-2011 10:24,5,1717.36,944,22,160,343.472,1670.9863,Medium Value
15268,18-08-2010 10:33,13-04-2010 11:27,3,961.9,428,479,126,320.6333333,858.2738,Low Value
15269,16-11-2011 09:32,14-11-2010 12:58,3,1225.36,372,24,366,408.4533333,999.9373,Medium Value
15270,24-11-2011 09:24,17-12-2009 15:02,21,8524.86,4010,16,706,405.9457143,9560.319,High Value
15271,02-12-2011 14:11,05-08-2010 14:57,24,4528.54,2412,7,483,188.6891667,4590.0254,Medium Value
15272,13-10-2011 12:59,14-02-2010 13:39,6,2030.95,665,57,605,338.4916667,1830.6473,Medium Value
15273,19-04-2010 11:31,19-04-2010 11:31,1,228.96,216,600,0,228.96,244.20036,Low Value
15274,05-12-2011 16:57,21-11-2011 14:17,2,716.57,619,4,14,358.285,789.43884,Low Value
15275,02-11-2011 11:20,02-11-2011 11:20,1,615.14,498,38,0,615.14,691.6767,Low Value
15276,04-10-2011 16:39,01-10-2010 12:24,4,619.8,317,66,368,154.95,631.92053,Low Value
15277,24-10-2011 10:08,10-10-2010 16:02,2,476.34,373,47,378,238.17,521.9068,Low Value
15278,27-05-2010 10:03,12-02-2010 14:53,4,496.16,458,562,103,124.04,611.0948,Low Value
15279,20-12-2010 10:48,02-02-2010 10:15,5,1580.54,802,355,321,316.108,1436.7949,Medium Value
15280,20-06-2011 17:14,17-05-2010 14:17,3,397.52,507,172,399,132.5066667,515.4244,Low Value
15281,12-10-2011 09:10,08-10-2010 12:14,16,8543.57,5233,59,368,533.973125,9119.995,High Value
15282,18-05-2010 16:27,18-05-2010 16:27,1,348.59,395,570,0,348.59,431.5964,Low Value
15283,14-11-2010 14:54,09-07-2010 15:46,3,148.33,27,390,127,49.44333333,278.04166,Low Value
15284,27-07-2010 13:25,27-07-2010 13:25,1,24.75,5,500,0,24.75,63.282875,Low Value
15285,28-10-2010 09:46,28-10-2010 09:46,1,94.92,120,408,0,94.92,89.24505,Low Value
15286,21-10-2011 11:08,21-10-2011 11:08,1,240.55,55,50,0,240.55,244.20036,Low Value
15287,17-11-2011 15:34,02-12-2009 12:13,5,856.03,1010,22,715,171.206,1036.6261,Medium Value
15288,27-10-2011 16:58,12-02-2010 15:27,10,3715.38,1336,43,622,371.538,3517.7944,Medium Value
15289,10-11-2011 13:49,28-03-2010 11:45,5,1593.09,1627,29,592,318.618,1702.6826,Medium Value
15290,05-12-2011 11:39,24-02-2010 10:15,26,10496.28,6567,5,649,403.7030769,10353.888,High Value
15291,14-11-2011 11:02,03-12-2009 11:09,40,13517.76,4905,26,710,337.944,13105.364,High Value
15292,22-05-2011 15:00,22-05-2011 15:00,1,178.39,55,201,0,178.39,191.44595,Low Value
15293,12-02-2010 11:54,12-02-2010 11:54,1,247.5,178,666,0,247.5,295.84167,Low Value
15294,25-10-2010 11:45,25-10-2010 11:45,1,233.35,97,411,0,233.35,244.20036,Low Value
15295,23-02-2010 13:03,23-02-2010 13:03,1,207.04,139,654,0,207.04,213.2137,Low Value
15296,20-10-2011 11:47,21-01-2010 13:48,12,10323.03,5452,51,636,860.2525,11582.446,High Value
15297,29-11-2011 16:32,07-10-2011 09:42,3,641.94,292,10,53,213.98,590.3577,Low Value
15298,07-12-2011 17:17,08-12-2009 17:04,23,9061.77,6000,2,729,393.99,9077.182,High Value
15299,03-10-2011 14:19,12-01-2010 11:34,10,6156.53,3356,67,629,615.653,6074.21,High Value
15300,06-10-2011 17:08,06-10-2011 17:08,1,496.44,292,64,0,496.44,520.0484,Low Value
15301,20-10-2011 09:57,15-09-2010 15:41,17,6909.67,3763,51,399,406.4511765,6759.6494,High Value
15302,09-12-2009 13:11,09-12-2009 13:11,1,308,102,730,0,308,309.68695,Low Value
15303,22-02-2011 13:59,25-01-2010 09:42,3,1224.18,514,290,393,408.06,1173.1237,Medium Value
15304,10-10-2011 10:23,14-10-2010 10:24,9,796.4,112,61,360,88.48888889,755.6652,Low Value
15305,02-06-2010 13:50,02-06-2010 13:50,1,93.6,40,555,0,93.6,82.6925,Low Value
15306,06-10-2011 12:56,18-02-2010 17:12,9,3484.73,3074,64,594,387.1922222,3678.1194,Medium Value
15307,05-09-2011 11:38,05-09-2011 11:38,1,205.3,37,96,0,205.3,213.2137,Low Value
15308,10-03-2011 13:08,10-03-2011 13:08,1,310.47,175,274,0,310.47,309.68695,Low Value
15309,08-04-2010 11:11,04-12-2009 13:01,4,797.96,440,611,124,199.49,759.1219,Low Value
15310,18-08-2010 11:38,18-08-2010 11:38,1,1634.64,1476,479,0,1634.64,1853.5721,Medium Value
15311,09-12-2011 12:00,01-12-2009 11:21,208,114966.42,70149,1,738,552.7231731,114967.02,High Value
15312,25-09-2011 13:10,16-12-2009 09:23,12,2930.19,1693,75,648,244.1825,2975.7847,Medium Value
15313,21-08-2011 16:02,21-08-2011 16:02,1,52,25,110,0,52,70.265274,Low Value
15314,24-05-2011 14:39,07-10-2010 15:41,3,820.45,750,199,228,273.4833333,928.4057,Medium Value
15315,06-10-2011 12:51,15-08-2011 15:17,2,570.5,862,64,51,285.25,811.5056,Low Value
15316,17-01-2011 11:34,17-01-2011 11:34,1,165,100,327,0,165,158.05597,Low Value
15317,31-01-2010 15:55,31-01-2010 15:55,1,129.75,45,677,0,129.75,125.89756,Low Value
15318,06-12-2011 11:30,06-12-2011 11:30,1,312.62,642,4,0,312.62,539.5371,Low Value
15319,01-03-2011 12:48,01-03-2011 12:48,1,204.5,175,284,0,204.5,213.2137,Low Value
15320,26-10-2011 13:27,26-10-2011 13:27,1,267.13,326,44,0,267.13,420.65375,Low Value
15321,30-09-2011 09:40,03-02-2010 09:47,12,6709.73,3653,71,603,559.1441667,6457.3247,High Value
15322,15-09-2011 09:34,20-08-2010 13:10,2,1390.86,971,86,390,695.43,1539.2623,Medium Value
15323,26-05-2010 10:01,16-02-2010 09:21,3,434.6,188,563,99,144.8666667,397.77798,Low Value
15324,07-01-2010 14:37,07-01-2010 14:37,1,140.22,74,701,0,140.22,138.89738,Low Value
15325,28-08-2011 11:55,16-02-2010 13:30,8,1601.46,1382,104,557,200.1825,1809.7789,Medium Value
15326,10-01-2011 11:38,01-12-2009 13:19,5,1700.52,1351,334,404,340.104,1726.7015,Medium Value
15327,18-10-2011 11:55,18-10-2011 11:55,1,208.75,116,53,0,208.75,213.2137,Low Value
15328,28-10-2010 09:05,28-10-2010 09:05,1,107.24,88,408,0,107.24,98.262115,Low Value
15329,31-10-2011 15:36,14-12-2009 12:18,11,2958.83,1217,39,686,268.9845455,2704.6414,Medium Value
15330,07-11-2011 17:50,10-10-2011 12:30,2,714.96,1312,32,28,357.48,984.6388,Medium Value
15331,28-07-2010 09:42,09-04-2010 14:26,3,767.91,701,500,109,255.97,918.18933,Medium Value
15332,08-12-2010 14:43,14-07-2010 13:01,6,4892.68,2306,366,147,815.4466667,4617.1035,Medium Value
15333,15-05-2011 13:27,15-05-2011 13:27,1,1028.56,344,208,0,1028.56,958.0291,Medium Value
15334,06-07-2011 11:22,19-06-2011 13:51,3,350.82,273,157,16,116.94,399.63434,Low Value
15335,17-10-2011 12:50,17-10-2011 12:50,1,170.22,79,54,0,170.22,173.79178,Low Value
15336,03-11-2010 12:39,03-11-2010 12:39,1,240.5,84,402,0,240.5,244.20036,Low Value
15337,24-10-2010 15:29,24-10-2010 15:29,1,373.02,200,411,0,373.02,364.80472,Low Value
15338,31-01-2010 14:25,31-01-2010 14:25,1,277.93,148,677,0,277.93,319.02124,Low Value
15339,04-10-2011 12:51,08-02-2010 13:38,7,1821.02,1138,66,602,260.1457143,1816.5259,Medium Value
15340,27-05-2010 10:27,27-05-2010 10:27,1,105.5,76,562,0,105.5,90.02224,Low Value
15341,20-09-2011 09:40,16-09-2010 16:41,2,2402.72,1008,81,368,1201.36,1995.9686,Medium Value
15342,02-08-2011 10:19,02-08-2011 10:19,1,406.09,283,130,0,406.09,401.37366,Low Value
15343,13-09-2011 13:55,13-09-2011 13:55,1,364.5,84,87,0,364.5,346.5927,Low Value
15344,09-12-2011 10:45,26-09-2011 14:48,3,563.94,116,1,73,187.98,459.32495,Low Value
15345,25-10-2011 11:28,25-10-2011 11:28,1,393.54,81,46,0,393.54,369.72076,Low Value
15346,11-01-2011 11:18,04-10-2010 15:11,3,596.12,260,333,98,198.7066667,494.23828,Low Value
15347,08-12-2010 15:25,28-09-2010 12:50,4,1162,542,366,71,290.5,1101.1606,Medium Value
15348,28-09-2011 13:17,28-09-2011 13:17,1,158.04,84,72,0,158.04,158.05597,Low Value
15349,04-07-2011 16:06,05-06-2011 15:46,2,463.91,321,158,29,231.955,521.9068,Low Value
15350,01-12-2010 13:33,21-11-2010 15:14,2,547.6,272,373,9,273.8,503.97366,Low Value
15351,27-11-2011 12:52,03-10-2010 12:18,10,3430.22,1350,12,420,343.022,3301.0266,Medium Value
15352,09-06-2010 11:28,09-06-2010 11:28,1,111.15,40,549,0,111.15,103.77736,Low Value
15353,30-03-2011 12:15,02-12-2009 11:33,7,2794.47,1391,255,483,399.21,2709.5242,Medium Value
15354,15-04-2010 16:24,15-04-2010 16:17,3,284.4,3,603,0,94.8,300.21704,Low Value
15355,10-11-2011 13:44,17-10-2011 15:22,2,277.05,45,29,23,138.525,253.57635,Low Value
15356,08-11-2011 13:11,13-10-2010 13:12,13,3239.57,1892,31,390,249.1976923,3268.0034,Medium Value
15358,05-12-2011 09:04,07-12-2009 12:19,42,16425.86,14902,5,727,391.0919048,16789.54,High Value
15359,15-02-2010 10:47,15-01-2010 11:30,8,181.35,145,663,30,22.66875,521.9281,Low Value
15360,31-10-2011 09:35,31-10-2011 09:35,1,427.93,223,40,0,427.93,415.72037,Low Value
15361,13-12-2010 09:52,14-06-2010 13:27,4,689.07,373,362,181,172.2675,686.4666,Low Value
15362,17-09-2010 10:37,01-12-2009 09:08,2,613.08,368,449,290,306.54,628.062,Low Value
15363,02-12-2010 12:28,04-08-2010 08:41,2,678.11,383,373,120,339.055,700.6255,Low Value
15364,05-09-2011 09:46,30-03-2011 13:39,2,913.19,493,96,158,456.595,860.9849,Low Value
15365,14-11-2011 08:29,04-02-2010 16:43,13,4557.13,2131,26,647,350.5484615,4606.891,Medium Value
15366,25-09-2011 15:01,26-02-2010 10:10,7,2389.08,2447,75,576,341.2971429,2495.2717,Medium Value
15367,13-10-2011 14:13,10-12-2009 14:20,11,5081.33,2944,57,671,461.9390909,4998.9272,Medium Value
15368,18-11-2011 14:42,10-11-2010 15:52,2,722.74,406,21,372,361.37,708.1052,Low Value
15369,04-08-2010 13:54,08-12-2009 07:43,11,6251.26,3288,492,239,568.2963636,6526.307,High Value
15370,30-10-2011 10:58,25-10-2010 12:08,8,3739.01,1397,41,369,467.37625,3500.7593,Medium Value
15371,15-02-2010 13:14,15-02-2010 13:14,1,59.4,12,662,0,59.4,70.265274,Low Value
15372,25-07-2011 16:39,14-02-2010 11:24,8,6017.06,6410,137,526,752.1325,6819,High Value
15373,01-12-2011 15:05,02-05-2010 11:57,17,3084.54,726,8,578,181.4435294,2640.2134,Medium Value
15374,03-08-2011 09:59,25-03-2010 12:03,2,307.32,290,129,495,153.66,369.04468,Low Value
15375,18-01-2010 15:38,18-01-2010 15:38,1,60.96,84,690,0,60.96,70.265274,Low Value
15376,30-10-2011 15:04,01-05-2011 13:45,3,1221.56,615,40,182,407.1866667,1115.9739,Medium Value
15377,22-11-2010 08:55,20-10-2010 11:42,4,1211.75,253,383,32,302.9375,844.1793,Low Value
15378,03-09-2010 11:30,26-07-2010 08:47,2,246.5,130,463,39,123.25,236.21922,Low Value
15379,23-06-2011 13:13,04-11-2010 11:59,8,4877.84,3000,169,231,609.73,4831.109,Medium Value
15380,01-12-2011 12:13,01-12-2009 13:50,11,3248.96,954,9,729,295.36,2977.0544,Medium Value
15381,10-05-2011 11:55,05-05-2010 14:35,5,1890.57,802,214,369,378.114,1767.8323,Medium Value
15382,25-11-2011 10:58,04-12-2009 14:13,12,13733.55,9178,15,720,1144.4625,14657.941,High Value
15384,23-06-2011 10:57,26-04-2010 12:38,4,2027.79,1767,170,422,506.9475,2297.9148,Medium Value
15385,30-10-2011 15:11,31-01-2010 13:02,3,942.08,428,40,637,314.0266667,858.2738,Low Value
15386,06-06-2011 13:47,06-06-2011 13:47,1,394.14,446,186,0,394.14,504.75006,Low Value
15387,04-08-2010 16:05,04-08-2010 16:05,1,468.65,335,492,0,468.65,497.18735,Low Value
15388,14-03-2011 13:53,14-03-2011 13:53,1,140.54,88,270,0,140.54,138.89738,Low Value
15389,20-06-2011 16:18,27-01-2010 12:44,5,2733.8,3940,172,509,546.76,3034.7458,Medium Value
15390,08-11-2010 15:19,26-10-2010 17:23,2,1216.66,894,396,12,608.33,1384.2555,Medium Value
15391,04-05-2010 15:04,04-05-2010 15:04,1,289.87,109,584,0,289.87,313.40213,Low Value
15392,05-12-2011 11:01,04-10-2010 12:50,7,2911.62,2144,5,426,415.9457143,3080.5679,Medium Value
15393,23-11-2011 16:48,15-12-2009 17:56,5,891.34,378,16,707,178.268,847.33795,Low Value
15394,30-11-2011 11:49,15-12-2009 19:05,11,5286.8,2372,10,714,480.6181818,5147.8022,Medium Value
15395,18-01-2011 12:40,18-01-2011 12:40,1,107.45,17,326,0,107.45,98.262115,Low Value
15396,19-08-2011 10:56,05-05-2010 09:04,2,796.38,278,113,471,398.19,666.9533,Low Value
15397,23-02-2011 09:25,23-02-2011 09:25,1,94,20,290,0,94,89.24505,Low Value
15398,23-11-2011 16:47,22-09-2011 14:56,2,1345.53,769,16,62,672.765,1246.2925,Medium Value
15399,08-12-2011 13:04,21-09-2011 15:57,3,815.77,611,1,77,271.9233333,858.7385,Low Value
15400,08-09-2011 13:57,28-05-2010 08:33,8,1302.3,662,92,468,162.7875,1360.4359,Medium Value
15401,13-09-2010 13:42,20-05-2010 10:56,2,216.95,93,452,116,108.475,224.1499,Low Value
15402,14-07-2011 12:17,27-04-2010 12:12,6,1830.54,2034,149,443,305.09,2135.344,Medium Value
15403,05-08-2010 12:21,09-12-2009 12:45,2,170.88,492,492,238,85.44,306.75046,Low Value
15404,29-11-2010 11:03,29-11-2010 11:03,1,257.06,334,376,0,257.06,416.03305,Low Value
15405,03-06-2011 14:44,12-05-2010 15:56,2,659.84,348,189,386,329.92,654.59875,Low Value
15406,08-11-2011 13:22,12-09-2010 13:06,4,975.87,547,31,422,243.9675,985.5877,Medium Value
15407,06-11-2011 11:55,07-02-2011 13:18,4,1046.74,552,34,271,261.685,1054.9067,Medium Value
15408,20-03-2011 15:02,20-03-2011 15:02,1,267.18,106,264,0,267.18,314.48813,Low Value
15409,18-12-2009 15:35,18-12-2009 15:35,1,131.25,59,721,0,131.25,125.89756,Low Value
15410,16-09-2011 14:47,19-04-2010 08:57,10,4685.72,1902,84,515,468.572,4485.6997,Medium Value
15411,13-11-2011 15:19,10-06-2011 12:30,4,1348.93,529,26,156,337.2325,1261.6512,Medium Value
15412,21-06-2011 15:24,21-06-2011 15:24,1,190.53,108,171,0,190.53,188.87389,Low Value
15413,17-01-2010 11:33,01-12-2009 10:18,5,6798.72,2694,692,47,1359.744,5401.4116,Medium Value
15414,30-11-2011 09:50,11-04-2011 13:45,3,774.9,443,10,232,258.3,808.5484,Low Value
15415,30-01-2011 14:13,30-01-2011 14:13,1,559.61,551,313,0,559.61,761.4997,Low Value
15416,06-10-2011 09:38,01-02-2010 11:55,7,4572.82,2420,65,611,653.26,4429.3945,Medium Value
15417,15-09-2011 15:26,15-09-2011 15:26,1,508.8,284,85,0,508.8,540.35156,Low Value
15418,10-10-2010 13:38,02-05-2010 11:31,2,449.42,264,425,161,224.71,416.57178,Low Value
15419,15-11-2011 09:23,15-11-2011 09:23,1,135.86,230,25,0,135.86,127.68856,Low Value
15420,01-10-2010 15:46,05-12-2009 13:29,6,743,844,434,300,123.8333333,1023.7756,Medium Value
15421,12-10-2011 09:20,07-12-2009 15:10,10,3805.34,1927,59,673,380.534,3867.54,Medium Value
15422,20-01-2011 16:17,07-02-2010 11:52,7,1619.97,710,323,347,231.4242857,1521.6133,Medium Value
15423,01-11-2011 14:01,28-03-2010 13:42,3,266.89,198,38,583,88.96333333,321.26495,Low Value
15424,30-03-2011 13:02,02-09-2010 17:17,3,597.78,873,254,208,199.26,779.88007,Low Value
15425,04-11-2010 18:13,14-02-2010 12:36,4,1941.12,1041,400,263,485.28,1936.4072,Medium Value
15426,20-11-2011 15:36,02-05-2010 15:10,9,2156.35,1041,19,567,239.5944444,2106.207,Medium Value
15427,06-11-2011 14:29,23-10-2011 14:47,3,1430.54,967,33,13,476.8466667,1562.0461,Medium Value
15428,24-11-2011 16:54,17-12-2009 17:46,4,762.75,347,15,706,190.6875,716.5011,Low Value
15429,13-11-2011 12:28,25-09-2011 13:42,2,397.35,380,27,48,198.675,466.58035,Low Value
15430,29-08-2010 10:42,29-06-2010 15:04,2,954.75,309,468,60,477.375,924.7071,Medium Value
15431,25-07-2010 12:44,25-07-2010 12:44,1,153.24,84,503,0,153.24,157.71541,Low Value
15432,16-11-2011 16:30,16-06-2010 14:34,2,320.76,92,23,518,160.38,283.94366,Low Value
15433,10-05-2011 10:45,17-03-2011 14:12,2,533.3,534,214,53,266.65,715.5051,Low Value
15434,01-12-2011 13:33,24-01-2010 15:35,11,2567.06,1423,8,675,233.3690909,2618.8083,Medium Value
15435,17-11-2011 16:39,17-11-2011 16:39,1,149.29,54,22,0,149.29,157.71541,Low Value
15436,27-11-2011 16:05,19-04-2011 16:52,3,1067.75,574,12,221,355.9166667,1042.1853,Medium Value
15437,22-03-2011 13:11,09-03-2010 10:45,2,393.45,177,262,378,196.725,326.33203,Low Value
15438,31-07-2011 14:19,31-07-2011 14:19,1,156.58,59,131,0,156.58,158.05597,Low Value
15439,31-10-2010 10:38,24-02-2010 12:05,4,1269.05,572,405,248,317.2625,1129.5385,Medium Value
15440,16-10-2011 12:16,15-05-2011 11:30,3,383.68,197,55,154,127.8933333,371.4976,Low Value
15441,08-11-2010 15:50,09-12-2009 14:55,3,1254.21,587,396,334,418.07,1174.0038,Medium Value
15442,05-04-2011 12:24,05-04-2011 12:24,1,594,120,249,0,594,587.47076,Low Value
15443,08-12-2011 10:40,07-03-2010 12:10,14,5114.23,2699,2,640,365.3021429,5335.4214,Medium Value
15444,30-11-2011 17:37,30-10-2011 16:12,2,1411.21,759,9,31,705.605,1261.395,Medium Value
15445,20-03-2011 15:06,28-04-2010 15:00,2,284.5,118,264,326,142.25,264.7851,Low Value
15446,28-11-2010 11:59,13-12-2009 13:53,3,399.75,265,377,349,133.25,421.48248,Low Value
15447,13-01-2011 11:26,24-03-2010 14:40,5,492.88,228,331,294,98.576,545.8878,Low Value
15448,31-01-2011 10:42,03-02-2010 13:29,2,788.81,487,313,361,394.405,819.91077,Low Value
15449,13-11-2011 15:02,23-03-2011 10:43,3,974.52,812,26,235,324.84,1079.3768,Medium Value
15450,09-11-2011 17:11,09-11-2011 17:11,1,429.84,376,30,0,429.84,486.69455,Low Value
15451,01-10-2010 13:40,19-04-2010 14:08,2,226.86,76,434,164,113.43,236.21922,Low Value
15452,10-11-2011 12:13,16-07-2010 14:23,6,1785.11,1087,30,481,297.5183333,1686.0424,Medium Value
15453,08-12-2011 10:59,05-06-2011 12:37,7,1371.77,837,2,185,195.9671429,1475.7377,Medium Value
15454,12-12-2010 14:21,31-03-2010 13:15,2,305.99,146,362,256,152.995,283.6031,Low Value
15455,21-04-2010 12:43,21-04-2010 12:43,1,38.25,3,598,0,38.25,63.282875,Low Value
15456,01-03-2011 13:51,08-12-2009 12:54,10,2091.52,2727,283,448,209.152,2029.499,Medium Value
15457,22-03-2011 15:31,22-03-2011 15:31,1,237.07,132,262,0,237.07,244.20036,Low Value
15458,14-11-2011 13:08,02-11-2010 19:50,2,370.44,300,25,376,185.22,466.58035,Low Value
15459,18-10-2010 15:25,30-07-2010 14:31,2,202.83,121,417,80,101.415,208.0816,Low Value
15460,20-12-2010 16:08,20-12-2010 16:08,1,214.26,107,354,0,214.26,234.4651,Low Value
15461,05-09-2010 12:31,18-03-2010 12:40,2,429.7,230,461,170,214.85,371.92322,Low Value
15462,06-09-2011 13:11,20-09-2010 10:23,4,737.05,495,94,351,184.2625,784.6627,Low Value
15463,10-11-2011 12:57,10-11-2011 12:57,1,126.14,106,29,0,126.14,110.33144,Low Value
15464,05-01-2011 15:56,05-01-2011 15:56,1,1044.65,348,338,0,1044.65,958.0291,Medium Value
15465,20-11-2011 10:11,10-12-2009 09:42,32,12100.4,2638,20,710,378.1375,11491.423,High Value
15466,15-09-2011 14:08,03-12-2009 12:28,4,1560.46,941,85,651,390.115,1640.9901,Medium Value
15467,30-11-2011 14:17,10-07-2011 14:42,3,524.88,310,9,142,174.96,570.5798,Low Value
15468,19-10-2011 13:49,12-11-2010 09:39,3,1430.48,1400,51,341,476.8266667,1687.5035,Medium Value
15469,20-10-2011 16:21,27-09-2010 10:09,3,874.25,287,50,388,291.4166667,712.41254,Low Value
15470,13-05-2010 09:35,13-05-2010 09:35,1,63.42,232,576,0,63.42,70.265274,Low Value
15471,07-12-2011 14:12,07-06-2010 12:17,3,1292.01,670,2,548,430.67,1260.3135,Medium Value
15472,18-08-2011 15:17,18-08-2011 15:17,1,371.56,251,113,0,371.56,399.84326,Low Value
15473,25-11-2011 15:15,21-09-2010 09:14,8,2046,776,14,430,255.75,1719.629,Medium Value
15474,23-04-2010 11:14,23-04-2010 11:14,1,150.35,55,596,0,150.35,157.71541,Low Value
15475,23-09-2011 15:20,23-09-2011 15:20,1,454.11,319,77,0,454.11,497.18735,Low Value
15476,24-11-2010 15:17,23-09-2010 14:00,4,2209.98,1174,380,62,552.495,2240.1768,Medium Value
15477,28-02-2010 10:37,28-02-2010 10:37,1,368.4,216,650,0,368.4,364.93,Low Value
15478,30-10-2011 14:19,13-05-2010 18:49,3,1983.48,894,40,534,661.16,1736.8348,Medium Value
15479,06-12-2009 15:08,06-12-2009 15:08,1,147.4,38,733,0,147.4,138.89738,Low Value
15480,15-08-2011 14:32,01-02-2010 14:52,5,6279,1852,116,559,1255.8,5757.142,High Value
15481,03-11-2010 14:52,03-11-2010 14:52,1,1993.34,1450,401,0,1993.34,2125.8196,Medium Value
15482,24-11-2011 10:46,02-12-2009 16:59,19,14417.36,6516,16,721,758.8084211,13728.891,High Value
15483,01-07-2011 13:07,24-01-2010 15:42,10,817.82,905,161,522,81.782,1199.9484,Medium Value
15484,08-12-2011 15:03,05-12-2009 15:18,6,4652.1,4074,1,732,775.35,5182.9453,Medium Value
15485,09-11-2011 14:31,01-12-2009 17:31,7,4810.92,2153,30,707,687.2742857,4891.876,Medium Value
15486,30-06-2010 13:15,30-06-2010 13:15,1,102,40,527,0,102,89.24505,Low Value
15487,29-01-2010 12:07,29-01-2010 12:07,1,231.32,144,680,0,231.32,244.20036,Low Value
15488,08-09-2011 10:11,05-05-2010 13:03,5,431.92,251,93,490,86.384,544.7509,Low Value
15489,17-11-2011 08:53,15-01-2010 16:58,8,2419.61,1264,23,670,302.45125,2507.234,Medium Value
15490,05-10-2010 13:11,05-10-2010 13:11,1,210.85,82,430,0,210.85,213.2137,Low Value
15491,05-09-2011 15:56,18-04-2011 10:04,6,3100.09,1646,95,140,516.6816667,3185.6475,Medium Value
15492,11-11-2011 14:53,26-09-2011 14:02,2,659.46,483,28,46,329.73,716.4739,Low Value
15493,07-11-2011 12:04,23-02-2010 11:14,9,4121.68,1206,33,622,457.9644444,3598.742,Medium Value
15494,18-11-2011 14:51,10-12-2009 20:16,5,3702.6,3052,21,707,740.52,4073.8433,Medium Value
15495,25-11-2010 13:46,25-11-2010 13:46,1,246.5,194,379,0,246.5,266.51257,Low Value
15496,18-03-2010 13:16,18-03-2010 13:16,1,146.14,98,631,0,146.14,138.89738,Low Value
15497,22-11-2011 11:51,18-12-2009 15:08,9,8657.39,2937,18,703,961.9322222,7251.5103,High Value
15498,07-12-2011 12:48,16-12-2009 17:27,44,24972.86,12134,3,720,567.565,24946.836,High Value
15499,16-12-2009 12:17,16-12-2009 12:17,1,158.65,59,724,0,158.65,158.05597,Low Value
15500,01-12-2011 13:47,19-09-2011 13:47,4,1131.56,572,8,73,282.89,1078.1019,Medium Value
15501,31-10-2010 11:15,20-10-2010 12:47,2,399.95,205,405,10,199.975,326.33203,Low Value
15502,24-11-2011 12:48,03-06-2010 11:12,14,13003.87,5559,16,539,928.8478571,12967.064,High Value
15503,12-12-2010 10:57,13-12-2009 11:34,2,257.3,130,363,363,128.65,251.78535,Low Value
15504,19-09-2011 13:45,12-02-2010 12:34,4,402.7,141,81,584,100.675,402.67044,Low Value
15505,18-10-2011 07:56,07-07-2011 13:33,5,3610.96,2390,53,102,722.192,3819.8982,Medium Value
15506,17-11-2011 12:11,19-08-2010 12:38,6,2030.33,1637,23,454,338.3883333,2158.1787,Medium Value
15507,21-06-2011 11:19,21-06-2011 11:19,1,475.86,160,172,0,475.86,486.949,Low Value
15508,03-06-2011 15:43,18-04-2011 15:31,6,1000.27,440,189,46,166.7116667,948.9075,Medium Value
15509,24-11-2010 14:48,24-11-2010 14:48,1,152.41,58,380,0,152.41,157.71541,Low Value
15510,13-01-2011 12:10,13-01-2011 12:10,1,250,2,331,0,250,295.84167,Low Value
15511,28-11-2011 09:43,15-09-2011 15:05,5,900.53,269,12,73,180.106,743.4358,Low Value
15512,07-07-2011 10:20,01-02-2010 13:23,4,331.58,235,156,520,82.895,366.6203,Low Value
15513,06-11-2011 14:36,13-01-2010 14:59,35,26437.05,10477,33,661,755.3442857,25330.93,High Value
15514,27-11-2011 14:40,04-12-2009 16:37,18,6392.06,4087,12,722,355.1144444,6372.114,High Value
15515,17-11-2010 13:39,17-11-2010 13:39,1,171.81,131,387,0,171.81,173.79178,Low Value
15516,26-10-2011 10:51,24-10-2011 11:33,3,62.43,27,45,1,20.81,222.41722,Low Value
15517,20-04-2011 14:02,20-04-2011 14:02,1,267.03,293,233,0,267.03,375.311,Low Value
15518,06-10-2011 13:05,20-12-2009 12:21,15,4189.99,2810,64,655,279.3326667,4236.776,Medium Value
15519,21-11-2010 14:35,19-09-2010 13:57,2,344.61,116,383,63,172.305,305.99704,Low Value
15520,08-12-2011 10:58,08-12-2011 10:58,1,343.5,314,2,0,343.5,431.5964,Low Value
15521,30-10-2011 13:42,05-01-2010 10:19,16,7098.24,4507,40,663,443.64,7482.525,High Value
15522,07-11-2011 11:26,13-09-2011 12:26,2,397.99,572,33,54,198.995,570.717,Low Value
15523,16-09-2011 16:29,02-12-2009 15:16,16,17259.19,15633,84,653,1078.699375,19194.957,High Value
15524,15-11-2011 12:09,12-04-2010 09:19,2,591.4,28,25,582,295.7,480.0653,Low Value
15525,07-12-2011 14:43,22-11-2010 12:10,4,890.22,527,2,380,222.555,910.00305,Medium Value
15526,06-11-2011 15:04,06-11-2011 15:01,2,148.44,24,33,0,74.22,165.81981,Low Value
15527,21-11-2011 12:17,15-12-2009 17:31,23,5554.89,2211,19,705,241.5169565,5428.782,High Value
15528,30-03-2011 16:14,30-03-2011 16:14,1,229.33,123,254,0,229.33,244.20036,Low Value
15529,17-11-2011 11:29,10-11-2010 14:26,12,4783.66,4271,23,371,398.6383333,4940.5664,Medium Value
15530,18-11-2011 12:25,15-07-2010 11:10,5,1808.68,1328,22,491,361.736,1867.454,Medium Value
15531,01-12-2011 18:43,09-11-2011 17:47,2,1972.39,1085,8,22,986.195,1821.3676,Medium Value
15532,14-11-2011 14:51,08-06-2010 14:52,10,3738.85,1337,25,523,373.885,3575.9573,Medium Value
15533,20-11-2011 15:35,11-09-2011 15:41,3,807.57,289,19,69,269.19,689.3538,Low Value
15534,14-12-2009 12:48,14-12-2009 12:48,1,162.25,63,726,0,162.25,158.05597,Low Value
15535,19-06-2011 16:02,16-09-2010 20:04,6,1044.37,314,173,275,174.0616667,922.0222,Medium Value
15536,26-10-2010 16:31,26-10-2010 16:31,1,259.09,242,409,0,259.09,352.0065,Low Value
15537,29-06-2011 13:10,29-06-2011 13:10,1,110.92,29,163,0,110.92,103.77736,Low Value
15538,20-06-2010 10:49,14-02-2010 12:38,6,3358.4,1016,538,125,559.7333333,3000.2961,Medium Value
15539,02-12-2011 13:36,02-12-2011 13:36,1,538.46,410,7,0,538.46,557.72003,Low Value
15540,28-11-2011 13:51,29-11-2010 11:10,2,460.68,444,11,364,230.34,602.66223,Low Value
15541,17-08-2011 14:58,17-08-2011 14:58,1,85.13,49,114,0,85.13,78.87771,Low Value
15542,15-07-2010 13:32,02-12-2009 11:53,3,855.71,418,512,225,285.2366667,829.9682,Low Value
15543,24-02-2011 15:26,06-09-2010 11:28,2,242.26,167,288,171,121.13,236.21922,Low Value
15544,30-11-2011 16:43,28-01-2010 14:39,20,7807.89,6745,9,671,390.3945,8044.618,High Value
15545,16-10-2011 13:24,03-12-2010 17:28,2,288.97,162,54,316,144.485,264.7851,Low Value
15546,12-04-2010 11:51,12-04-2010 11:45,2,1079.1,198,607,0,539.55,837.10767,Low Value
15547,02-12-2011 12:52,06-12-2009 13:40,26,10057.05,7278,7,725,386.8096154,10033.881,High Value
15548,23-04-2010 12:20,23-04-2010 12:20,1,158.09,64,596,0,158.09,158.05597,Low Value
15549,23-09-2011 16:22,11-01-2010 13:16,8,2334.16,936,77,620,291.77,2266.4868,Medium Value
15550,05-12-2011 15:38,03-12-2009 15:15,12,2211.05,1139,4,732,184.2541667,2158.4248,Medium Value
15551,03-11-2011 12:37,07-06-2010 15:05,7,1679.81,796,37,513,239.9728571,1562.395,Medium Value
15552,06-05-2011 14:47,26-03-2010 16:17,2,252.52,166,217,405,126.26,236.21922,Low Value
15553,10-10-2011 14:02,10-10-2011 14:02,1,428.93,449,60,0,428.93,539.229,Low Value
15554,07-03-2011 09:00,07-03-2011 09:00,1,217.2,74,278,0,217.2,234.4651,Low Value
15555,27-11-2011 16:19,06-12-2009 11:58,36,11243.91,8511,12,721,312.3308333,11623.084,High Value
15556,15-11-2011 16:08,15-11-2011 16:08,1,279.77,236,24,0,279.77,353.9345,Low Value
15557,11-11-2011 12:46,11-11-2011 12:46,1,468.91,213,29,0,468.91,418.74536,Low Value
15558,10-03-2010 15:25,10-03-2010 15:25,1,202.68,73,639,0,202.68,213.2137,Low Value
15559,20-05-2010 14:06,20-05-2010 14:06,1,1109.4,526,568,0,1109.4,1085.4108,Medium Value
15560,07-11-2010 10:15,07-11-2010 10:14,2,153.52,72,398,0,76.76,170.11378,Low Value
15561,28-11-2011 11:07,14-02-2010 12:22,8,1934.39,1334,12,651,241.79875,2026.0765,Medium Value
15562,23-12-2010 09:55,13-12-2009 15:17,3,671.43,560,352,374,223.81,765.8936,Low Value
15563,17-11-2011 14:50,28-01-2010 11:36,7,2859.46,3005,22,658,408.4942857,3016.1506,Medium Value
15564,02-09-2010 15:52,01-02-2010 15:58,2,70.74,42,463,212,35.37,169.66547,Low Value
15565,20-10-2011 14:33,30-09-2011 10:44,2,173.16,60,50,20,86.58,197.71426,Low Value
15566,12-11-2010 12:11,15-12-2009 14:53,2,227.87,153,393,331,113.935,236.21922,Low Value
15567,21-11-2011 10:48,21-11-2011 10:48,1,186.01,223,19,0,186.01,188.87389,Low Value
15568,07-12-2011 11:27,27-09-2011 14:37,3,758.29,461,3,70,252.7633333,808.9469,Low Value
15569,28-08-2011 10:15,28-02-2010 10:55,10,3583.45,1734,104,545,358.345,3477.0903,Medium Value
15570,02-12-2011 14:47,28-03-2010 14:04,25,8736.49,4079,7,614,349.4596,8153.7827,High Value
15571,28-11-2011 10:02,06-12-2009 12:10,14,3892.35,2411,12,721,278.025,4073.786,Medium Value
15572,05-12-2011 10:09,14-04-2010 14:38,10,3965.2,2089,5,599,396.52,3902.4617,Medium Value
15573,08-11-2011 11:38,10-12-2009 14:19,5,1188.42,770,32,697,237.684,1232.5748,Medium Value
15574,15-06-2011 12:01,01-09-2010 14:37,6,1101.44,750,178,286,183.5733333,1239.1262,Medium Value
15575,30-03-2010 12:50,30-03-2010 12:50,1,30.1,6,620,0,30.1,63.282875,Low Value
15576,02-11-2011 12:03,02-11-2011 12:03,1,921.37,394,38,0,921.37,818.1921,Low Value
15577,11-07-2011 17:03,13-12-2009 16:17,5,396.03,120,151,575,79.206,487.37164,Low Value
15578,30-06-2011 13:03,30-06-2011 13:03,1,127.1,52,162,0,127.1,117.10804,Low Value
15579,02-10-2011 12:45,03-10-2010 14:37,5,1250.63,713,69,363,250.126,1232.5748,Medium Value
15580,28-11-2010 11:00,07-02-2010 11:21,8,1375.39,955,377,293,171.92375,1569.7345,Medium Value
15581,11-08-2011 09:38,02-12-2009 12:19,38,7480.4,3028,121,616,196.8526316,6945.963,High Value
15582,15-11-2011 09:55,03-05-2011 13:36,3,682.91,453,25,195,227.6366667,735.6551,Low Value
15583,28-11-2010 15:04,28-11-2010 15:04,1,95.96,56,376,0,95.96,89.24505,Low Value
15584,16-11-2011 10:55,07-02-2010 12:16,6,1268.2,483,24,646,211.3666667,1094.18,Medium Value
15585,16-06-2011 08:38,16-06-2011 08:38,1,455.3,320,177,0,455.3,497.18735,Low Value
15586,26-04-2010 11:00,08-01-2010 10:02,3,1139.1,1338,593,108,379.7,1310.6907,Medium Value
15587,20-10-2011 13:37,05-08-2010 08:44,7,1522.08,528,50,441,217.44,1298.8337,Medium Value
15588,31-01-2010 12:19,31-01-2010 12:19,1,579.6,96,678,0,579.6,587.47076,Low Value
15589,29-03-2011 09:54,02-02-2011 10:46,3,478.53,243,256,54,159.51,451.8499,Low Value
15590,22-11-2010 14:49,12-04-2010 10:09,5,1496.6,832,382,224,299.32,1433.913,Medium Value
15591,06-05-2010 09:23,04-02-2010 09:20,3,217.9,58,583,91,72.63333333,298.10046,Low Value
15592,24-10-2011 08:59,24-10-2011 08:59,1,388.58,354,47,0,388.58,448.16275,Low Value
15593,30-09-2011 11:46,30-09-2011 11:46,1,199.8,60,71,0,199.8,188.87389,Low Value
15594,24-11-2011 08:53,19-04-2011 10:08,5,1771.78,983,16,218,354.356,1643.6622,Medium Value
15595,09-08-2010 12:27,09-08-2010 12:27,1,357.6,144,488,0,357.6,346.5927,Low Value
15596,31-08-2011 10:55,28-07-2010 11:46,9,2727.72,1208,101,398,303.08,2738.643,Medium Value
15597,04-11-2011 13:26,13-05-2010 13:10,2,563.37,393,35,540,281.685,606.4716,Low Value
15598,17-10-2011 16:04,08-10-2010 09:20,2,548.02,404,53,374,274.01,606.4716,Low Value
15599,13-11-2011 11:44,20-09-2010 10:15,3,1250.06,1098,27,419,416.6866667,1395.452,Medium Value
15600,07-10-2010 14:30,25-04-2010 11:50,4,1199.31,657,428,165,299.8275,1180.107,Medium Value
15601,28-11-2011 15:15,01-12-2009 14:53,30,14191.74,10395,11,727,473.058,13845.317,High Value
15602,01-12-2011 14:14,02-12-2009 09:35,16,3137.96,2292,8,729,196.1225,3326.348,Medium Value
15603,22-09-2011 10:04,01-03-2010 16:02,2,88.48,128,79,569,44.24,175.38142,Low Value
15604,18-10-2011 14:47,18-10-2011 14:47,1,216.39,159,52,0,216.39,234.4651,Low Value
15605,03-11-2011 14:17,14-01-2010 14:03,9,1741.95,641,36,658,193.55,1568.0509,Medium Value
15606,09-10-2011 15:47,02-03-2010 14:48,17,5230.99,1615,61,586,307.7052941,4739.969,Medium Value
15607,07-01-2011 12:44,08-01-2010 12:16,9,1708.97,1470,337,364,189.8855556,1874.4637,Medium Value
15608,11-11-2011 13:20,20-10-2010 10:10,5,1785.98,1262,28,387,357.196,1778.591,Medium Value
15609,08-06-2011 13:00,08-06-2011 13:00,1,298.48,148,184,0,298.48,313.40213,Low Value
15610,19-10-2011 10:36,19-10-2011 10:36,1,112.46,66,52,0,112.46,110.33144,Low Value
15611,30-11-2011 12:36,25-01-2010 14:50,26,2997.28,747,10,673,115.28,2654.232,Medium Value
15612,03-11-2011 14:52,09-10-2011 12:49,2,195.15,52,36,25,97.575,208.0816,Low Value
15613,08-04-2010 12:51,08-04-2010 12:51,1,433.72,700,610,0,433.72,697.7079,Low Value
15614,28-09-2010 10:46,23-03-2010 11:13,4,3147.36,1632,438,188,786.84,3217.1255,Medium Value
15615,29-11-2011 14:42,02-12-2009 15:28,47,21373.97,12090,10,726,454.7653191,21262.754,High Value
15616,27-09-2010 13:10,27-09-2010 13:10,1,317.11,137,438,0,317.11,309.68695,Low Value
15617,08-11-2010 16:07,20-07-2010 13:16,3,828.55,485,396,111,276.1833333,832.1419,Low Value
15618,07-11-2011 08:34,26-07-2011 10:13,4,776.851,454,33,103,194.21275,796.96747,Low Value
15619,29-11-2011 08:14,29-11-2011 08:14,1,336.4,136,11,0,336.4,350.98447,Low Value
15620,14-10-2011 12:41,26-10-2010 11:32,4,1942.36,1249,57,353,485.59,1995.9957,Medium Value
15621,05-12-2011 14:01,18-11-2011 11:49,4,1293.03,501,4,17,323.2575,1142.8751,Medium Value
15622,27-10-2011 16:44,04-03-2010 10:29,17,7852.61,4091,43,602,461.9182353,7965.74,High Value
15623,21-07-2011 17:26,10-12-2009 14:46,8,2437.05,1087,141,588,304.63125,2317.5574,Medium Value
15624,15-08-2011 11:38,28-03-2011 13:32,4,588.13,357,117,139,147.0325,597.1127,Low Value
15625,28-08-2011 10:21,15-06-2010 15:23,9,3236.4,3020,104,438,359.6,3438.0796,Medium Value
15626,26-09-2011 10:03,14-10-2010 17:16,3,1067.52,1138,75,346,355.84,1169.7985,Medium Value
15627,08-09-2010 14:14,05-07-2010 11:56,2,566.9,344,457,65,283.45,606.4716,Low Value
15628,05-12-2011 10:24,13-12-2009 13:39,17,5333.08,3569,5,721,313.7105882,5302.026,Medium Value
15629,15-09-2010 13:46,25-06-2010 11:39,4,2240.9,1518,450,82,560.225,2301.1626,Medium Value
15630,25-10-2011 15:36,05-03-2010 14:30,3,1481.4,987,45,599,493.8,1594.2783,Medium Value
15631,07-03-2010 14:52,07-03-2010 14:52,1,596.67,525,642,0,596.67,762.6225,Low Value
15632,24-11-2011 09:51,10-03-2011 08:29,8,3285.31,2109,16,259,410.66375,3338.6794,Medium Value
15633,18-07-2010 13:54,08-12-2009 17:51,13,4335.96,2048,509,221,333.5353846,4136.7607,Medium Value
15634,22-11-2011 16:28,21-11-2010 15:30,2,554.65,227,17,366,277.325,469.0603,Low Value
15635,09-11-2010 08:58,09-11-2010 08:58,1,100.35,5,396,0,100.35,89.24505,Low Value
15636,11-09-2011 11:17,19-05-2010 11:37,4,1444.58,560,90,479,361.145,1294.0984,Medium Value
15637,18-10-2011 08:28,15-12-2009 17:54,5,797.59,651,53,671,159.518,1024.8179,Medium Value
15638,26-11-2010 11:52,08-04-2010 14:37,6,2265.2,1134,379,231,377.5333333,2136.3083,Medium Value
15639,28-07-2011 14:30,13-04-2010 13:11,3,1065.08,849,134,471,355.0266667,1142.458,Medium Value
15640,05-12-2011 14:35,14-12-2009 16:36,29,23494.31,12140,4,720,810.1486207,23485.924,High Value
15641,26-08-2011 14:04,06-12-2009 15:31,12,5345.55,4422,105,627,445.4625,5706.051,High Value
15642,10-12-2009 11:51,10-12-2009 11:51,1,105.78,270,730,0,105.78,124.935555,Low Value
15643,01-06-2011 07:38,02-03-2011 14:34,3,664,246,192,90,221.3333333,539.8294,Low Value
15644,26-06-2011 14:54,23-03-2011 15:37,4,803.54,550,166,94,200.885,850.03064,Low Value
15645,21-11-2011 11:55,10-10-2010 12:51,3,1055.17,396,19,406,351.7233333,911.21295,Medium Value
15646,05-07-2011 09:53,25-10-2010 13:06,5,784.81,821,158,252,156.962,1013.26117,Medium Value
15647,20-10-2010 15:09,20-10-2010 15:09,1,169,124,415,0,169,173.79178,Low Value
15648,19-05-2011 15:53,17-03-2011 18:59,2,639.5,218,204,62,319.75,503.79074,Low Value
15649,07-01-2011 13:34,17-11-2010 16:22,4,1660.35,365,336,50,415.0875,1312.5,Medium Value
15650,06-07-2010 10:41,21-03-2010 11:46,2,553.88,210,522,106,276.94,469.0603,Low Value
15651,03-11-2011 08:41,22-04-2010 13:26,5,1259.06,871,37,559,251.812,1309.485,Medium Value
15652,09-09-2011 14:22,11-08-2010 16:58,5,1405.94,657,91,393,281.188,1319.4766,Medium Value
15653,08-09-2011 10:49,16-08-2011 09:50,2,877.44,1200,93,23,438.72,1163.0408,Medium Value
15654,30-11-2011 13:08,13-11-2011 15:15,2,922.53,475,9,16,461.265,850.9466,Low Value
15655,10-04-2011 15:25,10-04-2011 15:25,1,560.67,324,243,0,560.67,669.1274,Low Value
15656,25-10-2011 14:56,28-02-2011 15:32,4,748.5,343,45,238,187.125,716.5011,Low Value
15657,17-11-2011 12:19,17-11-2011 12:19,1,30,24,23,0,30,63.282875,Low Value
15658,02-06-2011 15:22,03-12-2009 11:19,8,2117.27,627,190,546,264.65875,1797.6154,Medium Value
15659,27-10-2011 09:23,24-02-2010 13:32,3,532.49,161,44,609,177.4966667,456.64413,Low Value
15660,14-11-2011 16:58,05-02-2010 16:01,15,2603.69,1783,25,647,173.5793333,2627.8774,Medium Value
15661,26-01-2011 13:56,10-05-2010 07:59,8,1215.95,779,317,261,151.99375,1282.2493,Medium Value
15662,16-02-2010 16:47,01-12-2009 13:49,2,283.73,145,661,77,141.865,264.7851,Low Value
15663,25-08-2011 15:50,25-08-2011 15:50,1,138.14,106,106,0,138.14,127.68856,Low Value
15664,20-10-2011 10:57,28-02-2010 12:50,4,1254.03,530,51,598,313.5075,1129.5385,Medium Value
15665,24-06-2011 14:57,14-03-2010 15:07,5,3987.07,2777,168,466,797.414,3967.833,Medium Value
15666,24-08-2010 16:14,01-08-2010 15:41,2,632.94,469,472,23,316.47,689.93713,Low Value
15667,31-10-2011 10:56,31-10-2011 10:56,1,301.32,240,40,0,301.32,348.3154,Low Value
15668,06-05-2011 10:39,06-05-2011 10:39,1,76.32,72,218,0,76.32,78.87771,Low Value
15669,30-10-2011 16:03,21-03-2011 09:13,4,684.34,342,40,223,171.085,686.4666,Low Value
15670,16-02-2011 10:50,01-06-2010 15:34,2,325.2,132,297,259,162.6,290.26126,Low Value
15671,21-11-2011 12:43,14-03-2011 09:37,7,2657.13,1699,19,252,379.59,2780.7148,Medium Value
15672,14-12-2009 16:52,14-12-2009 16:52,1,45.3,10,725,0,45.3,63.282875,Low Value
15673,12-09-2011 16:12,22-02-2010 14:28,9,6204.32,3274,88,567,689.3688889,6542.597,High Value
15674,27-09-2011 15:17,08-12-2009 17:08,13,6948.23,3648,73,657,534.4792308,6760.178,High Value
15675,19-09-2011 13:48,31-10-2010 14:14,4,542.04,624,81,322,135.51,776.233,Low Value
15676,21-11-2011 12:40,01-03-2011 10:19,3,3435.76,2252,19,265,1145.253333,3719.5125,Medium Value
15677,21-10-2011 15:36,02-09-2010 12:08,3,1305.63,675,49,414,435.21,1260.3135,Medium Value
15678,18-10-2011 09:25,05-07-2010 12:49,3,1825.94,1022,53,469,608.6466667,1723.6884,Medium Value
15679,15-11-2011 16:19,10-06-2011 08:24,4,781.28,1170,24,158,195.32,997.81647,Medium Value
15680,30-11-2011 13:46,02-12-2009 12:15,10,4028.69,2743,9,728,402.869,4060.241,Medium Value
15681,14-11-2011 16:30,24-05-2010 14:18,14,2989.7,1392,25,539,213.55,2958.371,Medium Value
15682,19-04-2010 15:30,21-01-2010 14:37,2,318.24,222,599,88,159.12,283.94366,Low Value
15683,14-08-2011 12:56,23-08-2010 12:01,2,524.54,332,117,356,262.27,594.79987,Low Value
15684,10-06-2010 18:51,04-12-2009 16:13,3,173.95,77,547,188,57.98333333,282.57434,Low Value
15685,15-09-2010 13:43,15-09-2010 13:43,1,55.98,36,450,0,55.98,70.265274,Low Value
15686,15-10-2010 13:50,15-10-2010 13:50,1,90,72,420,0,90,82.6925,Low Value
15687,01-12-2011 08:33,13-01-2011 15:13,9,2993.1,1310,9,321,332.5666667,2919.5383,Medium Value
15688,17-10-2010 12:06,17-10-2010 12:06,1,190.57,95,419,0,190.57,188.87389,Low Value
15689,12-08-2011 09:37,01-04-2010 09:53,3,521.03,207,120,497,173.6766667,438.98996,Low Value
15690,05-12-2011 15:59,31-08-2011 11:40,2,239.76,408,4,96,119.88,355.22348,Low Value
15691,01-04-2011 15:13,06-12-2009 16:01,4,571.3,212,252,480,142.825,478.10837,Low Value
15692,11-11-2011 14:12,11-11-2011 14:12,1,191.04,138,28,0,191.04,188.87389,Low Value
15693,18-02-2010 14:37,18-02-2010 14:37,1,37.5,30,659,0,37.5,63.282875,Low Value
15694,09-12-2011 09:44,07-12-2009 15:43,24,9978.48,2467,1,731,415.77,9680.846,High Value
15695,18-03-2011 08:32,27-01-2010 10:56,4,1131.04,484,267,414,282.76,1012.734,Medium Value
15696,06-11-2011 14:02,24-01-2010 14:36,13,3881.22,1386,33,650,298.5553846,3598.3115,Medium Value
15697,19-01-2010 09:10,19-01-2010 09:10,1,246.75,127,690,0,246.75,266.51257,Low Value
15698,25-03-2010 17:38,25-03-2010 17:38,1,46.2,60,624,0,46.2,63.282875,Low Value
15699,22-11-2011 08:26,22-11-2011 08:26,1,309.65,113,18,0,309.65,309.68695,Low Value
15700,20-06-2011 16:53,19-06-2011 15:36,2,696.68,357,172,1,348.34,673.025,Low Value
15701,07-12-2011 14:39,21-08-2011 12:36,4,1529,912,2,108,382.25,1626.1829,Medium Value
15702,20-08-2010 14:50,26-01-2010 17:23,2,140.39,103,476,205,70.195,178.0624,Low Value
15703,20-03-2011 10:51,20-03-2011 10:51,1,211.5,66,265,0,211.5,234.4651,Low Value
15704,22-07-2011 13:35,05-05-2010 14:51,6,3734.66,1709,140,442,622.4433333,3649.6953,Medium Value
15705,22-05-2011 15:37,22-05-2011 15:37,1,143.1,62,201,0,143.1,138.89738,Low Value
15706,07-10-2011 10:09,15-08-2011 14:32,4,1060.56,321,64,52,265.14,921.3771,Medium Value
15707,04-11-2011 14:35,14-09-2011 14:19,4,916.98,594,35,51,229.245,963.2751,Medium Value
15708,30-10-2011 10:54,10-10-2010 11:33,9,3887.15,1465,41,384,431.9055556,3532.9937,Medium Value
15709,01-03-2011 10:38,29-04-2010 18:31,2,327.85,169,284,305,163.925,290.26126,Low Value
15710,18-10-2010 17:05,18-10-2010 17:05,1,898.87,641,417,0,898.87,1123.0537,Medium Value
15711,01-06-2010 12:14,24-01-2010 12:13,2,420.25,199,557,128,210.125,350.6718,Low Value
15712,30-11-2011 14:09,01-12-2009 11:17,12,3472.41,1277,9,729,289.3675,3264.3447,Medium Value
15713,19-07-2011 13:34,16-12-2009 09:41,4,839.64,451,143,580,209.91,835.6884,Low Value
15714,28-11-2011 11:26,02-06-2010 12:08,5,783.96,361,12,543,156.792,775.13776,Low Value
15715,02-06-2010 09:56,30-03-2010 12:17,5,658.02,246,556,63,131.604,633.27075,Low Value
15716,17-07-2011 11:59,07-12-2009 12:42,11,2485.26,1379,146,586,225.9327273,2526.3909,Medium Value
15717,19-04-2011 13:21,26-04-2010 10:41,5,607,224,234,358,121.4,582.7913,Low Value
15718,17-06-2010 16:20,17-06-2010 16:20,1,293.79,95,540,0,293.79,313.40213,Low Value
15719,07-11-2011 12:29,01-12-2009 12:47,31,10195.97,5356,33,705,328.9022581,10480.492,High Value
15720,15-11-2011 14:48,07-06-2010 15:40,2,739.22,327,24,525,369.61,726.4425,Low Value
15721,28-11-2011 12:14,28-11-2011 12:14,1,471.4,388,12,0,471.4,489.71954,Low Value
15722,04-11-2011 11:43,09-03-2010 15:05,11,5234,2279,36,604,475.8181818,5147.8022,Medium Value
15723,10-12-2010 11:12,14-05-2010 12:55,4,930.7,427,365,209,232.675,872.36615,Low Value
15724,22-05-2011 14:40,04-11-2010 10:22,3,310.85,117,201,199,103.6166667,327.8175,Low Value
15725,24-11-2011 14:51,24-11-2011 14:51,1,415.25,221,15,0,415.25,415.72037,Low Value
15726,14-11-2010 16:12,14-11-2010 16:12,1,321.91,123,390,0,321.91,309.68695,Low Value
15727,23-11-2011 12:36,24-01-2010 12:12,15,9371.71,5908,17,668,624.7806667,9803.353,High Value
15728,25-11-2010 10:39,21-09-2010 14:46,2,544.6,132,380,64,272.3,469.0603,Low Value
15729,11-05-2011 12:36,01-11-2010 13:44,3,192.55,47,213,190,64.18333333,298.10046,Low Value
15730,05-10-2011 12:31,04-10-2010 14:15,5,1726.58,1061,66,365,345.316,1643.6622,Medium Value
15731,04-06-2010 10:10,04-06-2010 10:10,1,125.3,122,554,0,125.3,110.33144,Low Value
15732,11-05-2011 14:24,04-02-2010 10:10,10,1543.97,1264,212,461,154.397,1916.3818,Medium Value
15733,02-03-2011 09:05,02-03-2011 09:05,1,162.3,62,283,0,162.3,158.05597,Low Value
15734,17-08-2011 10:50,10-06-2010 14:25,4,2263.3,516,115,432,565.825,1887.0039,Medium Value
15735,14-10-2010 13:38,14-10-2010 13:38,1,327.68,206,421,0,327.68,323.5174,Low Value
15736,30-09-2010 14:20,30-09-2010 14:19,2,1767.12,1208,435,0,883.56,1771.736,Medium Value
15737,25-11-2011 11:21,11-04-2011 10:01,8,1188.12,597,15,228,148.515,1202.0714,Medium Value
15738,21-11-2011 08:26,10-12-2009 15:52,41,13043.32,9030,19,710,318.1297561,13062.798,High Value
15739,04-10-2011 13:42,04-10-2011 13:42,1,449.12,472,66,0,449.12,529.49744,Low Value
15740,21-10-2011 14:29,21-10-2011 14:29,1,154.88,152,49,0,154.88,157.71541,Low Value
15741,07-09-2010 16:21,31-03-2010 11:55,2,208.62,70,458,160,104.31,208.0816,Low Value
15742,30-03-2010 15:25,30-03-2010 15:25,1,156.87,51,619,0,156.87,158.05597,Low Value
15743,23-11-2011 17:19,08-06-2011 10:14,4,775.96,214,16,168,193.99,569.0271,Low Value
15744,23-09-2011 09:52,23-09-2011 09:52,1,34.8,120,78,0,34.8,63.282875,Low Value
15745,20-11-2011 13:45,17-04-2011 13:04,4,1094.59,421,19,217,273.6475,974.88837,Medium Value
15746,28-07-2011 15:21,28-07-2011 15:21,1,196.88,178,134,0,196.88,188.87389,Low Value
15747,27-11-2011 12:26,18-01-2010 11:21,9,2499.81,1344,13,678,277.7566667,2433.022,Medium Value
15748,30-10-2011 12:51,16-09-2010 16:52,3,609.81,261,40,408,203.27,518.57806,Low Value
15749,18-04-2011 13:20,11-01-2011 12:55,3,44534.3,18028,235,97,14844.76667,43573.156,High Value
15750,07-12-2011 12:34,01-12-2009 17:19,18,6452.991,4281,3,735,358.4995,6636.0054,High Value
15751,05-09-2010 12:44,06-12-2009 13:08,11,1380.44,443,461,272,125.4945455,1293.9066,Medium Value
15752,31-10-2011 11:37,08-09-2010 11:56,9,3924.91,2792,40,417,436.1011111,4235.7114,Medium Value
15753,08-02-2011 12:41,08-02-2011 12:41,1,79.2,144,305,0,79.2,78.87771,Low Value
15754,19-10-2011 14:40,22-02-2010 13:31,9,3037.61,1762,51,604,337.5122222,2976.8728,Medium Value
15755,29-11-2011 14:57,04-12-2009 08:24,17,5993.12,4034,10,725,352.5364706,6329.109,High Value
15756,09-10-2011 13:30,04-04-2011 14:00,4,528.01,241,61,187,132.0025,501.8128,Low Value
15757,05-10-2011 12:14,10-06-2010 13:47,6,2940.36,1757,66,481,490.06,3003.7744,Medium Value
15758,15-11-2011 10:48,15-11-2011 10:48,1,205.25,47,25,0,205.25,213.2137,Low Value
15759,05-05-2011 15:13,02-12-2009 10:08,7,830.93,523,218,519,118.7042857,975.9262,Medium Value
15760,19-03-2010 11:45,19-03-2010 11:35,2,13916.34,2,631,0,6958.17,14566.705,High Value
15761,23-09-2010 09:33,23-09-2010 09:33,1,143.05,31,443,0,143.05,138.89738,Low Value
15762,05-10-2011 16:15,23-09-2011 15:17,2,583.75,251,65,12,291.875,514.97864,Low Value
15763,08-11-2011 09:44,23-09-2011 12:10,2,1086.92,271,32,45,543.46,899.6216,Medium Value
15764,12-09-2011 17:58,18-08-2010 13:58,8,4503.08,2945,88,390,562.885,4701.645,Medium Value
15765,11-02-2010 10:25,11-02-2010 10:25,1,370.63,335,667,0,370.63,443.37198,Low Value
15766,06-10-2011 17:03,26-01-2010 15:55,3,831.06,334,64,618,277.02,751.38617,Low Value
15768,16-08-2011 10:48,03-12-2009 12:10,34,15308.89,4215,116,620,450.2614706,14981.939,High Value
15769,02-12-2011 13:52,11-12-2009 09:58,46,88612.52,49068,7,721,1926.35913,54997.207,High Value
15770,06-04-2010 11:47,06-04-2010 11:47,1,321.45,67,613,0,321.45,309.68695,Low Value
15771,14-04-2010 13:56,15-01-2010 12:14,3,1006.54,512,604,89,335.5133333,1070.5911,Medium Value
15772,17-10-2010 13:33,17-10-2010 13:33,1,280.88,110,418,0,280.88,319.02124,Low Value
15773,04-12-2011 12:48,26-10-2010 15:27,2,774.52,410,6,403,387.26,801.17267,Low Value
15774,02-10-2011 12:04,21-02-2010 12:57,6,1288.34,465,69,587,214.7233333,1115.4313,Medium Value
15775,08-04-2011 12:56,18-03-2010 07:32,2,150.5,260,245,386,75.25,218.69165,Low Value
15776,29-07-2011 13:46,29-07-2011 13:46,1,241.62,138,133,0,241.62,244.20036,Low Value
15777,12-04-2011 16:43,20-05-2010 10:37,7,1762.61,599,241,327,251.8014286,1508.5483,Medium Value
15778,04-10-2010 15:10,04-10-2010 15:10,1,307.95,101,431,0,307.95,309.68695,Low Value
15779,02-09-2010 16:40,25-06-2010 15:55,2,124.08,20,463,69,62.04,182.62694,Low Value
15780,09-06-2011 12:01,17-12-2010 11:43,3,475.28,220,184,174,158.4266667,416.93658,Low Value
15781,14-11-2011 14:57,07-02-2011 09:15,3,345.46,180,25,280,115.1533333,364.721,Low Value
15782,30-11-2011 10:49,05-10-2010 15:43,4,4014.1,1844,10,420,1003.525,3922.9392,Medium Value
15783,29-11-2011 09:50,29-11-2011 09:50,1,246.3,212,11,0,246.3,266.51257,Low Value
15784,29-08-2010 10:38,05-02-2010 14:42,2,848.33,381,468,204,424.165,802.3109,Low Value
15785,07-11-2011 11:33,15-12-2009 16:28,16,5969.93,4479,33,691,373.120625,6615.0815,High Value
15786,24-10-2011 14:13,21-06-2010 10:13,5,8501.62,5957,46,490,1700.324,7802.6963,High Value
15787,13-11-2011 14:55,09-10-2011 13:11,3,933.26,534,26,35,311.0866667,926.65515,Medium Value
15788,19-07-2010 12:48,19-07-2010 12:48,1,221.83,115,509,0,221.83,234.4651,Low Value
15789,16-12-2010 14:35,26-03-2010 11:21,6,1962.01,2499,358,265,327.0016667,2354.7253,Medium Value
15790,29-11-2011 14:53,29-11-2011 14:53,1,218.75,113,10,0,218.75,234.4651,Low Value
15791,27-10-2011 10:14,08-03-2010 09:41,5,3608.34,1970,44,598,721.668,3416.9756,Medium Value
15792,05-11-2010 08:21,31-03-2010 09:42,2,933.84,606,400,218,466.92,918.8134,Medium Value
15793,25-11-2011 09:31,01-12-2009 12:54,8,2399.57,1685,15,723,299.94625,2616.5732,Medium Value
15794,03-12-2009 13:04,02-12-2009 15:10,2,777,288,736,0,388.5,689.88116,Low Value
15795,13-07-2011 10:43,18-01-2010 11:31,8,1979.87,1411,150,540,247.48375,2016.0859,Medium Value
15796,08-12-2011 19:55,31-03-2010 13:10,17,5171.63,1733,1,617,304.2135294,4674.444,Medium Value
15797,18-08-2011 17:04,27-01-2010 13:12,6,2821.08,1281,113,568,470.18,2633.1895,Medium Value
15798,04-08-2010 09:13,27-01-2010 11:55,3,1535.37,915,493,188,511.79,1631.8448,Medium Value
15799,25-09-2011 12:46,17-10-2010 14:26,4,1421.34,1341,76,342,355.335,1568.0791,Medium Value
15800,24-08-2011 14:23,31-03-2010 13:17,7,1227.07,575,107,511,175.2957143,1192.5228,Medium Value
15801,24-10-2011 13:52,22-08-2011 09:53,3,1063.95,570,46,63,354.65,1026.5114,Medium Value
15802,20-07-2011 11:38,20-07-2011 11:38,1,451.42,1,143,0,451.42,398.58792,Low Value
15803,19-10-2011 14:56,01-02-2010 16:29,4,1929.66,1030,51,624,482.415,1936.4072,Medium Value
15804,09-12-2011 12:31,25-05-2011 10:12,13,4206.39,2565,1,198,323.5684615,4229.103,Medium Value
15805,16-11-2011 16:32,10-12-2009 12:57,30,10148.93,6205,23,706,338.2976667,9125.996,High Value
15806,24-10-2011 14:35,08-03-2011 09:24,3,784.58,602,46,230,261.5266667,848.52216,Low Value
15807,20-10-2011 14:10,11-02-2010 15:32,5,1817.52,1532,50,615,363.504,2022.3583,Medium Value
15808,06-02-2011 14:33,01-12-2009 16:30,21,17180.25,6753,306,431,818.1071429,17016.338,High Value
15809,03-11-2011 16:40,22-06-2010 14:23,7,1274.44,700,36,499,182.0628571,1348.0371,Medium Value
15810,22-09-2011 09:38,04-02-2010 18:18,8,2999.04,1653,79,594,374.88,3139.817,Medium Value
15811,17-11-2011 15:31,16-11-2010 16:46,7,3486.15,1781,22,365,498.0214286,3321.3018,Medium Value
15812,24-08-2011 14:19,15-12-2009 13:40,12,5201.47,3450,107,617,433.4558333,5230.6167,Medium Value
15813,16-05-2011 08:13,14-04-2011 09:09,2,1303.91,603,208,31,651.955,1174.0363,Medium Value
15814,23-11-2011 08:17,15-04-2010 14:31,6,2634.44,1728,17,586,439.0733333,2580.8875,Medium Value
15815,07-10-2011 12:42,25-03-2011 08:43,5,2100.6,1856,64,196,420.12,2240.3423,Medium Value
15816,15-06-2010 13:36,15-06-2010 12:54,2,144.15,54,542,0,72.075,165.81981,Low Value
15817,15-10-2010 11:07,14-06-2010 13:31,3,2766.4,1596,421,122,922.1333333,2930.7651,Medium Value
15818,30-04-2010 12:58,30-04-2010 12:58,1,340.5,284,588,0,340.5,404.3869,Low Value
15819,21-10-2011 14:50,18-03-2010 11:08,10,3934.79,2928,49,582,393.479,4060.241,Medium Value
15820,24-01-2011 12:00,24-01-2011 12:00,1,206.98,128,320,0,206.98,213.2137,Low Value
15821,26-10-2011 15:48,09-10-2011 13:28,2,570.96,202,44,17,285.48,480.0653,Low Value
15822,06-12-2011 14:50,06-12-2009 15:12,6,1840.06,950,3,729,306.6766667,1895.4845,Medium Value
15823,02-12-2010 15:08,08-12-2009 15:12,3,3882.17,1774,372,358,1294.056667,3800.1587,Medium Value
15824,12-09-2010 13:20,25-06-2010 15:10,2,890.94,478,453,78,445.47,854.38965,Low Value
15825,20-06-2011 13:27,20-06-2011 13:27,1,532.94,220,172,0,532.94,484.40573,Low Value
15826,14-10-2011 16:05,20-05-2010 17:00,4,2598.28,1824,56,511,649.57,2644.2134,Medium Value
15827,27-09-2011 15:35,08-01-2010 11:25,28,3603.14,1715,73,627,128.6835714,3509.9463,Medium Value
15828,29-11-2010 16:41,29-11-2010 16:41,1,1108.82,367,375,0,1108.82,958.0291,Medium Value
15829,01-09-2011 16:45,22-07-2011 10:23,2,636.14,996,99,41,318.07,891.9202,Medium Value
15830,02-11-2011 10:40,02-11-2011 10:40,1,576,415,38,0,576,660.78503,Low Value
15831,12-10-2011 13:14,19-01-2011 14:52,3,794.64,1092,58,265,264.88,978.09357,Medium Value
15832,30-03-2011 15:29,30-03-2011 15:29,1,836.79,465,254,0,836.79,853.9417,Low Value
15833,02-12-2009 11:59,02-12-2009 11:59,1,80.4,24,738,0,80.4,78.87771,Low Value
15834,30-09-2011 14:41,11-10-2010 14:05,7,3764.39,1815,70,354,537.77,3550.186,Medium Value
15835,26-10-2011 15:47,13-01-2011 10:35,4,954.09,439,44,286,238.5225,872.36615,Low Value
15836,20-10-2011 17:13,20-10-2011 17:13,1,137.37,26,50,0,137.37,127.68856,Low Value
15837,06-10-2011 09:01,11-08-2010 10:16,2,777.01,405,65,420,388.505,745.64935,Low Value
15838,28-11-2011 14:00,15-12-2009 09:51,34,73205.5,64114,11,713,2153.102941,73204.48,High Value
15839,06-11-2011 13:54,14-07-2011 16:35,3,1048.49,675,33,114,349.4966667,1083.1998,Medium Value
15840,12-10-2011 09:08,20-06-2011 11:42,2,355.56,396,59,113,177.78,455.241,Low Value
15841,28-09-2011 12:15,10-12-2009 08:29,9,2742.41,2391,73,657,304.7122222,3026.4856,Medium Value
15842,11-11-2010 14:08,30-06-2010 09:06,2,548.8,296,393,134,274.4,544.439,Low Value
15843,09-02-2011 10:19,09-02-2011 10:19,1,118.95,27,304,0,118.95,110.33144,Low Value
15844,24-10-2011 15:19,24-10-2011 15:19,1,130.74,134,46,0,130.74,125.89756,Low Value
15845,22-11-2011 09:42,26-01-2010 14:44,11,4426.28,2128,18,664,402.3890909,4261.9478,Medium Value
15846,19-11-2010 14:40,19-11-2010 14:40,1,107.01,79,385,0,107.01,90.02224,Low Value
15847,01-11-2011 14:41,08-03-2010 08:47,5,822.57,643,38,603,164.514,1034.6763,Medium Value
15848,28-03-2010 10:54,28-03-2010 10:54,1,137.99,45,622,0,137.99,127.68856,Low Value
15850,20-11-2011 14:14,13-12-2009 13:27,6,1006.75,1334,19,707,167.7916667,1317.352,Medium Value
15851,01-07-2010 12:34,01-07-2010 12:34,1,109.73,67,527,0,109.73,98.262115,Low Value
15852,06-06-2011 11:22,01-07-2010 10:16,3,257.26,60,187,340,85.75333333,308.86932,Low Value
15853,19-10-2011 10:38,19-10-2011 10:38,1,110.8,135,52,0,110.8,103.77736,Low Value
15854,05-12-2011 13:39,10-12-2009 12:08,21,5578.28,1691,4,725,265.632381,4794.9014,Medium Value
15855,26-07-2011 10:20,20-08-2010 17:15,6,1052.72,712,137,339,175.4533333,1216.128,Medium Value
15856,05-12-2011 17:09,03-12-2009 14:02,52,32275.95,19550,4,732,620.6913462,32021.178,High Value
15857,21-11-2011 12:18,05-10-2010 16:43,2,570.48,584,19,411,285.24,712.6305,Low Value
15858,24-11-2011 12:48,10-12-2009 11:42,13,3552.41,2715,16,714,273.2623077,3495.4712,Medium Value
15859,03-10-2010 12:52,03-10-2010 12:52,1,438.46,174,432,0,438.46,415.72037,Low Value
15860,30-10-2011 11:25,06-12-2009 12:31,17,2361.3,1259,41,692,138.9,2548.8696,Medium Value
15861,27-11-2011 15:59,28-01-2010 19:41,12,4369.2,3837,12,667,364.1,4411.5503,Medium Value
15862,01-12-2011 13:28,17-12-2009 11:33,13,2512.29,1520,8,714,193.2530769,2375.2407,Medium Value
15863,14-11-2011 12:49,17-12-2009 10:20,5,355.1,162,26,697,71.02,453.09604,Low Value
15864,17-11-2011 13:32,23-11-2010 15:02,7,2180.76,1486,22,358,311.5371429,2155.1572,Medium Value
15865,30-10-2011 12:43,05-01-2010 13:58,5,2241.42,1141,41,662,448.284,2118.0745,Medium Value
15866,30-08-2011 14:09,30-08-2011 14:09,1,211.89,124,101,0,211.89,234.4651,Low Value
15867,04-12-2011 13:32,14-12-2009 15:16,31,8923.3,5067,5,719,287.8483871,8883.601,High Value
15868,05-05-2010 14:11,05-05-2010 14:11,1,94.53,57,583,0,94.53,89.24505,Low Value
15869,07-03-2011 17:23,23-03-2010 16:50,3,321.11,273,277,349,107.0366667,387.56503,Low Value
15870,07-11-2011 10:58,19-09-2010 16:22,4,857.46,504,33,413,214.365,844.63513,Low Value
15871,28-09-2010 14:16,28-09-2010 14:16,1,33.1,5,437,0,33.1,63.282875,Low Value
15872,25-11-2011 11:55,07-06-2010 14:53,4,729.25,467,15,535,182.3125,784.6627,Low Value
15873,28-07-2010 12:41,27-07-2010 11:58,4,313.92,1152,500,1,78.48,556.9419,Low Value
15874,07-10-2011 12:31,07-01-2010 13:56,21,11284.76,5102,64,637,537.3695238,10773.327,High Value
15875,03-03-2010 16:51,03-03-2010 16:51,1,108.52,74,646,0,108.52,98.262115,Low Value
15876,26-10-2010 18:58,17-09-2010 15:26,2,1449.14,886,409,39,724.57,1480.5905,Medium Value
15877,08-12-2011 11:53,22-11-2011 11:18,2,490.33,368,2,16,245.165,544.2191,Low Value
15878,27-05-2010 12:17,06-12-2009 12:28,2,330.77,243,562,171,165.385,325.1746,Low Value
15879,31-10-2010 16:21,17-12-2009 19:54,4,1137.8,639,404,317,284.45,1157.0483,Medium Value
15880,05-12-2010 13:00,05-12-2010 13:00,1,329.03,202,369,0,329.03,323.5174,Low Value
15881,31-01-2011 16:59,10-12-2010 13:32,5,501.39,260,312,52,100.278,580.8011,Low Value
15882,25-05-2011 11:35,10-12-2009 15:33,8,1124.66,650,199,530,140.5825,1241.942,Medium Value
15883,07-12-2011 17:05,06-11-2011 14:50,2,396.48,223,2,31,198.24,326.33203,Low Value
15884,03-10-2010 15:55,03-12-2009 18:23,2,244.6,152,432,303,122.3,236.21922,Low Value
15885,08-09-2011 10:43,21-01-2010 12:47,15,1951.82,622,93,594,130.1213333,1765.463,Medium Value
15886,10-10-2011 14:25,20-04-2010 15:03,4,1052.87,667,60,537,263.2175,1146.8318,Medium Value
15887,29-10-2010 08:36,02-06-2010 11:53,3,1027.15,605,407,148,342.3833333,1013.53265,Medium Value
15888,20-09-2011 12:30,01-07-2010 11:51,3,429.16,139,81,446,143.0533333,397.77798,Low Value
15889,06-07-2011 11:10,10-12-2009 12:21,8,1427.6,800,157,572,178.45,1410.5353,Medium Value
15890,10-11-2010 12:46,14-04-2010 08:43,5,535.65,119,395,210,107.13,570.722,Low Value
15891,27-04-2011 12:35,27-04-2011 12:35,1,511.68,418,227,0,511.68,540.1329,Low Value
15892,08-02-2010 16:23,08-02-2010 16:23,1,128.2,46,669,0,128.2,117.10804,Low Value
15893,15-08-2010 11:12,15-08-2010 11:12,1,305.28,288,482,0,305.28,363.29672,Low Value
15894,31-03-2011 13:50,05-12-2010 14:06,2,258.25,164,253,115,129.125,251.78535,Low Value
15895,13-07-2011 10:27,13-07-2011 10:27,1,179.17,94,150,0,179.17,191.44595,Low Value
15897,29-05-2011 13:50,29-05-2011 13:32,2,208.59,223,194,0,104.295,180.48112,Low Value
15898,08-12-2011 15:23,11-12-2009 16:11,25,4996.45,2160,1,726,199.858,4875.0244,Medium Value
15899,06-12-2010 10:36,06-12-2010 10:36,1,56.25,39,369,0,56.25,70.265274,Low Value
15900,16-11-2011 12:19,26-05-2010 11:27,4,886.57,656,24,539,221.6425,1001.92816,Medium Value
15901,23-11-2011 12:43,14-06-2010 12:39,7,687.72,695,17,527,98.24571429,1004.9062,Medium Value
15902,24-11-2010 16:57,24-11-2010 16:57,1,145.01,124,380,0,145.01,138.89738,Low Value
15903,30-11-2011 08:08,14-01-2010 10:57,12,8939.84,3926,10,684,744.9866667,8386.583,High Value
15904,01-12-2011 14:50,01-12-2011 14:50,1,164.68,84,8,0,164.68,158.05597,Low Value
15905,14-06-2010 16:00,14-06-2010 16:00,1,114.69,82,543,0,114.69,110.33144,Low Value
15906,20-11-2011 12:24,15-09-2010 12:17,10,2530.19,749,20,431,253.019,2266.1826,Medium Value
15907,06-12-2011 12:21,13-05-2011 13:01,3,882.72,478,4,206,294.24,855.2006,Low Value
15908,06-08-2010 11:56,15-07-2010 19:21,2,758.62,173,491,21,379.31,626.3621,Low Value
15909,19-06-2011 10:38,19-06-2011 10:38,1,191.94,98,174,0,191.94,188.87389,Low Value
15910,09-12-2011 10:51,21-01-2010 11:51,15,2661.17,2158,1,686,177.4113333,2843.4836,Medium Value
15911,26-03-2010 12:06,09-12-2009 13:26,8,1700.24,810,624,106,212.53,1569.1844,Medium Value
15912,14-06-2011 14:29,10-12-2009 12:58,9,1074.7,759,178,551,119.4111111,1265.8708,Medium Value
15913,23-06-2010 16:31,23-06-2010 16:31,1,6.3,3,534,0,6.3,63.282875,Low Value
15914,26-11-2010 16:10,26-11-2010 16:09,2,205.99,149,378,0,102.995,180.48112,Low Value
15915,03-11-2010 11:13,03-11-2010 11:13,1,364.45,414,402,0,364.45,435.67468,Low Value
15916,23-11-2011 13:46,10-12-2009 16:21,13,3145.24,1618,16,712,241.9415385,3172.5312,Medium Value
15917,06-04-2011 10:40,02-12-2009 14:55,5,530.17,248,248,489,106.034,597.3954,Low Value
15918,02-06-2011 11:42,18-03-2010 11:40,3,582.88,240,191,441,194.2933333,494.23828,Low Value
15919,20-11-2011 11:28,06-12-2010 11:26,2,525.69,385,20,349,262.845,594.79987,Low Value
15920,08-07-2011 15:31,14-12-2009 13:09,9,569.14,238,154,571,63.23777778,674.0768,Low Value
15921,20-06-2011 11:03,09-03-2010 11:03,4,775.26,335,173,468,193.815,716.5011,Low Value
15922,01-12-2010 13:51,01-12-2010 13:51,1,369.5,138,373,0,369.5,364.93,Low Value
15923,02-12-2010 12:16,02-12-2010 12:16,1,127.08,122,373,0,127.08,117.10804,Low Value
15924,08-12-2009 15:00,08-12-2009 15:00,1,102.82,103,731,0,102.82,89.24505,Low Value
15925,29-05-2011 15:35,29-05-2011 15:35,1,207.15,93,194,0,207.15,213.2137,Low Value
15926,15-06-2010 15:23,15-06-2010 15:23,1,134.44,155,542,0,134.44,127.68856,Low Value
15927,02-03-2010 13:25,02-03-2010 13:25,1,106.54,66,647,0,106.54,90.02224,Low Value
15928,21-02-2010 15:16,21-02-2010 15:16,1,293.53,164,656,0,293.53,313.40213,Low Value
15929,05-03-2010 14:56,05-03-2010 14:56,1,594,120,644,0,594,587.47076,Low Value
15930,03-10-2011 14:52,03-10-2011 14:52,1,426.63,139,67,0,426.63,415.72037,Low Value
15931,07-10-2010 16:46,07-10-2010 16:46,1,239.9,118,428,0,239.9,244.20036,Low Value
15932,05-12-2011 17:13,23-02-2011 14:50,8,2495.87,2325,4,285,311.98375,2793.2168,Medium Value
15933,18-11-2011 13:14,14-09-2011 12:05,3,1107.46,885,21,65,369.1533333,1250.014,Medium Value
15934,18-10-2010 10:13,06-10-2010 12:08,2,2190.66,2166,418,11,1095.33,2574.6577,Medium Value
15935,14-04-2011 13:27,12-04-2011 09:35,2,416.86,115,239,2,208.43,323.07135,Low Value
15936,25-11-2010 16:39,29-08-2010 11:42,2,282.79,211,379,88,141.395,264.7851,Low Value
15937,06-10-2011 15:48,06-10-2011 15:48,1,145.35,73,64,0,145.35,138.89738,Low Value
15938,19-08-2011 12:56,01-06-2010 09:42,9,734.81,449,112,444,81.64555556,887.90234,Medium Value
15939,11-09-2011 11:30,30-11-2010 12:07,16,9060.39,6260,90,284,566.274375,9200.618,High Value
15940,01-02-2011 16:18,01-02-2011 16:18,1,35.8,4,311,0,35.8,63.282875,Low Value
15941,12-03-2010 14:45,12-03-2010 14:45,1,405,60,637,0,405,369.72076,Low Value
15942,29-07-2011 09:01,29-07-2011 09:01,1,337.44,232,134,0,337.44,350.98447,Low Value
15943,28-02-2010 12:49,31-01-2010 11:04,2,271.29,183,650,28,135.645,253.57635,Low Value
15944,08-03-2011 10:33,13-12-2009 12:57,4,2164.24,859,277,449,541.06,1928.4443,Medium Value
15945,09-12-2010 13:14,01-12-2009 13:47,4,646.27,345,365,372,161.5675,654.6813,Low Value
15946,25-07-2010 12:18,16-03-2010 10:49,3,2304.18,1614,503,131,768.06,2762.3364,Medium Value
15947,18-09-2011 10:46,18-09-2011 10:46,1,1708.24,898,83,0,1708.24,1747.3491,Medium Value
15948,01-12-2011 15:32,11-10-2010 12:16,3,1509.09,852,8,416,503.03,1497.3177,Medium Value
15949,23-11-2011 09:09,29-09-2011 17:34,2,364.72,284,17,54,182.36,411.77362,Low Value
15950,08-11-2011 11:09,26-01-2010 11:39,10,7120.91,3354,32,650,712.091,6964.159,High Value
15951,01-12-2011 08:34,23-11-2010 18:20,3,1013.17,420,9,372,337.7233333,966.73627,Medium Value
15952,06-11-2011 11:18,28-04-2011 12:55,4,781.91,391,34,191,195.4775,716.5011,Low Value
15953,24-11-2011 15:32,03-12-2009 14:00,18,3440.34,1741,15,721,191.13,3365.858,Medium Value
15954,29-04-2010 13:35,29-04-2010 13:35,1,190.75,119,589,0,190.75,188.87389,Low Value
15955,15-11-2011 14:15,23-02-2010 16:36,22,8085.98,3967,24,629,367.5445455,8580.118,High Value
15956,06-06-2010 13:06,13-12-2009 11:16,2,617.6,278,551,175,308.8,538.70404,Low Value
15957,08-11-2011 12:14,15-10-2010 12:11,3,921.25,453,32,389,307.0833333,892.78656,Medium Value
15958,26-09-2011 13:41,07-06-2010 10:59,4,462.12,154,74,476,115.53,439.57394,Low Value
15959,26-01-2010 16:38,26-01-2010 16:19,3,542.89,269,682,0,180.9633333,463.3736,Low Value
15960,30-11-2010 15:57,30-09-2010 15:50,4,410.95,258,374,61,102.7375,437.5837,Low Value
15961,25-11-2010 15:59,25-11-2010 15:59,1,451.29,154,379,0,451.29,418.74536,Low Value
15962,16-09-2010 13:48,16-09-2010 13:48,1,289.48,228,449,0,289.48,313.40213,Low Value
15963,20-11-2011 11:33,25-10-2011 13:05,2,470.76,298,20,25,235.38,467.10004,Low Value
15964,14-02-2010 15:30,14-02-2010 15:30,1,269.21,93,663,0,269.21,319.02124,Low Value
15965,22-11-2011 16:44,03-12-2009 11:45,13,2771.94,1313,17,719,213.2261538,2724.911,Medium Value
15966,15-09-2010 10:44,15-09-2010 10:44,1,426.53,275,451,0,426.53,450.63373,Low Value
15967,16-11-2011 15:41,01-12-2009 13:29,12,2966,1183,23,715,247.1666667,2838.647,Medium Value
15968,16-11-2010 13:04,16-11-2010 13:04,1,404.55,247,388,0,404.55,404.63403,Low Value
15969,07-12-2011 11:06,05-07-2010 13:10,5,1127.05,223,3,519,225.41,836.1063,Low Value
15970,09-02-2011 12:08,20-04-2010 11:30,2,1017.32,498,304,295,508.66,971.94867,Medium Value
15971,22-11-2011 12:50,08-12-2009 09:46,18,5902.83,2251,18,714,327.935,5627.596,High Value
15972,09-09-2010 13:20,18-04-2010 14:06,5,1769.33,468,456,143,353.866,1357.0562,Medium Value
15973,08-12-2010 11:42,06-10-2010 15:00,3,680.62,195,367,62,226.8733333,514.65137,Low Value
15974,31-10-2011 13:13,24-02-2011 10:10,7,3442.15,2262,39,249,491.7357143,3631.7322,Medium Value
15975,16-09-2011 13:33,16-09-2011 13:33,1,371.01,243,84,0,371.01,399.84326,Low Value
15976,27-06-2011 13:00,06-06-2010 14:01,6,1694.41,1053,165,385,282.4016667,1638.0194,Medium Value
15977,22-11-2011 13:29,31-10-2011 16:24,2,1054.73,1016,17,21,527.365,1269.4882,Medium Value
15978,23-09-2011 15:21,05-03-2010 14:39,3,3279.42,2444,77,567,1093.14,3483.6807,Medium Value
15979,16-04-2010 11:35,16-04-2010 11:35,1,329.22,450,603,0,329.22,449.56055,Low Value
15980,12-09-2011 09:41,01-06-2010 14:40,7,6543.68,4822,89,467,934.8114286,7404.856,High Value
15981,15-11-2011 08:00,29-03-2010 10:07,21,9362.77,4827,25,595,445.8461905,9565.226,High Value
15982,13-04-2010 15:47,13-04-2010 15:47,1,324.51,131,605,0,324.51,323.5174,Low Value
15983,17-11-2011 17:34,06-12-2009 12:52,8,3110.37,1872,22,711,388.79625,3250.126,Medium Value
15984,07-12-2011 12:16,01-12-2009 13:38,30,8393.02,5730,3,735,279.7673333,8309.576,High Value
15985,08-08-2011 16:31,27-05-2010 15:51,7,2715.28,2750,123,438,387.8971429,3014.5237,Medium Value
15986,09-11-2011 15:17,23-11-2010 10:02,2,354.42,368,30,351,177.21,455.241,Low Value
15987,27-11-2011 15:38,25-11-2010 12:56,8,1535.99,1599,12,367,191.99875,1700.5413,Medium Value
15988,20-11-2011 13:23,21-02-2010 11:36,3,738.89,476,19,637,246.2966667,758.3661,Low Value
15989,29-11-2010 12:03,02-12-2009 15:51,2,368.31,169,376,361,184.155,326.33203,Low Value
15990,26-10-2011 15:58,28-02-2010 12:30,7,1997.75,1086,44,605,285.3928571,1921.2269,Medium Value
15991,23-06-2010 15:50,23-06-2010 15:50,1,150.55,41,534,0,150.55,157.71541,Low Value
15992,06-12-2011 11:00,12-09-2010 11:52,3,896.6,514,4,449,298.8666667,950.0838,Medium Value
15993,01-12-2011 10:45,26-10-2011 16:21,7,2777.67,2037,9,35,396.81,2839.92,Medium Value
15994,16-10-2011 12:28,14-03-2010 11:55,3,1175.68,462,55,581,391.8933333,1084.076,Medium Value
15995,21-10-2010 13:57,21-10-2010 13:57,1,694.54,352,414,0,694.54,705.44366,Low Value
15996,12-09-2011 15:14,07-11-2010 15:49,7,1386.4,643,88,308,198.0571429,1371.3773,Medium Value
15998,03-11-2011 12:45,01-12-2009 11:45,16,8274.14,5350,37,702,517.13375,9041.119,High Value
15999,04-12-2009 12:31,04-12-2009 12:31,1,20.4,24,736,0,20.4,63.282875,Low Value
16000,07-12-2011 12:17,07-12-2011 12:14,3,12393.7,5110,3,0,4131.233333,18140.627,High Value
16001,23-11-2010 17:10,23-11-2010 17:10,1,583.39,337,381,0,583.39,665.91266,Low Value
16002,24-03-2010 13:08,24-03-2010 13:08,1,169.21,70,625,0,169.21,173.79178,Low Value
16003,10-11-2011 09:57,03-12-2009 18:51,10,5613.83,2210,30,706,561.383,5215.227,Medium Value
16004,22-08-2010 11:48,25-01-2010 13:56,5,2146.39,1076,475,208,429.278,2023.0518,Medium Value
16005,27-11-2011 13:47,15-09-2010 13:21,10,2365.49,1269,12,438,236.549,2529.9905,Medium Value
16006,12-05-2011 13:12,17-11-2010 12:03,2,332.82,205,211,176,166.41,290.26126,Low Value
16007,23-10-2011 11:05,14-06-2010 13:18,7,3053.06,2631,48,495,436.1514286,3496.8691,Medium Value
16008,16-11-2011 10:32,19-03-2010 11:07,15,5339.13,3237,24,606,355.942,5229.631,Medium Value
16009,17-11-2011 16:51,03-07-2011 11:26,4,972.11,366,22,137,243.0275,852.0576,Low Value
16010,08-04-2011 10:14,24-10-2010 10:54,11,1694.86,919,246,165,154.0781818,1797.4003,Medium Value
16011,01-12-2011 16:31,01-12-2009 12:02,29,5601.01,3323,8,730,193.1382759,5705.3467,High Value
16012,04-11-2011 13:25,28-06-2010 11:39,5,2978.59,1760,35,494,595.718,3012.2124,Medium Value
16013,06-12-2011 10:36,08-12-2009 10:24,84,56078.44,25520,4,728,667.6004762,55760.57,High Value
16014,02-11-2011 12:04,31-01-2010 12:43,5,1100.28,462,38,639,220.056,998.4703,Medium Value
16015,06-12-2011 10:58,21-10-2011 12:56,3,704.55,907,4,45,234.85,946.38104,Medium Value
16016,06-12-2011 14:35,02-11-2010 13:27,11,2083.4,881,3,399,189.4,1946.0348,Medium Value
16017,23-10-2011 12:56,05-01-2010 12:06,5,1545.58,635,47,656,309.116,1381.1019,Medium Value
16018,31-10-2011 14:13,07-12-2009 13:57,4,698.13,503,39,693,174.5325,754.62823,Low Value
16019,24-10-2011 11:51,14-12-2009 14:12,27,17329.16,6959,47,678,641.8207407,17005.838,High Value
16020,23-11-2011 11:18,05-10-2011 13:54,3,851.01,487,17,48,283.67,832.1419,Low Value
16021,09-11-2010 14:48,13-06-2010 11:05,2,487.03,276,395,149,243.515,438.88403,Low Value
16022,24-03-2011 13:16,24-03-2011 13:16,1,602.63,255,260,0,602.63,622.38403,Low Value
16023,24-10-2011 16:34,18-03-2011 13:32,3,719.81,358,46,220,239.9366667,654.8996,Low Value
16024,27-11-2011 13:26,24-10-2010 11:40,3,483.99,504,12,399,161.33,591.68256,Low Value
16025,10-11-2011 11:45,10-11-2011 11:45,1,439.66,338,30,0,439.66,494.16235,Low Value
16026,27-10-2011 13:53,27-10-2011 13:53,1,236.09,243,43,0,236.09,279.1136,Low Value
16027,09-09-2011 10:47,08-01-2010 13:21,15,2048.36,2099,92,608,136.5573333,2255.9116,Medium Value
16028,23-04-2010 11:45,23-04-2010 11:45,1,82.2,18,596,0,82.2,78.87771,Low Value
16029,01-11-2011 10:27,08-12-2009 11:23,107,117763.62,54450,39,692,1100.594579,62907.164,High Value
16030,03-02-2011 11:28,03-02-2011 11:28,1,331.24,283,310,0,331.24,352.90247,Low Value
16031,08-09-2011 13:07,06-04-2011 14:23,2,547.9,421,92,154,273.95,653.4104,Low Value
16032,09-09-2010 18:00,04-07-2010 13:31,6,1965.72,1467,456,67,327.62,1918.6947,Medium Value
16033,04-12-2011 12:44,11-08-2010 16:44,27,10608.81,4200,6,479,392.9188889,10587.608,High Value
16034,27-05-2011 16:17,26-10-2010 13:00,6,911.32,585,196,213,151.8866667,996.1077,Medium Value
16035,28-05-2010 15:09,28-05-2010 15:09,1,217.73,33,560,0,217.73,234.4651,Low Value
16036,13-09-2011 14:53,29-03-2010 14:47,4,2556.84,1369,87,533,639.21,2369.0627,Medium Value
16037,15-03-2011 09:13,01-03-2010 12:31,5,1509.34,766,270,378,301.868,1342.5352,Medium Value
16038,02-12-2011 12:40,22-05-2011 11:29,3,471.78,244,8,194,157.26,451.8499,Low Value
16039,12-10-2010 10:44,21-03-2010 15:17,2,456.4,409,424,204,228.2,521.9068,Low Value
16040,05-10-2011 13:47,09-04-2010 10:12,7,2416.9,1185,65,544,345.2714286,2440.5095,Medium Value
16041,09-11-2011 12:25,21-07-2011 16:27,3,3166.4,1584,31,110,1055.466667,3129.2195,Medium Value
16042,17-11-2011 17:50,12-09-2010 12:00,8,2245.32,1430,22,431,280.665,2333.7104,Medium Value
16043,02-11-2011 12:50,15-08-2010 11:26,8,1856.59,1011,38,444,232.07375,1804.917,Medium Value
16044,30-09-2010 18:12,30-09-2010 18:12,1,340.84,170,435,0,340.84,350.98447,Low Value
16045,12-08-2011 12:41,29-07-2010 12:50,8,3434.93,2108,120,378,429.36625,3436.753,Medium Value
16046,26-05-2010 13:18,26-05-2010 13:18,1,235.78,248,562,0,235.78,279.1136,Low Value
16047,26-01-2010 16:34,26-01-2010 16:34,1,107.14,1,682,0,107.14,98.262115,Low Value
16048,01-12-2010 15:28,08-06-2010 12:36,4,818.79,425,373,176,204.6975,797.8428,Low Value
16049,30-10-2011 13:19,11-07-2010 13:53,6,1852.15,1132,40,475,308.6916667,1828.1187,Medium Value
16050,19-06-2011 11:44,03-11-2010 15:55,3,300.7,388,174,227,100.2333333,446.8218,Low Value
16051,27-01-2010 09:38,27-01-2010 09:38,1,188.44,80,682,0,188.44,188.87389,Low Value
16052,16-10-2011 15:13,16-10-2011 15:13,1,362.06,282,54,0,362.06,377.29733,Low Value
16053,07-11-2011 11:21,08-04-2010 11:11,6,3634.84,3067,33,578,605.8066667,4202.7163,Medium Value
16054,17-07-2011 13:08,01-04-2010 18:37,4,2111.88,791,145,471,527.97,1877.288,Medium Value
16055,03-05-2011 09:26,03-05-2011 09:26,1,134.8,22,221,0,134.8,127.68856,Low Value
16056,25-10-2011 15:19,25-10-2011 15:19,1,650.75,345,45,0,650.75,667.7271,Low Value
16057,23-11-2011 15:23,07-01-2010 17:11,10,3854.85,1691,16,684,385.485,3794.2593,Medium Value
16058,29-10-2010 16:48,29-10-2010 16:48,1,62.7,18,406,0,62.7,70.265274,Low Value
16059,05-10-2011 09:56,19-05-2010 13:04,12,3053.57,1431,66,503,254.4641667,3109.3286,Medium Value
16060,04-11-2010 12:10,02-08-2010 15:26,3,541.95,243,401,93,180.65,490.97406,Low Value
16061,04-10-2010 15:29,04-10-2010 15:29,1,89.65,19,431,0,89.65,82.6925,Low Value
16062,30-11-2011 12:15,21-06-2010 13:32,8,2863.45,2035,10,526,357.93125,3051.6743,Medium Value
16063,24-03-2011 14:56,24-03-2011 14:55,1,335.32,262,260,0,335.32,385.89774,Low Value
16064,14-12-2009 16:11,14-12-2009 16:11,1,109.31,55,725,0,109.31,98.262115,Low Value
16065,09-12-2010 13:03,02-09-2010 13:27,8,1992.13,1207,365,97,249.01625,1989.7244,Medium Value
16066,23-11-2011 11:54,07-08-2011 14:33,5,1521.04,935,17,107,304.208,1536.5142,Medium Value
16067,26-05-2010 12:33,02-02-2010 18:01,3,3269.11,1236,563,112,1089.703333,2744.371,Medium Value
16068,25-04-2010 11:52,25-04-2010 11:52,1,115.73,48,594,0,115.73,110.33144,Low Value
16069,18-10-2010 10:32,18-10-2010 10:32,1,457.7,138,418,0,457.7,418.74536,Low Value
16070,17-11-2011 15:50,07-11-2011 16:36,2,852.15,457,22,9,426.075,873.1903,Low Value
16071,26-10-2011 11:14,22-02-2010 14:48,4,1076.8,697,45,610,269.2,1157.0483,Medium Value
16072,24-02-2011 14:32,08-06-2010 16:47,4,4180.09,1580,288,260,1045.0225,3869.843,Medium Value
16073,15-02-2011 15:41,15-02-2011 15:41,1,122.4,48,297,0,122.4,110.33144,Low Value
16074,14-11-2010 13:19,14-11-2010 13:19,1,252.5,38,390,0,252.5,317.09323,Low Value
16075,25-07-2010 11:31,24-05-2010 15:57,2,736.93,271,503,61,368.465,637.08466,Low Value
16076,06-12-2011 14:59,15-05-2011 12:31,10,2234.73,1435,3,205,223.473,2336.717,Medium Value
16077,24-03-2010 10:42,24-03-2010 10:42,1,2300.4,840,626,0,2300.4,2190.7864,Medium Value
16078,01-03-2011 09:47,08-02-2010 13:29,2,362.99,200,284,385,181.495,323.0678,Low Value
16079,23-11-2011 12:48,30-10-2011 13:06,3,1352,864,17,23,450.6666667,1370.6638,Medium Value
16080,19-09-2011 10:42,15-09-2010 14:19,4,602.56,298,82,368,150.64,553.8982,Low Value
16081,14-10-2011 13:06,03-02-2010 12:46,8,4278.96,2177,56,618,534.87,4013.2007,Medium Value
16082,07-02-2010 15:16,07-02-2010 15:16,1,106.75,39,670,0,106.75,90.02224,Low Value
16083,31-08-2011 10:47,16-11-2010 11:53,4,2351.42,1514,101,287,587.855,2322.5288,Medium Value
16084,13-02-2011 16:05,13-02-2011 16:05,1,436.18,216,299,0,436.18,415.72037,Low Value
16085,16-11-2011 13:24,20-01-2010 14:03,12,2341.03,1382,23,664,195.0858333,2509.3472,Medium Value
16086,11-10-2011 13:09,02-12-2009 13:20,10,2687.73,1450,59,677,268.773,2671.416,Medium Value
16087,15-11-2010 16:44,19-01-2010 12:30,5,1739.92,664,389,300,347.984,1499.3392,Medium Value
16088,13-05-2010 10:16,27-04-2010 10:56,2,1437.43,373,576,15,718.715,1187.1364,Medium Value
16089,18-11-2010 13:51,18-07-2010 15:51,2,263.49,119,386,122,131.745,251.78535,Low Value
16090,25-03-2010 13:05,25-03-2010 13:05,1,180.56,58,624,0,180.56,191.44595,Low Value
16091,08-07-2011 08:45,25-05-2011 09:18,2,315.06,154,155,43,157.53,283.94366,Low Value
16092,17-08-2011 10:46,09-05-2010 16:10,6,1587.94,1188,115,464,264.6566667,1746.4155,Medium Value
16093,25-08-2011 11:09,25-08-2011 11:09,1,17,20,107,0,17,63.282875,Low Value
16094,28-11-2011 12:45,16-04-2010 14:00,11,3695.56,2020,12,590,335.96,3686.524,Medium Value
16095,09-09-2010 16:54,09-09-2010 16:54,1,447.05,265,456,0,447.05,451.9052,Low Value
16096,20-03-2011 13:38,04-03-2010 15:44,4,1584.97,700,264,380,396.2425,1470.1079,Medium Value
16097,13-04-2011 13:47,13-04-2011 13:47,1,185.05,87,240,0,185.05,188.87389,Low Value
16098,13-09-2011 09:59,15-12-2009 09:40,14,4010.7,2008,88,637,286.4785714,4028.2622,Medium Value
16099,20-10-2011 13:13,03-03-2010 11:13,7,1573.2,960,50,596,224.7428571,1742.6555,Medium Value
16100,03-09-2010 11:39,03-09-2010 11:39,1,582.64,438,463,0,582.64,643.1978,Low Value
16101,30-09-2011 10:18,27-05-2010 12:50,4,3229.16,1844,71,490,807.29,3226.714,Medium Value
16102,28-10-2011 13:19,03-08-2011 12:50,3,1842.14,942,42,86,614.0466667,1723.6884,Medium Value
16103,02-12-2011 14:16,08-01-2010 12:08,22,6191.71,2639,7,693,281.4413636,6546.741,High Value
16104,09-10-2011 10:23,06-12-2009 10:41,9,2774.46,1047,62,671,308.2733333,2610.2686,Medium Value
16105,05-04-2011 10:13,14-04-2010 13:27,5,2386.19,2125,249,355,477.238,2670.6106,Medium Value
16106,05-10-2011 10:37,05-10-2011 10:37,1,108.38,74,66,0,108.38,98.262115,Low Value
16107,22-11-2011 09:40,09-06-2011 18:42,7,3204.16,1176,18,165,457.7371429,2937.232,Medium Value
16108,16-09-2011 11:48,18-03-2010 14:14,4,2235.92,1473,85,546,558.98,2297.5215,Medium Value
16109,05-05-2011 09:17,10-01-2010 10:37,3,939.48,1092,219,479,313.16,1063.145,Medium Value
16110,25-10-2011 14:35,05-07-2010 13:04,4,1781.59,880,45,477,445.3975,1716.5248,Medium Value
16111,07-10-2010 19:51,07-10-2010 19:51,1,549.33,233,428,0,549.33,484.40573,Low Value
16112,19-07-2011 14:28,05-01-2011 11:47,4,195.74,574,143,195,48.935,489.38007,Low Value
16113,09-06-2011 16:16,09-06-2011 16:16,1,161.38,176,183,0,161.38,158.05597,Low Value
16114,22-06-2011 10:13,22-06-2011 10:13,1,135.75,43,171,0,135.75,127.68856,Low Value
16115,30-11-2011 11:32,14-05-2010 11:59,12,2553.8,1589,10,564,212.8166667,2539.7275,Medium Value
16116,12-05-2011 12:01,12-05-2011 12:01,1,612.78,248,212,0,612.78,622.38403,Low Value
16117,03-06-2011 11:42,27-04-2010 11:50,3,654.4,321,190,401,218.1333333,645.16437,Low Value
16118,25-02-2010 09:40,25-02-2010 09:40,1,4376.25,2851,653,0,4376.25,4373.2734,Medium Value
16119,01-12-2011 15:11,16-12-2009 11:56,8,1720.81,811,8,715,215.10125,1569.1844,Medium Value
16120,11-10-2011 14:22,13-10-2010 15:07,6,2967.51,2161,59,362,494.585,3167.776,Medium Value
16121,13-10-2011 12:59,23-05-2010 10:52,5,1450.04,879,57,508,290.008,1417.2217,Medium Value
16122,27-09-2011 15:34,10-10-2010 15:26,6,895.62,1280,73,352,149.27,1297.7336,Medium Value
16123,19-10-2011 09:18,19-10-2011 09:18,1,307.78,170,52,0,307.78,309.68695,Low Value
16124,26-01-2011 14:45,07-12-2009 10:33,4,1772.49,797,317,415,443.1225,1683.3846,Medium Value
16125,07-12-2010 15:48,14-12-2009 15:38,14,4292.35,1819,367,358,306.5964286,4113.682,Medium Value
16126,10-11-2011 16:03,02-12-2009 13:34,15,14644.6,6140,29,708,976.3066667,13574.498,High Value
16127,31-10-2011 13:58,13-12-2009 12:19,2,801.31,391,39,687,400.655,745.64935,Low Value
16128,22-11-2011 11:14,16-07-2010 16:30,11,3801.05,2445,18,493,345.55,3856.023,Medium Value
16129,28-10-2010 14:29,20-07-2010 12:32,3,1396.05,1261,407,100,465.35,1620.2572,Medium Value
16130,13-10-2010 15:14,01-04-2010 13:58,4,987.48,296,422,195,246.87,790.02527,Low Value
16131,19-10-2011 11:53,02-12-2009 10:09,12,9957.42,4768,52,686,829.785,9613.759,High Value
16132,13-06-2010 13:49,22-03-2010 10:25,2,664.2,280,544,83,332.1,582.481,Low Value
16133,06-12-2011 11:24,31-03-2010 12:21,56,22992.26,13653,4,614,410.5760714,23232.826,High Value
16134,18-11-2011 10:05,17-06-2010 09:48,5,2145.34,1637,22,519,429.068,2211.6702,Medium Value
16135,22-03-2011 12:30,05-05-2010 09:35,2,819.45,395,263,321,409.725,791.6491,Low Value
16136,11-10-2011 09:10,14-02-2010 12:49,4,946.8,674,60,603,236.7,1055.2,Medium Value
16137,28-01-2010 15:04,28-01-2010 15:04,1,422.7,210,680,0,422.7,415.72037,Low Value
16138,26-11-2010 12:13,28-04-2010 09:51,3,910.35,774,379,212,303.45,958.04987,Medium Value
16139,21-11-2011 08:37,03-12-2009 13:51,5,1111.15,602,19,717,222.23,1072.9615,Medium Value
16140,05-10-2011 12:15,24-09-2010 12:03,3,1433.46,1272,66,376,477.82,1644.996,Medium Value
16141,12-09-2011 13:11,18-10-2010 14:12,2,955.94,410,88,328,477.97,948.1894,Medium Value
16142,04-04-2011 10:16,04-04-2011 10:16,1,535.34,422,250,0,535.34,540.1329,Low Value
16143,06-12-2011 14:13,10-12-2009 09:44,12,4555.08,1866,3,726,379.59,4357.0737,Medium Value
16144,07-04-2011 10:09,07-04-2011 10:09,1,175.2,16,247,0,175.2,173.79178,Low Value
16145,01-12-2011 10:33,04-05-2010 13:31,19,6805.44,5270,9,575,358.1810526,7051.1694,High Value
16146,05-07-2011 14:20,17-09-2010 10:46,4,946.38,544,157,291,236.595,963.2751,Medium Value
16147,29-07-2011 09:57,05-02-2010 12:26,5,2398.91,1395,134,538,479.782,2429.469,Medium Value
16148,16-02-2011 14:01,29-09-2010 10:12,2,386.62,250,296,140,193.31,361.24536,Low Value
16149,05-12-2011 11:29,06-10-2010 15:54,3,422.22,598,5,424,140.74,582.657,Low Value
16150,28-10-2011 12:39,17-12-2009 15:33,10,4002.17,1990,43,679,400.217,3902.4617,Medium Value
16152,16-03-2011 09:47,16-03-2011 09:47,1,1829.04,642,269,0,1829.04,1548.7833,Medium Value
16153,21-10-2011 10:50,26-05-2010 12:41,11,5133.49,3693,50,512,466.6809091,5559.9,High Value
16155,23-11-2010 12:03,18-06-2010 11:23,5,796.9,495,382,158,159.38,827.93604,Low Value
16156,01-12-2011 12:42,02-12-2009 17:06,20,6188.18,3205,9,728,309.409,5855.5806,High Value
16157,24-11-2011 11:41,28-09-2011 11:48,3,656.69,347,16,56,218.8966667,645.16437,Low Value
16158,05-07-2010 13:55,05-12-2009 15:00,9,628.32,182,522,211,69.81333333,639.16345,Low Value
16159,03-03-2011 12:27,03-12-2009 11:51,4,1232.79,635,282,455,308.1975,1193.5736,Medium Value
16160,05-10-2011 14:19,15-09-2011 10:53,2,1025.44,1162,65,20,512.72,1226.548,Medium Value
16161,08-12-2011 12:10,08-02-2010 11:06,43,12580.06,6255,2,668,292.5595349,12192.211,High Value
16162,01-04-2011 15:03,01-04-2011 15:03,1,37.4,4,252,0,37.4,63.282875,Low Value
16163,21-04-2011 15:15,02-12-2009 10:00,6,2407.98,676,232,505,401.33,2010.7848,Medium Value
16164,22-11-2011 15:04,28-10-2011 09:12,3,822.48,433,17,25,274.16,806.9095,Low Value
16165,22-07-2010 14:17,22-07-2010 14:17,1,79.9,2,505,0,79.9,78.87771,Low Value
16166,07-10-2010 15:44,17-01-2010 14:16,2,435.83,173,428,263,217.915,371.92322,Low Value
16167,21-10-2010 15:33,01-12-2009 10:46,5,1386.12,1494,414,324,277.224,1507.3038,Medium Value
16168,29-11-2011 12:45,03-12-2009 12:38,66,10360.67,4975,11,726,156.9798485,10407.677,High Value
16169,01-12-2011 15:28,25-09-2011 11:33,4,1822.97,1325,8,67,455.7425,1938.5002,Medium Value
16170,20-10-2011 08:21,18-02-2010 13:50,20,6869,6056,51,608,343.45,6788.1577,High Value
16171,11-10-2011 14:51,11-10-2011 14:51,1,73.2,24,59,0,73.2,74.583725,Low Value
16172,05-09-2011 13:22,14-07-2010 15:34,8,1884.55,1419,95,417,235.56875,2016.0859,Medium Value
16173,24-11-2011 10:53,02-09-2011 15:23,6,1418.32,575,16,82,236.3866667,1280.1863,Medium Value
16174,05-08-2011 13:26,15-04-2010 15:12,7,2246.75,1431,126,476,320.9642857,2214.4907,Medium Value
16175,06-09-2011 14:32,25-05-2010 12:01,7,1836.44,932,94,469,262.3485714,1918.7587,Medium Value
16176,14-10-2010 13:54,29-03-2010 14:52,4,2052.69,952,421,198,513.1725,2025.4047,Medium Value
16177,20-10-2011 12:57,02-03-2010 14:03,8,2247.31,1021,50,596,280.91375,2165.0347,Medium Value
16178,24-07-2011 16:05,03-11-2010 14:46,2,612.6,304,138,263,306.3,628.062,Low Value
16179,10-10-2011 09:41,10-10-2011 09:41,1,215.83,99,61,0,215.83,234.4651,Low Value
16180,31-08-2011 16:28,23-06-2010 13:19,13,16249.87,9813,100,434,1249.99,15950.478,High Value
16181,27-09-2011 13:38,27-09-2011 13:38,1,305.54,152,73,0,305.54,311.2562,Low Value
16182,28-09-2011 13:23,09-03-2010 09:34,9,9971.65,5887,72,568,1107.961111,10891.039,High Value
16183,03-10-2011 14:59,28-10-2010 14:43,4,1077.81,351,67,340,269.4525,932.26733,Medium Value
16184,06-10-2011 17:43,12-05-2011 13:33,6,1158.79,561,64,147,193.1316667,1106.6101,Medium Value
16185,23-11-2011 09:41,24-05-2010 11:04,3,644.72,321,17,547,214.9066667,645.16437,Low Value
16186,17-11-2011 12:43,09-12-2009 15:36,26,8718.43,6594,23,707,335.3242308,9172.862,High Value
16187,08-11-2011 09:50,28-02-2011 13:34,15,6911.44,5048,32,252,460.7626667,7168.1177,High Value
16188,26-10-2011 12:19,27-10-2010 11:50,5,1087.66,838,45,364,217.532,1247.8864,Medium Value
16189,24-11-2011 11:47,15-09-2011 15:21,2,215.48,134,16,69,107.74,224.1499,Low Value
16190,30-10-2011 15:59,14-12-2009 11:59,8,2723.55,1231,40,685,340.44375,2507.8816,Medium Value
16191,07-12-2011 11:26,11-12-2009 12:24,24,15677.82,9348,3,725,653.2425,15870.393,High Value
16192,04-12-2009 12:28,04-12-2009 12:28,1,351.3,208,736,0,351.3,350.98447,Low Value
16193,17-04-2011 11:45,25-10-2010 10:25,2,630.43,379,237,174,315.215,628.062,Low Value
16194,29-11-2010 13:28,29-11-2010 13:28,1,308.6,140,375,0,308.6,309.68695,Low Value
16195,16-12-2009 14:09,16-12-2009 14:09,1,323.25,123,723,0,323.25,309.68695,Low Value
16196,08-08-2010 11:40,08-08-2010 11:40,1,93.3,26,489,0,93.3,82.6925,Low Value
16197,27-08-2010 12:56,16-12-2009 11:44,9,2016.71,1420,469,254,224.0788889,2171.8257,Medium Value
16198,25-09-2011 14:58,28-09-2010 13:59,2,1030.041,384,75,362,515.0205,956.9383,Medium Value
16199,12-11-2010 12:55,18-03-2010 18:47,7,942.75,321,392,238,134.6785714,875.9614,Low Value
16200,05-12-2011 14:40,02-12-2009 15:04,12,5608.1,3068,4,732,467.3416667,5636.495,High Value
16201,06-12-2011 16:02,20-10-2010 12:00,5,2112.12,1421,3,412,422.424,2072.992,Medium Value
16202,14-12-2010 10:43,02-12-2009 10:48,9,2501.99,1307,361,376,277.9988889,2443.0125,Medium Value
16203,12-10-2011 12:31,23-07-2010 13:09,6,943.84,537,59,445,157.3066667,1012.09766,Medium Value
16204,16-11-2011 13:40,08-12-2009 17:44,3,918.71,671,23,707,306.2366667,964.93097,Medium Value
16205,09-11-2011 09:32,15-06-2010 11:58,7,1820.11,1452,31,511,260.0157143,1994.6705,Medium Value
16206,16-10-2011 10:41,24-01-2010 15:25,13,2589.87,1379,55,629,199.2207692,2587.9792,Medium Value
16207,14-11-2011 13:51,14-11-2011 13:51,1,394.38,140,25,0,394.38,369.72076,Low Value
16208,26-10-2011 11:36,24-02-2010 14:24,10,3440.45,1541,45,608,344.045,3304.9446,Medium Value
16209,12-09-2011 11:58,11-06-2010 11:58,9,4146.78,1895,89,458,460.7533333,3975.2239,Medium Value
16210,08-12-2011 12:36,02-12-2009 12:54,35,33750.97,12397,2,735,964.3134286,34058.38,High Value
16211,12-09-2011 12:11,27-09-2010 15:24,3,1090.59,519,89,349,363.53,1060.598,Medium Value
16212,20-11-2011 13:00,07-02-2010 15:26,4,1293.71,571,19,650,323.4275,1219.4716,Medium Value
16213,22-09-2011 10:03,22-09-2011 10:03,1,159,48,79,0,159,158.05597,Low Value
16214,22-06-2011 11:30,30-09-2010 13:57,4,2038.25,1308,171,264,509.5625,2062.6328,Medium Value
16215,20-09-2011 10:18,20-09-2011 10:18,1,242.35,104,81,0,242.35,266.51257,Low Value
16216,17-03-2011 15:34,17-03-2011 15:34,1,914.93,254,267,0,914.93,853.04,Low Value
16217,18-04-2011 13:31,02-03-2011 15:28,2,304.25,91,235,46,152.125,283.6031,Low Value
16218,10-11-2011 09:59,27-05-2010 16:09,13,3968.67,2799,30,531,305.2823077,3945.3,Medium Value
16219,27-07-2010 11:44,27-07-2010 11:44,1,40.8,48,501,0,40.8,63.282875,Low Value
16221,03-11-2011 11:43,10-08-2010 13:32,9,2019.92,1449,37,449,224.4355556,2214.4053,Medium Value
16222,25-01-2011 13:38,18-12-2009 14:31,2,1272.05,463,318,402,636.025,1159.2272,Medium Value
16223,30-11-2010 11:50,09-11-2010 12:07,2,1087.05,643,375,20,543.525,1058.2584,Medium Value
16224,13-10-2011 17:51,17-11-2010 13:14,5,1616.54,1555,57,330,323.308,1773.1216,Medium Value
16225,26-10-2011 08:30,07-02-2010 12:41,15,2859.31,1281,45,625,190.6206667,2814.8584,Medium Value
16226,20-05-2011 14:41,22-10-2010 11:19,5,672.17,521,203,210,134.434,820.59937,Low Value
16227,28-04-2011 13:33,22-06-2010 13:28,3,1027.22,436,225,310,342.4066667,966.73627,Medium Value
16228,19-11-2010 14:20,04-11-2010 18:54,3,885.71,555,385,14,295.2366667,894.7759,Medium Value
16229,13-09-2011 17:16,24-05-2010 12:59,6,2867.86,1292,87,477,477.9766667,2701.393,Medium Value
16230,03-06-2011 10:06,03-05-2011 15:12,2,542.03,365,190,30,271.015,606.4716,Low Value
16231,25-11-2010 15:00,21-04-2010 12:06,4,1074.47,563,379,218,268.6175,1078.1019,Medium Value
16232,27-10-2011 12:16,07-06-2010 14:04,7,2712.97,1849,44,506,387.5671429,2839.6343,Medium Value
16233,29-09-2011 17:27,02-12-2009 13:23,9,1818.31,677,71,666,202.0344444,1630.1122,Medium Value
16234,20-08-2010 14:33,27-05-2010 10:39,3,333.18,170,476,85,111.06,358.16693,Low Value
16235,30-10-2011 10:56,26-08-2010 12:10,9,2053.71,788,41,429,228.19,1959.9946,Medium Value
16236,22-09-2011 14:10,22-09-2011 14:10,1,432.2,184,78,0,432.2,415.72037,Low Value
16237,28-09-2010 17:02,28-09-2010 17:02,1,136.65,57,437,0,136.65,127.68856,Low Value
16238,13-10-2010 12:36,13-10-2010 12:36,1,63.66,85,423,0,63.66,70.265274,Low Value
16239,14-10-2011 08:29,02-09-2010 19:17,6,1492.2,692,57,406,248.7,1412.7024,Medium Value
16240,15-11-2011 14:30,23-09-2011 13:44,2,3718.8,1641,24,53,1859.4,3286.3345,Medium Value
16241,30-11-2011 11:08,25-10-2010 13:40,16,3992.86,2258,10,400,249.55375,3998.94,Medium Value
16242,01-12-2011 15:12,15-03-2010 16:02,14,7404.65,3921,8,625,528.9035714,6976.9194,High Value
16243,06-11-2011 12:32,16-10-2011 12:09,2,409.1,110,34,21,204.55,350.6718,Low Value
16244,12-05-2011 10:18,02-12-2010 11:41,2,1522.75,855,212,160,761.375,1557.8463,Medium Value
16245,16-11-2011 10:14,28-03-2011 09:30,3,1413.66,1014,24,233,471.22,1503.8809,Medium Value
16246,06-09-2010 12:04,08-02-2010 12:32,2,821.35,336,460,209,410.675,802.3109,Low Value
16247,22-06-2011 14:23,22-06-2011 14:23,1,114.56,182,170,0,114.56,110.33144,Low Value
16248,09-10-2011 11:32,09-10-2011 11:32,1,152.94,78,62,0,152.94,157.71541,Low Value
16249,18-10-2011 10:07,14-04-2011 13:50,5,1800.07,950,53,186,360.014,1703.4333,Medium Value
16250,23-03-2011 15:07,18-11-2010 10:43,3,565.24,268,261,125,188.4133333,494.23828,Low Value
16251,15-07-2010 14:55,15-07-2010 14:55,1,128.31,44,512,0,128.31,117.10804,Low Value
16252,22-11-2010 11:57,22-11-2010 11:57,1,295.09,158,383,0,295.09,313.40213,Low Value
16253,04-10-2011 09:09,08-12-2009 17:24,7,7272.2,6030,67,664,1038.885714,7287.877,High Value
16254,26-11-2010 13:22,17-03-2010 15:43,3,967.44,543,378,253,322.48,908.2425,Medium Value
16255,23-11-2011 12:40,24-01-2010 12:21,15,4530,2876,17,668,302,4420.75,Medium Value
16256,18-03-2011 12:18,21-04-2010 10:34,3,1629.37,1590,267,331,543.1233333,1925.9287,Medium Value
16257,16-06-2011 10:11,16-06-2011 10:11,1,46.95,2,177,0,46.95,63.282875,Low Value
16258,25-10-2011 13:30,10-03-2010 14:19,15,11942.52,7200,45,593,796.168,12565.53,High Value
16259,25-10-2010 14:27,13-04-2010 16:57,3,340.94,143,410,194,113.6466667,364.721,Low Value
16260,20-10-2011 09:40,20-10-2011 09:40,1,1035.45,311,51,0,1035.45,952.90155,Medium Value
16261,22-11-2011 17:23,23-09-2010 16:40,6,1041.16,454,17,425,173.5266667,1016.2971,Medium Value
16262,26-11-2010 13:22,26-11-2010 13:22,1,755.15,446,378,0,755.15,853.9417,Low Value
16263,12-10-2010 14:52,12-10-2010 14:52,1,348.16,197,423,0,348.16,350.98447,Low Value
16264,27-09-2010 15:00,19-09-2010 16:14,2,823.53,616,438,7,411.765,839.38416,Low Value
16265,30-11-2011 16:41,28-10-2010 15:18,12,6935.17,3214,9,398,577.9308333,6395.3276,High Value
16266,27-09-2011 12:08,04-02-2010 16:21,14,1757.95,791,74,599,125.5678571,1769.6095,Medium Value
16267,27-04-2010 14:10,27-04-2010 14:10,1,186.66,198,591,0,186.66,188.87389,Low Value
16268,29-09-2011 18:30,29-09-2011 18:30,2,667.65,533,71,0,333.825,735.7904,Low Value
16269,28-09-2010 11:50,28-09-2010 11:50,1,717.57,579,438,0,717.57,796.2458,Low Value
16270,21-12-2010 14:26,21-12-2010 14:26,1,1141.24,688,353,0,1141.24,1186.6753,Medium Value
16271,07-12-2011 12:45,07-03-2010 12:03,10,3397.82,2359,3,640,339.782,3468.2153,Medium Value
16272,15-08-2011 10:54,15-08-2011 10:53,1,411.7,224,117,0,411.7,415.72037,Low Value
16273,01-03-2010 13:24,21-02-2010 16:02,2,318.34,40,648,7,159.17,256.34326,Low Value
16274,01-12-2010 15:35,01-12-2010 15:35,1,351.75,153,373,0,351.75,350.98447,Low Value
16275,27-05-2011 12:41,08-03-2010 14:41,3,2151.11,1268,197,444,717.0366667,2119.496,Medium Value
16276,16-06-2011 09:34,11-04-2010 12:02,3,2629.39,1467,177,430,876.4633333,2645.1953,Medium Value
16277,06-12-2009 11:27,06-12-2009 11:27,1,188.69,33,734,0,188.69,188.87389,Low Value
16278,31-08-2011 17:12,28-07-2010 15:40,3,1117.84,342,100,399,372.6133333,937.03,Medium Value
16279,18-11-2011 15:00,22-04-2010 14:09,9,5698.28,3683,21,575,633.1422222,5721.4243,High Value
16280,14-12-2009 15:49,14-12-2009 15:49,1,238.05,101,725,0,238.05,244.20036,Low Value
16281,28-09-2011 14:57,26-01-2010 13:41,3,3424.02,1570,72,610,1141.34,3147.5154,Medium Value
16282,04-01-2011 11:42,21-12-2009 11:52,3,1307.58,790,340,378,435.86,1301.0951,Medium Value
16283,04-12-2011 12:08,28-02-2010 14:12,8,4350.32,2867,6,643,543.79,4453.9287,Medium Value
16284,08-11-2011 16:12,11-11-2010 13:27,3,1018.48,674,31,362,339.4933333,1083.1998,Medium Value
16285,03-03-2010 16:03,03-03-2010 16:03,1,176.9,60,646,0,176.9,191.44595,Low Value
16286,19-08-2010 14:48,26-03-2010 09:58,2,328.95,101,477,146,164.475,290.26126,Low Value
16287,23-06-2011 09:08,19-01-2010 09:46,5,1006.98,1426,170,519,201.396,1292.7853,Medium Value
16288,26-08-2010 14:45,26-08-2010 14:45,1,129.85,19,470,0,129.85,125.89756,Low Value
16289,03-09-2010 14:02,03-09-2010 14:02,1,136.31,97,462,0,136.31,127.68856,Low Value
16290,01-09-2010 11:52,23-05-2010 11:46,4,1957.7,957,465,101,489.425,1958.6011,Medium Value
16291,26-01-2010 16:26,26-01-2010 16:26,1,117.72,1,682,0,117.72,110.33144,Low Value
16292,10-08-2011 12:24,14-04-2010 13:29,5,1253.76,688,122,482,250.752,1232.5748,Medium Value
16293,18-11-2011 09:58,11-12-2009 09:58,15,4279.2,1833,22,707,285.28,4038.3997,Medium Value
16294,20-08-2010 12:01,20-08-2010 12:01,1,126.05,54,477,0,126.05,110.33144,Low Value
16295,30-11-2011 08:17,06-10-2011 10:45,4,1328.55,841,10,54,332.1375,1389.3495,Medium Value
16296,23-03-2010 13:11,18-12-2009 12:03,4,1313.67,645,626,95,328.4175,1298.418,Medium Value
16297,16-03-2011 08:29,16-03-2011 08:29,1,301.9,206,269,0,301.9,313.40213,Low Value
16298,17-11-2011 11:59,23-09-2010 15:23,7,1085.7,308,23,419,155.1,976.4429,Medium Value
16299,19-08-2010 17:46,19-08-2010 17:46,1,193.65,107,477,0,193.65,188.87389,Low Value
16300,05-10-2010 13:14,02-02-2010 11:40,3,1367.32,643,430,245,455.7733333,1288.7642,Medium Value
16301,03-12-2009 10:20,03-12-2009 10:20,1,107.33,41,737,0,107.33,98.262115,Low Value
16302,05-08-2011 09:44,05-08-2011 09:44,1,233.22,158,127,0,233.22,244.20036,Low Value
16303,14-11-2011 10:49,18-03-2010 14:12,7,7928.27,3859,26,605,1132.61,8033.4043,High Value
16304,14-01-2010 08:30,14-01-2010 08:30,1,381.66,228,695,0,381.66,364.04288,Low Value
16305,24-07-2011 12:18,24-07-2011 12:18,1,361.22,256,139,0,361.22,381.50598,Low Value
16306,10-05-2011 12:12,01-10-2010 09:36,7,1124.72,712,214,221,160.6742857,1253.5247,Medium Value
16307,06-10-2010 14:31,11-05-2010 14:40,3,1194.92,1123,429,147,398.3066667,1304.1678,Medium Value
16308,02-11-2011 11:24,15-12-2009 15:48,7,5120,16000,38,686,731.4285714,4370.0303,Medium Value
16309,25-08-2011 15:35,13-04-2011 11:46,2,706.57,467,106,134,353.285,761.0785,Low Value
16310,21-10-2010 14:47,07-03-2010 15:41,2,460.08,270,414,227,230.04,416.57178,Low Value
16311,22-11-2011 08:54,21-10-2011 13:13,2,616.26,394,18,31,308.13,628.062,Low Value
16312,03-10-2010 14:15,03-10-2010 14:15,1,171.15,53,432,0,171.15,173.79178,Low Value
16313,06-12-2011 13:02,21-10-2011 09:04,2,274.15,165,3,46,137.075,253.57635,Low Value
16314,15-11-2010 12:06,24-08-2010 11:52,3,1491.4,636,390,83,497.1333333,1405.3798,Medium Value
16315,13-01-2011 11:57,21-06-2010 13:53,2,402.71,143,331,205,201.355,350.6718,Low Value
16316,06-10-2011 13:48,03-08-2010 14:38,13,5744.91,3057,64,428,441.9161538,5360.7153,Medium Value
16317,12-08-2011 12:46,04-05-2010 10:17,5,2192.51,1236,120,465,438.502,2051.0327,Medium Value
16318,04-11-2011 13:05,04-11-2011 13:05,1,328.15,199,35,0,328.15,323.5174,Low Value
16319,06-05-2011 11:27,06-05-2011 11:27,1,404.4,72,218,0,404.4,369.72076,Low Value
16320,20-06-2011 15:25,27-01-2010 13:29,6,5628.99,3319,172,509,938.165,5765.9434,High Value
16321,28-09-2011 14:55,01-12-2009 10:36,7,604.55,259,72,666,86.36428571,621.6784,Low Value
16322,08-12-2011 15:41,03-11-2011 14:33,2,326.75,231,1,35,163.375,290.26126,Low Value
16323,27-05-2011 14:48,11-05-2010 09:48,2,353.66,146,196,381,176.83,323.6512,Low Value
16324,03-08-2011 12:58,15-06-2011 14:26,3,408.59,270,128,48,136.1966667,421.48248,Low Value
16325,24-10-2011 08:48,04-12-2009 13:21,12,3597.5,2464,47,688,299.7916667,3746.5874,Medium Value
16326,04-12-2011 10:11,28-01-2010 13:23,24,4721.25,1083,6,674,196.71875,3742.2676,Medium Value
16327,25-11-2011 13:23,14-12-2009 13:06,16,10159.64,8124,14,711,634.9775,11462.256,High Value
16328,25-05-2010 14:02,25-05-2010 14:02,1,310.83,141,563,0,310.83,309.68695,Low Value
16329,08-10-2010 12:44,01-12-2009 11:34,4,1664.92,797,428,311,416.23,1593.0253,Medium Value
16330,22-11-2011 12:24,15-02-2010 12:36,7,625.38,326,18,644,89.34,727.8969,Low Value
16331,03-10-2010 13:47,07-03-2010 10:55,6,2037.7,756,432,210,339.6166667,1830.6473,Medium Value
16332,11-11-2011 14:22,29-04-2010 13:41,11,2000.01,1128,28,561,181.8190909,1907.0742,Medium Value
16333,02-12-2011 12:19,03-02-2011 10:50,22,26626.8,32184,8,302,1210.309091,26605.693,High Value
16334,04-08-2010 16:38,04-08-2010 16:38,1,263.73,206,492,0,263.73,317.09323,Low Value
16335,06-06-2010 11:35,04-12-2009 10:18,7,2753.52,1004,552,184,393.36,2585.131,Medium Value
16336,15-10-2010 12:32,18-03-2010 08:05,4,3517.69,1473,421,211,879.4225,3267.6157,Medium Value
16337,03-11-2011 10:03,03-11-2011 10:03,1,151.05,87,37,0,151.05,157.71541,Low Value
16338,05-07-2011 13:56,05-07-2011 13:56,1,214.8,94,157,0,214.8,234.4651,Low Value
16339,28-02-2011 13:41,28-02-2011 13:41,1,94.05,21,284,0,94.05,89.24505,Low Value
16340,24-08-2011 14:53,06-06-2010 13:26,3,1496.24,1319,107,444,498.7466667,1626.9121,Medium Value
16341,15-11-2011 09:12,09-04-2010 10:30,7,3850.79,3022,25,584,550.1128571,4024.9795,Medium Value
16342,25-09-2011 14:36,13-06-2011 10:10,4,322.41,157,75,104,80.6025,344.15427,Low Value
16343,23-11-2011 17:45,28-10-2010 14:15,3,614.12,345,16,391,204.7066667,623.91296,Low Value
16344,04-07-2011 15:50,09-02-2010 12:16,4,842.42,706,158,510,210.605,980.6766,Medium Value
16345,26-10-2011 16:03,13-08-2010 17:13,2,1178.79,611,44,438,589.395,1152.1176,Medium Value
16346,19-11-2010 15:55,19-11-2010 15:55,1,224.51,289,385,0,224.51,305.02325,Low Value
16347,28-11-2011 13:14,12-03-2010 12:41,11,3442.96,1715,11,626,312.9963636,3505.742,Medium Value
16348,07-11-2011 15:44,05-10-2010 13:57,8,1744.42,1164,32,398,218.0525,1847.8152,Medium Value
16349,22-02-2011 12:40,22-02-2011 12:40,1,53.5,9,291,0,53.5,70.265274,Low Value
16350,18-11-2011 15:53,07-10-2010 16:33,9,2253.89,1077,21,406,250.4322222,2144.1665,Medium Value
16351,11-01-2011 10:26,04-12-2009 16:12,13,3330.03,2165,333,402,256.1561538,3616.5754,Medium Value
16352,22-11-2011 10:32,02-11-2011 08:44,2,494.44,300,18,20,247.22,573.5483,Low Value
16353,06-12-2011 12:23,07-12-2009 13:55,38,9795.46,3483,4,728,257.7752632,8638.206,High Value
16354,07-10-2011 14:28,27-04-2010 13:33,5,1119.46,592,63,528,223.892,1082.8137,Medium Value
16355,29-11-2010 14:21,29-11-2010 14:21,1,416.35,179,375,0,416.35,415.72037,Low Value
16356,26-05-2011 11:51,06-06-2010 11:26,6,415.87,190,198,354,69.31166667,501.80383,Low Value
16357,06-11-2011 16:04,23-11-2010 18:52,4,868.37,389,33,347,217.0925,776.4734,Low Value
16358,08-12-2011 15:09,10-11-2010 11:36,5,2919.65,2065,1,393,583.93,3114.7034,Medium Value
16359,02-12-2011 17:04,16-02-2010 10:39,16,2697.75,1764,7,654,168.609375,2719.7104,Medium Value
16360,05-12-2011 12:16,12-09-2011 13:50,6,3450.41,2110,5,83,575.0683333,3540.7698,Medium Value
16361,30-11-2011 12:32,29-09-2011 13:13,4,891.21,418,10,61,222.8025,819.0942,Low Value
16362,07-11-2011 13:01,28-09-2010 09:24,6,922.16,467,32,405,153.6933333,921.6166,Medium Value
16363,17-10-2011 14:14,17-10-2011 14:14,1,109.36,52,53,0,109.36,98.262115,Low Value
16364,28-11-2011 11:27,25-07-2011 14:35,2,705.79,279,12,125,352.895,611.2675,Low Value
16365,22-11-2011 11:24,11-12-2009 12:41,15,3167.34,1034,18,710,211.156,2680.5369,Medium Value
16366,21-11-2011 08:19,16-12-2009 10:39,4,1548.13,882,19,704,387.0325,1544.0297,Medium Value
16367,02-11-2011 13:13,21-11-2010 13:23,3,1350.48,1103,37,345,450.16,1477.6627,Medium Value
16368,07-12-2011 13:12,30-09-2010 11:30,3,621.44,307,2,433,207.1466667,623.91296,Low Value
16369,21-11-2011 16:25,07-04-2010 16:52,7,2656.56,1589,18,592,379.5085714,2829.8506,Medium Value
16370,18-09-2011 15:55,28-04-2011 16:40,4,1301.91,640,82,142,325.4775,1298.418,Medium Value
16371,17-09-2010 12:09,17-09-2010 12:09,1,157.2,108,449,0,157.2,158.05597,Low Value
16372,06-11-2011 13:08,11-04-2010 15:20,5,1290.31,722,33,573,258.062,1272.5651,Medium Value
16373,22-11-2010 15:50,24-10-2010 13:10,2,309.49,119,382,29,154.745,283.6031,Low Value
16374,04-10-2011 15:21,30-04-2010 13:10,5,1723.4,771,66,522,344.68,1499.3392,Medium Value
16375,26-08-2010 14:25,26-08-2010 14:12,2,104,74,470,0,52,161.50134,Low Value
16376,01-12-2011 11:38,22-11-2011 16:47,2,974.96,691,9,8,487.48,1045.702,Medium Value
16377,17-03-2011 15:41,01-04-2010 10:36,2,1308.48,2928,267,350,654.24,1995.8118,Medium Value
16378,06-04-2011 15:07,02-02-2011 12:42,3,362.95,267,247,63,120.9833333,399.63434,Low Value
16379,05-12-2011 15:38,22-09-2011 09:33,4,2157.4,1410,4,74,539.35,2139.163,Medium Value
16380,09-10-2011 15:40,09-10-2011 15:40,1,1743.15,1428,61,0,1743.15,1888.6344,Medium Value
16381,09-11-2010 09:56,17-10-2010 13:06,2,247.85,108,396,22,123.925,236.21922,Low Value
16382,27-10-2010 16:23,07-06-2010 12:42,2,353.1,167,408,142,176.55,323.6512,Low Value
16383,26-09-2011 12:45,04-02-2010 13:18,7,2896.69,1596,75,598,413.8128571,2911.0051,Medium Value
16384,11-09-2011 11:19,28-04-2010 14:01,4,1358.95,861,90,500,339.7375,1400.12,Medium Value
16385,10-10-2011 13:12,18-03-2010 12:45,5,881.35,476,60,571,176.27,915.49976,Medium Value
16386,11-11-2011 12:28,17-11-2010 11:19,3,1068.16,700,29,359,356.0533333,1098.8737,Medium Value
16387,21-01-2011 11:34,11-03-2010 12:22,5,882.46,448,323,315,176.492,927.8045,Medium Value
16388,24-02-2010 10:20,24-02-2010 10:20,1,186.05,83,654,0,186.05,188.87389,Low Value
16389,17-10-2011 14:41,01-03-2011 15:47,4,1382.07,1242,53,229,345.5175,1503.0303,Medium Value
16390,21-06-2010 10:11,29-01-2010 15:25,3,467.5,122,537,142,155.8333333,416.93658,Low Value
16391,04-11-2010 12:27,27-05-2010 11:27,4,1052.26,715,401,161,263.065,1146.8318,Medium Value
16392,15-03-2011 12:11,27-05-2010 11:17,3,756.7,604,270,292,252.2333333,827.27057,Low Value
16393,07-12-2011 12:51,01-12-2009 12:13,23,5297.77,3001,2,736,230.3378261,5697.765,High Value
16394,14-10-2011 09:48,23-02-2011 10:58,5,1555.34,2604,57,232,311.068,1764.069,Medium Value
16395,10-10-2011 12:50,06-12-2009 12:26,14,3518.41,2901,61,673,251.315,3715.0288,Medium Value
16396,20-08-2010 14:17,20-08-2010 14:17,1,137.8,80,476,0,137.8,127.68856,Low Value
16397,21-03-2010 15:36,21-03-2010 15:36,1,123.13,43,628,0,123.13,110.33144,Low Value
16398,08-07-2011 15:16,31-03-2011 09:38,2,1705.8,758,154,99,852.9,1465.9086,Medium Value
16399,20-11-2011 16:12,15-11-2010 15:03,3,630.22,452,19,370,210.0733333,704.6685,Low Value
16400,06-09-2011 12:27,08-12-2009 12:38,9,3059.85,2066,95,636,339.9833333,3052.8176,Medium Value
16401,08-12-2011 18:15,02-06-2010 13:13,23,6849.15,6035,1,554,297.7891304,7142.1675,High Value
16402,20-03-2011 12:25,05-12-2010 13:42,2,293.45,146,265,104,146.725,264.7851,Low Value
16403,31-01-2011 13:39,31-01-2011 13:39,1,177.5,114,312,0,177.5,191.44595,Low Value
16404,30-09-2011 14:55,30-09-2011 14:55,1,443.05,157,70,0,443.05,415.72037,Low Value
16405,10-02-2011 15:24,02-02-2011 17:08,2,167.25,187,302,7,83.625,170.11378,Low Value
16406,21-11-2011 11:57,24-02-2010 11:51,3,528.36,257,19,635,176.12,491.55746,Low Value
16407,27-11-2011 11:05,03-10-2010 13:56,14,2761.65,1448,13,419,197.2607143,2934.0952,Medium Value
16408,27-04-2010 14:08,27-04-2010 14:08,1,231.93,227,591,0,231.93,244.20036,Low Value
16409,03-11-2011 16:45,13-12-2009 15:38,12,5652.74,3664,36,690,471.0616667,5755.887,High Value
16410,05-12-2009 14:51,05-12-2009 14:51,1,130.32,348,734,0,130.32,221.973,Low Value
16411,20-11-2011 13:23,07-10-2010 15:09,4,756.39,461,19,408,189.0975,784.6627,Low Value
16412,17-10-2011 12:35,04-02-2010 13:46,5,593.19,288,54,619,118.638,668.23285,Low Value
16413,14-10-2011 12:08,29-11-2010 12:49,2,522.03,283,57,318,261.015,489.46472,Low Value
16414,18-11-2011 09:42,14-01-2010 10:21,5,551.21,201,22,672,110.242,570.722,Low Value
16415,26-10-2011 13:35,01-02-2010 12:30,3,696.76,508,44,632,232.2533333,736.0536,Low Value
16416,13-11-2011 12:50,23-02-2010 12:00,9,2957.88,2198,27,628,328.6533333,3082.8923,Medium Value
16417,04-08-2010 09:08,04-08-2010 09:08,1,35.7,6,493,0,35.7,63.282875,Low Value
16418,26-10-2011 12:39,13-10-2010 12:31,5,1028.74,564,45,378,205.748,1051.7101,Medium Value
16419,19-08-2011 12:33,09-02-2010 13:26,8,1463.7,701,113,555,182.9625,1445.09,Medium Value
16420,08-11-2010 15:15,08-11-2010 15:15,1,75,120,396,0,75,74.583725,Low Value
16421,28-11-2010 13:31,27-08-2010 12:02,3,526.27,123,376,93,175.4233333,456.64413,Low Value
16422,22-11-2011 14:00,12-01-2010 11:57,109,61920.87,64225,17,679,568.0813761,61816.402,High Value
16423,15-11-2011 09:21,15-11-2011 09:21,1,346.12,230,25,0,346.12,350.98447,Low Value
16424,01-06-2011 13:40,22-11-2010 11:24,2,443.06,212,191,191,221.53,371.92322,Low Value
16425,10-02-2011 14:30,10-02-2011 14:30,1,302.7,199,302,0,302.7,313.40213,Low Value
16426,07-12-2011 14:01,08-03-2011 15:45,10,1863.76,1215,2,273,186.376,2000.9076,Medium Value
16427,21-03-2011 17:10,28-02-2011 15:18,2,241.06,156,263,21,120.53,236.21922,Low Value
16428,22-10-2010 12:22,30-07-2010 12:10,3,638.49,575,414,84,212.83,765.8936,Low Value
16429,25-08-2011 13:54,25-08-2011 13:54,1,284.55,9,106,0,284.55,319.02124,Low Value
16430,13-10-2011 14:47,27-01-2010 12:45,7,1117.94,307,57,624,159.7057143,976.4429,Medium Value
16431,10-05-2011 14:09,15-02-2011 14:02,3,623.28,442,213,84,207.76,704.6685,Low Value
16432,06-10-2011 13:59,06-10-2011 13:59,1,287.4,276,64,0,287.4,348.3154,Low Value
16433,11-11-2011 14:09,27-10-2010 12:26,2,384.52,214,28,380,192.26,326.33203,Low Value
16434,10-11-2011 14:28,17-01-2010 14:51,12,2673.69,1310,29,661,222.8075,2665.679,Medium Value
16435,15-07-2010 18:22,13-07-2010 13:29,3,1003.07,608,512,2,334.3566667,985.9321,Medium Value
16436,09-02-2010 13:19,06-12-2009 16:02,3,319.14,227,668,64,106.38,344.41183,Low Value
16437,23-11-2010 16:59,06-10-2010 12:34,2,301.25,197,381,48,150.625,283.6031,Low Value
16438,04-12-2011 10:51,18-09-2011 13:31,5,798.35,463,6,76,159.67,827.93604,Low Value
16439,17-12-2009 14:22,17-12-2009 14:22,1,310.7,74,722,0,310.7,309.68695,Low Value
16440,02-12-2011 12:02,03-08-2010 11:32,6,3856.97,2108,8,486,642.8283333,3724.622,Medium Value
16441,03-10-2011 17:48,22-03-2010 18:00,5,1019.13,478,67,559,203.826,977.2188,Medium Value
16442,08-12-2011 11:43,13-12-2009 11:05,5,891.98,580,2,725,178.396,989.9913,Medium Value
16443,07-07-2010 11:57,07-07-2010 11:57,1,162.24,96,521,0,162.24,158.05597,Low Value
16444,24-10-2011 13:50,24-03-2010 14:06,17,3625.88,1945,46,578,213.2870588,3694.1243,Medium Value
16445,06-11-2011 12:32,24-10-2010 12:39,4,583.16,287,34,377,145.79,563.5502,Low Value
16446,09-12-2011 09:15,18-05-2011 09:52,2,168472.5,80997,1,204,84236.25,168336.38,High Value
16447,27-07-2011 12:45,17-02-2010 14:09,3,727.1,315,136,524,242.3666667,677.2119,Low Value
16448,25-05-2011 16:28,25-08-2010 16:58,2,361.12,176,198,272,180.56,323.6512,Low Value
16449,26-05-2011 10:25,04-03-2011 12:15,2,707.69,367,198,82,353.845,700.6255,Low Value
16450,13-07-2011 11:47,21-02-2010 15:46,3,1505.73,681,150,506,501.91,1405.3798,Medium Value
16451,13-09-2011 09:17,04-12-2009 15:11,3,1013.15,524,88,647,337.7166667,1044.9242,Medium Value
16452,19-03-2010 12:39,15-01-2010 12:22,2,332.17,199,631,63,166.085,290.26126,Low Value
16453,27-06-2010 12:46,09-06-2010 13:15,2,251.71,139,531,17,125.855,236.21922,Low Value
16454,26-10-2011 11:40,07-04-2010 15:54,4,30.95,9,45,566,7.7375,228.0141,Low Value
16455,07-10-2011 12:17,30-03-2010 10:31,11,3995.57,2851,64,556,363.2336364,4135.0767,Medium Value
16456,01-09-2011 13:50,29-03-2010 11:16,13,6000.94,3296,99,521,461.6107692,6266.651,High Value
16457,05-05-2011 13:19,05-05-2011 13:19,1,208.36,140,218,0,208.36,213.2137,Low Value
16458,07-12-2011 09:34,26-05-2010 14:38,30,5690.89,3395,3,559,189.6963333,5478.181,High Value
16459,10-12-2009 12:42,10-12-2009 12:42,1,71.79,59,730,0,71.79,74.583725,Low Value
16460,11-11-2011 13:46,19-09-2011 10:15,3,811.23,876,28,53,270.41,942.1096,Medium Value
16461,15-06-2011 12:07,03-03-2010 13:57,3,1545.83,933,178,468,515.2766667,1631.8448,Medium Value
16462,27-09-2011 10:24,01-03-2011 08:58,3,136,16,74,210,45.33333333,278.04166,Low Value
16463,18-11-2011 14:01,19-05-2011 14:45,4,1422.4,1163,21,182,355.6,1570.4388,Medium Value
16464,20-11-2011 12:11,20-07-2011 13:53,3,1298.66,952,20,122,432.8866667,1430.9316,Medium Value
16465,15-10-2010 09:27,21-09-2010 10:46,2,746.24,504,421,23,373.12,802.3152,Low Value
16466,06-11-2011 11:35,07-03-2010 14:31,15,3767.09,1777,34,608,251.1393333,3409.4019,Medium Value
16467,19-07-2010 11:49,02-12-2009 11:59,7,2869.16,7384,509,228,409.88,2522.2007,Medium Value
16468,26-09-2011 14:13,15-08-2010 13:10,3,787.52,371,74,407,262.5066667,727.79266,Low Value
16469,16-11-2011 12:25,13-07-2010 13:17,5,803.9,332,24,490,160.78,775.13776,Low Value
16470,19-10-2011 12:11,11-12-2009 12:21,11,2416.85,1335,52,676,219.7136364,2442.2644,Medium Value
16471,10-03-2011 09:41,25-02-2010 10:07,4,1189.98,670,275,377,297.495,1180.107,Medium Value
16472,01-10-2010 13:56,21-04-2010 11:48,2,789.6,252,434,163,394.8,666.9533,Low Value
16473,28-06-2011 09:10,30-11-2010 16:29,4,470.83,296,165,209,117.7075,496.54584,Low Value
16474,02-12-2011 13:02,17-07-2011 14:51,7,1810.65,909,7,137,258.6642857,1899.2506,Medium Value
16475,12-09-2011 14:37,11-03-2011 09:39,4,544.3,319,88,185,136.075,585.9039,Low Value
16476,04-10-2010 10:29,04-10-2010 10:29,1,350.35,187,432,0,350.35,350.98447,Low Value
16477,07-10-2011 09:44,12-08-2010 09:43,11,4094.37,2507,64,421,372.2154545,4242.0884,Medium Value
16478,14-11-2011 15:51,05-10-2011 12:02,3,331,224,25,40,110.3333333,352.6517,Low Value
16479,29-11-2011 13:40,29-11-2011 13:04,2,300.83,102,10,0,150.415,256.0027,Low Value
16480,25-09-2011 11:40,25-09-2011 11:40,1,769.29,455,76,0,769.29,853.9417,Low Value
16481,26-01-2010 13:09,26-01-2010 13:09,1,453.38,201,682,0,453.38,418.74536,Low Value
16482,24-11-2011 12:33,24-11-2011 12:33,1,220.62,346,16,0,220.62,333.40475,Low Value
16483,31-05-2011 13:08,31-05-2011 13:08,1,139.35,44,192,0,139.35,138.89738,Low Value
16484,19-06-2011 12:06,02-06-2011 10:39,2,404.3,200,174,17,202.15,350.6718,Low Value
16485,23-09-2011 15:50,06-12-2009 12:28,5,2287.19,1153,77,656,457.438,2193.4553,Medium Value
16486,20-06-2010 12:16,20-06-2010 12:16,1,134.36,24,538,0,134.36,127.68856,Low Value
16487,11-05-2010 13:38,18-02-2010 17:36,2,209.4,163,577,81,104.7,215.91003,Low Value
16488,06-11-2011 13:42,14-07-2011 11:46,3,498.8,728,33,115,166.2666667,739.23236,Low Value
16489,24-11-2010 14:40,29-09-2010 15:02,2,303.7,38,380,55,151.85,283.6031,Low Value
16490,29-09-2010 16:30,29-09-2010 16:30,1,205.41,113,436,0,205.41,213.2137,Low Value
16491,24-10-2011 10:18,22-10-2010 15:42,2,1533.16,1060,47,366,766.58,1662.0358,Medium Value
16492,17-06-2010 08:20,17-06-2010 08:20,1,385.56,235,541,0,385.56,369.72076,Low Value
16493,21-09-2011 11:10,26-03-2010 13:05,7,2132.09,1988,80,543,304.5842857,2248.761,Medium Value
16494,16-02-2011 12:49,16-02-2011 12:49,1,826.53,675,297,0,826.53,1047.1176,Medium Value
16495,06-12-2011 13:20,08-03-2011 16:38,3,648.26,328,3,272,216.0866667,645.16437,Low Value
16496,01-12-2011 10:31,18-07-2010 13:42,6,2330.77,1764,9,500,388.4616667,2462.9736,Medium Value
16497,21-10-2011 10:55,03-12-2009 14:11,23,6695.28,3050,50,686,291.0991304,6978.856,High Value
16498,01-07-2011 15:07,30-06-2011 19:52,2,100.97,45,161,0,50.485,154.51895,Low Value
16499,14-12-2010 13:31,11-06-2010 12:22,8,2578.34,1364,360,186,322.2925,2525.5874,Medium Value
16500,05-12-2011 12:04,14-06-2010 14:54,9,843.91,386,5,538,93.76777778,920.4516,Medium Value
16501,21-11-2010 14:10,21-11-2010 14:10,1,1191.23,628,383,0,1191.23,1185.7495,Medium Value
16502,29-03-2010 13:44,29-03-2010 13:39,2,258.55,220,620,0,129.275,224.18486,Low Value
16503,25-08-2011 11:46,21-06-2010 14:07,11,3614.34,1535,107,429,328.5763636,3521.6567,Medium Value
16504,14-11-2011 15:18,14-11-2011 15:18,1,465.88,510,25,0,465.88,610.2426,Low Value
16505,08-11-2011 12:14,08-11-2011 12:14,1,777.6,576,32,0,777.6,928.3553,Medium Value
16506,20-11-2011 12:17,30-10-2011 15:50,2,90.3,42,20,20,45.15,175.64455,Low Value
16507,16-05-2010 12:56,16-05-2010 12:56,1,142.71,111,572,0,142.71,138.89738,Low Value
16508,19-03-2010 13:41,19-03-2010 13:41,1,240.95,103,630,0,240.95,244.20036,Low Value
16509,16-02-2011 09:25,16-02-2011 09:25,1,363.7,64,297,0,363.7,346.5927,Low Value
16510,02-12-2010 13:39,17-01-2010 12:30,6,1777.5,930,372,319,296.25,1759.0002,Medium Value
16511,18-11-2011 10:41,01-03-2010 12:21,6,1760.49,769,22,626,293.415,1568.2521,Medium Value
16513,05-12-2011 10:18,27-10-2011 14:56,4,874.59,407,5,38,218.6475,776.4734,Low Value
16515,18-10-2011 13:10,17-06-2010 12:17,10,3179.06,1573,52,488,317.906,3103.7468,Medium Value
16516,09-11-2011 14:59,09-11-2011 14:59,1,101.7,58,30,0,101.7,89.24505,Low Value
16517,07-03-2011 13:50,07-03-2011 13:50,1,162.7,96,277,0,162.7,158.05597,Low Value
16518,09-10-2011 15:04,01-06-2010 13:31,4,959.37,524,61,495,239.8425,963.2751,Medium Value
16519,14-11-2011 15:41,01-03-2010 13:51,4,439.06,150,25,623,109.765,427.50464,Low Value
16520,06-06-2011 13:24,02-03-2010 16:50,6,2148.38,1045,186,460,358.0633333,1999.6901,Medium Value
16521,20-10-2010 13:09,01-03-2010 13:22,3,1140.11,1014,415,232,380.0366667,1243.5217,Medium Value
16522,30-09-2010 10:54,15-09-2010 13:32,2,433.36,212,436,14,216.68,371.92322,Low Value
16523,08-12-2011 09:06,24-01-2010 13:14,28,11916.33,4979,2,682,425.5832143,11074.297,High Value
16524,19-09-2010 13:37,17-01-2010 13:16,2,306.19,259,446,245,153.095,318.51642,Low Value
16525,07-12-2011 15:07,02-12-2009 13:53,48,24151.3,14430,2,735,503.1520833,25520.748,High Value
16526,21-06-2011 12:02,04-05-2010 16:34,2,717.21,279,172,412,358.605,618.7474,Low Value
16527,19-09-2011 16:21,11-10-2010 13:25,2,1232.94,708,81,343,616.47,1195.9425,Medium Value
16528,06-12-2011 12:45,06-12-2011 12:45,1,244.41,171,4,0,244.41,266.51257,Low Value
16529,02-06-2011 17:23,27-06-2010 13:29,4,1986.8,739,190,340,496.7,1769.7028,Medium Value
16530,09-02-2010 15:30,09-02-2010 15:30,1,48.35,17,668,0,48.35,63.282875,Low Value
16531,17-11-2011 16:29,24-09-2010 09:49,11,2298.33,1863,22,419,208.9390909,2362.7568,Medium Value
16532,22-11-2011 11:08,29-03-2010 10:26,5,8756.64,2544,18,603,1751.328,6544.3086,High Value
16533,20-11-2011 13:08,02-10-2011 15:07,3,1082.81,611,19,48,360.9366667,1029.2067,Medium Value
16534,07-03-2010 15:47,07-03-2010 15:47,1,635.9,168,642,0,635.9,587.47076,Low Value
16535,04-12-2011 15:18,28-01-2010 15:26,3,972.04,664,5,674,324.0133333,1038.5952,Medium Value
16536,21-08-2011 15:54,21-08-2011 15:54,1,548.12,250,110,0,548.12,519.3191,Low Value
16537,08-03-2010 13:41,08-03-2010 13:41,1,23.35,59,641,0,23.35,63.282875,Low Value
16538,16-06-2010 16:59,23-04-2010 16:25,3,395.07,254,541,54,131.69,415.20044,Low Value
16539,07-12-2011 08:41,25-06-2010 15:24,10,3289.66,1014,3,529,328.966,2930.2395,Medium Value
16540,21-10-2010 17:22,21-10-2010 17:22,1,205.75,105,414,0,205.75,213.2137,Low Value
16541,04-12-2009 13:22,04-12-2009 13:22,1,424.03,173,735,0,424.03,415.72037,Low Value
16542,17-10-2011 10:47,03-11-2010 14:44,2,257.32,142,54,347,128.66,251.78535,Low Value
16543,27-04-2010 11:38,27-04-2010 11:38,1,292.21,317,592,0,292.21,419.56775,Low Value
16544,08-07-2010 11:11,15-02-2010 13:20,4,376.7,150,520,142,94.175,402.67044,Low Value
16545,28-06-2011 10:37,29-11-2010 10:39,2,689.82,322,165,210,344.91,700.6255,Low Value
16546,22-02-2011 11:20,23-09-2010 15:43,5,5307.07,4211,291,151,1061.414,6242.559,High Value
16547,11-06-2010 13:02,11-06-2010 13:02,1,104.26,108,546,0,104.26,89.24505,Low Value
16548,19-04-2010 16:15,19-04-2010 16:15,1,30.15,6,599,0,30.15,63.282875,Low Value
16549,29-11-2011 15:06,28-03-2010 15:45,34,12781.8,7087,10,610,375.9352941,12455.636,High Value
16550,23-08-2011 11:12,02-12-2009 11:24,18,8813.58,5405,109,628,489.6433333,8704.168,High Value
16551,05-09-2011 09:38,13-12-2009 16:12,7,2237.12,2076,96,630,319.5885714,2226.8318,Medium Value
16552,11-04-2011 10:04,01-12-2010 12:36,2,379.73,219,243,130,189.865,326.33203,Low Value
16553,29-06-2011 15:42,11-02-2010 18:46,33,16584.01,16427,163,502,502.5457576,16504.86,High Value
16554,28-10-2011 14:51,15-12-2009 09:42,8,2841.72,1346,42,682,355.215,2755.7188,Medium Value
16555,04-11-2011 14:31,22-07-2010 13:39,6,1915.68,1816,35,470,319.28,2096.7834,Medium Value
16556,04-10-2011 11:36,07-12-2009 10:51,17,8012.58,4353,67,666,471.3282353,7965.74,High Value
16557,15-11-2011 14:04,25-07-2011 13:28,2,281.85,111,24,113,140.925,264.7851,Low Value
16558,09-12-2011 10:20,03-12-2009 18:11,38,13304.11,7813,1,735,350.1081579,13025.925,High Value
16559,07-11-2010 13:52,07-11-2010 13:52,1,175,61,397,0,175,173.79178,Low Value
16560,13-11-2011 10:35,08-12-2009 12:05,8,3048.38,1603,27,704,381.0475,3230.1743,Medium Value
16561,04-12-2011 11:50,11-10-2011 09:53,2,511.12,244,6,54,255.56,489.46472,Low Value
16562,20-08-2010 11:45,20-08-2010 11:45,1,223.86,264,477,0,223.86,269.37836,Low Value
16563,17-10-2011 11:51,01-12-2009 18:35,6,4412.56,2584,54,684,735.4266667,4248.7847,Medium Value
16564,19-05-2010 14:41,19-05-2010 14:41,1,87.8,40,569,0,87.8,78.87771,Low Value
16565,10-12-2010 15:21,02-06-2010 12:47,4,773.05,211,364,191,193.2625,569.0271,Low Value
16566,24-11-2011 16:34,20-02-2011 10:29,5,614.66,362,15,277,122.932,701.7954,Low Value
16567,29-05-2011 13:57,07-01-2011 09:31,2,865.6,996,194,142,432.8,1141.546,Medium Value
16568,08-10-2010 10:54,08-03-2010 14:51,2,1020.9,366,428,213,510.45,948.3003,Medium Value
16569,06-12-2011 15:32,16-12-2009 15:05,5,1455.23,988,3,720,291.046,1477.5044,Medium Value
16570,24-11-2011 17:02,30-03-2010 09:32,20,7434.31,4292,15,604,371.7155,7385.5884,High Value
16571,13-11-2011 11:46,18-03-2010 09:12,10,4248.74,3703,27,605,424.874,4751.3228,Medium Value
16572,04-08-2011 16:34,09-03-2011 12:04,3,1009.6,532,127,148,336.5333333,1044.9242,Medium Value
16573,16-09-2011 09:13,22-02-2011 15:14,2,663.61,360,85,205,331.805,671.83887,Low Value
16574,29-09-2011 13:39,19-02-2010 11:46,3,1301.78,1002,71,587,433.9266667,1410.9126,Medium Value
16576,15-10-2010 13:37,06-07-2010 10:42,2,540.87,323,420,101,270.435,606.4716,Low Value
16577,11-02-2010 09:45,11-02-2010 09:45,1,380,142,667,0,380,364.04288,Low Value
16578,23-03-2010 15:11,23-03-2010 15:11,1,156.6,108,626,0,156.6,158.05597,Low Value
16579,10-10-2010 11:58,10-10-2010 11:58,1,295.05,119,426,0,295.05,313.40213,Low Value
16581,10-06-2011 10:05,10-06-2011 10:05,1,105.84,134,183,0,105.84,90.02224,Low Value
16582,18-08-2011 17:02,18-08-2011 17:02,1,313.62,164,113,0,313.62,309.68695,Low Value
16583,01-12-2010 12:03,04-02-2010 12:18,2,297.95,153,374,299,148.975,283.6031,Low Value
16584,20-09-2011 13:45,16-02-2010 10:41,5,3156.17,1913,80,581,631.234,3140.6392,Medium Value
16585,25-04-2010 10:34,13-01-2010 13:31,2,341.59,151,594,101,170.795,305.99704,Low Value
16586,05-04-2011 09:32,14-03-2010 11:24,3,1462.78,348,249,386,487.5933333,1182.6754,Medium Value
16587,21-04-2011 15:51,21-04-2011 15:51,1,225.15,71,232,0,225.15,244.20036,Low Value
16588,18-11-2010 17:56,14-05-2010 13:43,4,1361.28,882,386,188,340.32,1390.9907,Medium Value
16589,29-09-2011 14:50,15-09-2010 14:56,4,612.36,536,71,378,153.09,734.0966,Low Value
16590,04-11-2010 09:06,21-10-2010 12:09,2,605.9,240,401,13,302.95,531.12317,Low Value
16591,02-10-2011 10:43,02-10-2011 10:43,1,213.5,41,69,0,213.5,234.4651,Low Value
16592,05-12-2011 13:49,18-12-2009 15:57,28,7807.91,5504,4,716,278.8539286,7918.834,High Value
16593,20-10-2011 12:41,05-12-2009 10:44,8,1071.14,377,51,684,133.8925,973.0144,Medium Value
16594,25-09-2011 14:08,25-09-2011 14:08,1,181.09,64,75,0,181.09,190.86253,Low Value
16595,09-10-2011 13:15,17-01-2010 12:12,5,1757.75,1331,61,630,351.55,1736.692,Medium Value
16596,24-11-2011 10:02,10-12-2009 13:09,4,458.98,180,16,713,114.745,439.57394,Low Value
16597,05-12-2011 15:44,05-12-2011 15:44,1,90.04,184,4,0,90.04,82.6925,Low Value
16598,27-02-2011 11:42,27-02-2011 11:42,1,145.05,73,286,0,145.05,138.89738,Low Value
16599,19-11-2010 12:45,19-11-2010 12:45,1,172.8,159,386,0,172.8,173.79178,Low Value
16600,05-12-2011 16:00,18-12-2009 12:59,13,2153.41,2420,4,717,165.6469231,2164.6746,Medium Value
16601,30-10-2011 11:09,26-03-2010 13:39,3,677,391,41,582,225.6666667,654.8996,Low Value
16602,03-11-2011 15:54,16-11-2010 09:13,2,763.33,429,36,352,381.665,786.9104,Low Value
16603,26-09-2011 10:06,09-09-2011 13:02,2,482.47,480,75,16,241.235,603.0607,Low Value
16604,26-05-2010 09:10,20-05-2010 16:34,2,432.45,175,563,5,216.225,344.32275,Low Value
16605,15-12-2009 19:03,15-12-2009 19:03,1,60.48,144,724,0,60.48,70.265274,Low Value
16606,31-10-2010 13:57,01-10-2010 13:21,2,357.66,148,404,30,178.83,323.6512,Low Value
16607,22-11-2011 10:24,29-04-2010 14:01,25,5706.87,4436,18,571,228.2748,6343.7334,High Value
16608,12-09-2010 11:44,14-02-2010 11:57,2,1286.62,612,454,209,643.31,1174.9401,Medium Value
16609,24-11-2011 13:32,01-04-2011 10:11,7,5493.46,2420,15,237,784.78,5305.761,Medium Value
16610,04-05-2011 13:13,04-05-2011 13:13,1,75.66,66,219,0,75.66,74.583725,Low Value
16611,06-06-2011 15:46,10-03-2010 16:07,6,1785.13,874,186,452,297.5216667,1615.2067,Medium Value
16612,07-11-2011 07:38,03-12-2009 15:54,9,3245.43,1419,33,703,360.6033333,3080.065,Medium Value
16613,30-09-2011 15:52,30-09-2011 15:52,1,618.59,293,70,0,618.59,620.57007,Low Value
16614,10-06-2011 11:36,10-05-2010 15:18,3,1179.79,349,183,395,393.2633333,962.8531,Medium Value
16615,23-03-2010 15:13,23-03-2010 15:13,1,291.5,211,626,0,291.5,313.40213,Low Value
16616,24-11-2011 16:31,05-07-2011 13:38,2,500.42,370,15,142,250.21,573.5483,Low Value
16617,18-04-2011 10:35,18-04-2011 10:35,1,151.85,91,236,0,151.85,157.71541,Low Value
16618,08-11-2011 13:52,21-01-2011 11:55,5,2647.59,1363,31,291,529.518,2437.5825,Medium Value
16619,21-03-2011 08:18,22-02-2010 12:05,4,1938.33,1055,264,391,484.5825,1936.4072,Medium Value
16620,06-12-2011 12:19,01-12-2009 14:35,6,1758.93,1146,4,734,293.155,1727.1808,Medium Value
16621,19-10-2011 11:38,07-03-2011 11:32,4,813.48,302,52,226,203.37,755.222,Low Value
16622,14-06-2010 10:44,14-06-2010 10:44,1,225.4,44,544,0,225.4,244.20036,Low Value
16623,08-04-2011 10:09,26-04-2010 14:04,4,1015.24,442,246,346,253.81,1001.84375,Medium Value
16624,20-09-2011 12:39,26-05-2011 14:20,2,810.57,488,81,116,405.285,819.91077,Low Value
16625,10-03-2011 12:50,14-06-2010 11:56,5,1654.03,1057,275,269,330.806,1643.6622,Medium Value
16626,09-12-2011 11:56,18-03-2011 12:27,17,4413.1,2690,1,265,259.5941176,4572.1943,Medium Value
16627,21-09-2011 14:38,21-09-2011 14:38,1,322.8,162,79,0,322.8,309.68695,Low Value
16628,10-11-2011 12:45,08-03-2010 12:24,7,2318.1,1260,30,612,331.1571429,2326.8347,Medium Value
16629,27-09-2011 10:34,04-09-2011 16:12,2,408.63,489,74,22,204.315,572.07416,Low Value
16630,28-10-2010 14:30,28-10-2010 14:30,1,106.8,72,407,0,106.8,90.02224,Low Value
16631,15-08-2010 11:20,26-02-2010 10:49,7,1892.52,775,482,170,270.36,1669.4875,Medium Value
16632,11-08-2010 11:39,07-05-2010 16:46,2,406.4,256,486,95,203.2,385.58514,Low Value
16633,22-11-2011 13:41,19-04-2011 14:36,6,2883.1,1138,17,216,480.5166667,2655.413,Medium Value
16634,01-05-2011 12:09,21-01-2010 09:30,6,1649.81,1257,223,465,274.9683333,1769.8855,Medium Value
16635,29-10-2010 09:41,29-10-2010 09:41,1,473,277,407,0,473,453.65872,Low Value
16636,27-09-2010 13:13,03-03-2010 14:06,4,3802.04,2186,438,207,950.51,3992.5623,Medium Value
16637,07-11-2011 13:17,28-04-2011 10:20,4,1154.47,927,32,193,288.6175,1302.7064,Medium Value
16638,17-11-2011 11:09,18-08-2010 13:33,15,2380.13,1627,23,455,158.6753333,2593.8154,Medium Value
16639,08-11-2011 13:20,26-10-2010 18:23,4,1747.98,751,31,377,436.995,1567.7042,Medium Value
16640,07-11-2010 10:48,07-11-2010 10:48,1,179.4,146,398,0,179.4,191.44595,Low Value
16641,26-08-2011 12:49,07-01-2010 12:22,2,554.5,454,106,596,277.25,678.6427,Low Value
16642,05-12-2011 11:31,20-10-2010 14:22,3,1077.45,775,5,410,359.15,1098.8737,Medium Value
16643,08-04-2011 08:24,13-10-2010 09:47,2,923.11,553,246,176,461.555,892.59515,Medium Value
16644,15-06-2011 12:39,11-05-2011 12:53,2,833.78,826,178,34,416.89,954.917,Medium Value
16645,04-12-2009 09:49,04-12-2009 09:49,1,160.39,117,736,0,160.39,158.05597,Low Value
16646,16-09-2010 13:28,16-09-2010 13:28,1,678.8,1072,449,0,678.8,1120.608,Medium Value
16647,23-06-2011 11:47,13-06-2010 15:52,4,541.9,396,170,374,135.475,585.9039,Low Value
16648,28-10-2011 08:58,28-04-2010 14:58,3,672.8,503,43,547,224.2666667,736.0536,Low Value
16649,07-07-2010 15:41,07-07-2010 15:41,1,306.58,82,520,0,306.58,309.68695,Low Value
16650,29-09-2011 09:51,08-07-2010 14:18,7,1916.11,1511,72,447,273.73,1936.5878,Medium Value
16651,02-05-2010 11:46,02-05-2010 11:46,1,136.2,60,587,0,136.2,127.68856,Low Value
16652,12-10-2011 09:38,17-03-2010 10:22,16,17550.39,7477,59,573,1096.899375,16698.096,High Value
16653,23-11-2011 14:51,29-09-2011 13:38,2,1212.66,733,16,55,606.33,1168.2216,Medium Value
16654,21-07-2011 15:23,06-04-2010 13:29,8,1484.07,640,141,471,185.50875,1445.09,Medium Value
16655,22-11-2011 11:25,31-01-2010 15:40,13,6423.26,3938,18,659,494.0969231,6313.3125,High Value
16656,17-11-2011 14:43,04-12-2009 12:59,30,16833.17,15433,22,713,561.1056667,17401.387,High Value
16657,30-11-2011 11:48,30-03-2011 12:02,4,874.43,1130,10,244,218.6075,1038.1849,Medium Value
16658,06-12-2010 13:47,30-03-2010 16:24,6,690.83,277,368,250,115.1383333,687.78217,Low Value
16659,03-06-2011 15:03,03-06-2011 15:03,1,39.12,72,189,0,39.12,63.282875,Low Value
16660,23-11-2011 14:53,14-01-2010 11:09,7,1879.55,991,16,678,268.5071429,1873.204,Medium Value
16661,17-06-2010 15:24,17-12-2009 15:39,4,932.76,364,540,181,233.19,829.74536,Low Value
16662,10-11-2010 16:56,10-11-2010 16:56,1,151.05,35,394,0,151.05,157.71541,Low Value
16663,10-12-2009 13:12,10-12-2009 13:12,1,165,100,729,0,165,158.05597,Low Value
16664,19-05-2010 17:11,19-05-2010 17:11,1,109.2,24,569,0,109.2,98.262115,Low Value
16665,12-12-2010 14:03,12-12-2010 14:03,1,135.4,59,362,0,135.4,127.68856,Low Value
16666,20-11-2011 14:01,28-03-2010 15:13,2,217.71,354,19,601,108.855,343.15417,Low Value
16667,02-10-2011 15:26,28-02-2011 12:57,2,567.18,236,68,216,283.59,503.97366,Low Value
16668,24-11-2011 17:43,18-03-2010 18:25,13,862.42,773,15,615,66.34,1038.1412,Medium Value
16669,16-11-2011 12:26,22-09-2011 14:13,3,1348.88,881,24,54,449.6266667,1377.2101,Medium Value
16670,23-11-2011 09:34,10-12-2009 15:28,20,8030.15,4534,17,712,401.5075,7848.5596,High Value
16671,11-11-2011 13:40,28-06-2011 11:20,3,1692.27,875,28,136,564.09,1605.3615,Medium Value
16672,07-12-2011 16:29,18-03-2011 10:15,20,8134.94,2832,2,264,406.747,8112.742,High Value
16673,29-01-2010 14:22,29-01-2010 14:22,1,171.13,95,679,0,171.13,173.79178,Low Value
16674,16-10-2011 11:31,02-09-2011 13:59,2,304.24,181,55,43,152.12,283.6031,Low Value
16675,24-09-2010 12:15,18-08-2010 13:11,2,608.86,296,442,36,304.43,558.44855,Low Value
16676,06-11-2011 12:01,17-10-2010 13:07,6,2361.9,927,34,384,393.65,2248.3083,Medium Value
16677,24-10-2010 14:53,25-02-2010 16:11,2,880.62,457,411,240,440.31,873.1903,Low Value
16678,07-12-2011 12:17,02-03-2011 09:24,12,3109.99,2397,3,280,259.1658333,3325.8467,Medium Value
16679,08-12-2010 13:51,10-06-2010 18:35,3,663.31,247,366,180,221.1033333,539.8294,Low Value
16680,27-10-2011 17:35,23-06-2010 09:30,3,821.45,377,43,491,273.8166667,751.38617,Low Value
16681,28-09-2011 11:11,08-03-2010 14:10,7,1921.84,1492,73,568,274.5485714,1936.5878,Medium Value
16682,05-12-2011 12:13,05-06-2011 11:02,5,1028,1040,5,183,205.6,1187.4446,Medium Value
16683,24-06-2010 10:36,24-06-2010 10:36,1,320.25,190,534,0,320.25,309.68695,Low Value
16684,05-12-2011 14:06,07-12-2009 12:56,55,147142.77,104810,4,728,2675.323091,148110.5,High Value
16685,09-10-2011 13:58,09-10-2011 13:44,2,324.24,396,61,0,162.12,378.2011,Low Value
16686,23-10-2011 13:49,06-12-2009 15:48,16,4881.07,3419,47,685,305.066875,5145.5776,Medium Value
16687,14-11-2010 11:46,14-11-2010 11:46,1,157.63,141,391,0,157.63,158.05597,Low Value
16688,08-12-2011 15:24,10-10-2011 12:23,4,1260.86,804,1,59,315.215,1249.2665,Medium Value
16689,25-09-2011 11:39,18-09-2011 13:29,2,422.6,330,76,6,211.3,463.31967,Low Value
16690,28-09-2011 15:02,14-09-2010 15:00,4,353.03,209,72,379,88.2575,366.6203,Low Value
16691,17-10-2010 15:03,27-05-2010 14:55,2,178.83,92,418,143,89.415,201.52905,Low Value
16692,28-03-2011 14:46,24-09-2010 11:31,4,1914.7,878,256,185,478.675,1839.4469,Medium Value
16693,02-10-2011 11:10,21-02-2010 12:42,5,1179.48,658,69,587,235.896,1232.5748,Medium Value
16694,16-12-2009 15:45,16-12-2009 15:45,1,98.3,26,723,0,98.3,89.24505,Low Value
16695,27-05-2010 12:36,27-05-2010 12:24,2,191.9,184,562,0,95.95,180.48112,Low Value
16696,27-07-2011 14:23,05-04-2011 15:20,4,657.9,146,135,112,164.475,531.9153,Low Value
16697,12-04-2011 17:12,12-04-2011 17:12,1,112.75,27,241,0,112.75,110.33144,Low Value
16698,27-04-2011 10:52,31-03-2011 13:33,2,1998,840,227,26,999,1696.3031,Medium Value
16699,24-11-2010 14:38,04-12-2009 13:31,7,994.6,640,380,355,142.0857143,1144.8892,Medium Value
16700,01-12-2011 11:00,02-12-2009 10:51,25,8830.77,6644,9,729,353.2308,9022.365,High Value
16701,01-12-2011 11:10,01-12-2009 19:19,26,9916.73,11046,9,729,381.4126923,10943.399,High Value
16702,20-10-2010 14:10,07-12-2009 16:40,4,1110.83,692,415,316,277.7075,1157.0483,Medium Value
16704,31-03-2010 14:02,05-02-2010 14:14,2,664.16,433,618,53,332.08,718.7776,Low Value
16705,09-12-2011 12:08,09-12-2009 13:34,42,43515.051,22302,1,729,1036.072643,42495.023,High Value
16706,02-11-2011 13:50,17-08-2011 15:53,3,531.35,249,37,76,177.1166667,491.55746,Low Value
16707,04-11-2010 14:39,09-03-2010 15:16,4,533.41,396,400,239,133.3525,585.9039,Low Value
16708,25-10-2011 12:20,25-10-2011 12:20,1,656.63,285,46,0,656.63,642.6877,Low Value
16709,16-09-2011 10:56,09-12-2009 13:16,14,9056.01,3261,85,645,646.8578571,8666.058,High Value
16710,20-11-2011 14:50,04-12-2009 13:41,22,5921.35,4174,19,716,269.1522727,6759.7407,High Value
16711,06-12-2011 16:32,02-12-2009 13:22,9,2868.48,1212,3,734,318.72,2739.479,Medium Value
16712,30-11-2011 13:48,03-11-2010 15:45,13,4232.87,2074,9,391,325.6053846,4075.632,Medium Value
16713,21-11-2011 12:36,15-12-2009 12:49,32,14115.56,8482,19,705,441.11125,14920.948,High Value
16714,05-05-2011 11:09,07-02-2010 11:17,4,1497.33,828,219,451,374.3325,1446.0054,Medium Value
16715,22-09-2011 18:15,26-05-2010 12:35,2,625.52,1174,78,484,312.76,960.1117,Medium Value
16716,18-03-2011 10:03,19-03-2010 11:05,3,2149.68,912,267,363,716.56,1920.6661,Medium Value
16717,16-11-2011 12:16,07-12-2009 15:55,14,6663.68,3145,24,708,475.9771429,6639.412,High Value
16718,05-12-2010 13:03,06-12-2009 13:07,5,3006.08,1924,369,363,601.216,3126.5884,Medium Value
16719,25-11-2011 09:27,13-12-2009 10:59,14,3513.62,2356,15,711,250.9728571,3557.9734,Medium Value
16720,13-11-2011 16:22,17-12-2009 17:54,3,758.74,460,26,695,252.9133333,808.9469,Low Value
16721,22-03-2011 16:08,22-03-2011 16:08,1,292.47,172,262,0,292.47,313.40213,Low Value
16722,22-11-2011 13:28,03-12-2009 19:23,22,8189.56,7986,17,718,372.2527273,8918.948,High Value
16723,09-09-2011 13:01,04-12-2009 13:23,4,1231.36,958,91,643,307.84,1337.1481,Medium Value
16724,31-10-2010 11:40,31-10-2010 11:40,1,147.35,69,405,0,147.35,138.89738,Low Value
16725,10-02-2011 16:52,13-12-2009 15:54,14,1688.26,700,302,424,120.59,1726.2374,Medium Value
16726,13-11-2011 14:53,24-10-2010 16:09,7,2063.88,1323,26,384,294.84,2093.0151,Medium Value
16727,10-12-2010 13:48,20-01-2010 10:48,4,1377.77,1066,364,324,344.4425,1455.4932,Medium Value
16728,24-10-2011 14:36,20-03-2011 13:28,4,1048.28,671,46,218,262.07,1146.8318,Medium Value
16729,01-11-2011 14:29,12-04-2011 14:22,21,7205.33,5722,38,203,343.1109524,7194.2593,High Value
16730,18-10-2011 14:11,24-01-2011 14:01,3,743.11,994,52,267,247.7033333,959.40344,Medium Value
16731,01-03-2010 15:05,01-03-2010 15:05,1,170.3,124,648,0,170.3,173.79178,Low Value
16732,08-11-2011 09:54,08-12-2009 13:04,4,4387.64,2414,32,699,1096.91,4200.9526,Medium Value
16733,28-06-2010 10:12,28-06-2010 10:12,1,259.68,112,530,0,259.68,317.09323,Low Value
16734,18-10-2011 13:44,17-08-2011 15:00,3,646.76,345,52,61,215.5866667,645.16437,Low Value
16735,22-09-2011 11:49,08-12-2009 09:24,14,6217.41,4240,79,653,444.1007143,6172.5146,High Value
16736,22-07-2010 10:09,03-12-2009 16:12,5,2956.56,1050,506,230,591.312,2660.3623,Medium Value
16737,17-10-2011 13:03,11-05-2010 09:53,2,835.2,576,53,524,417.6,866.9846,Low Value
16738,15-02-2011 09:46,15-02-2011 09:46,1,3.75,3,298,0,3.75,63.282875,Low Value
16739,16-06-2011 09:17,21-06-2010 09:38,2,786.43,391,177,359,393.215,745.64935,Low Value
16740,09-11-2010 13:34,09-11-2010 13:34,1,226.91,110,395,0,226.91,244.20036,Low Value
16741,24-03-2010 15:15,24-03-2010 15:15,1,173.06,81,625,0,173.06,173.79178,Low Value
16742,24-10-2011 12:02,16-12-2009 17:22,14,2799.87,2558,47,676,199.9907143,3093.8525,Medium Value
16743,10-11-2011 13:13,22-04-2010 13:21,14,4212.15,3707,29,566,300.8678571,4346.041,Medium Value
16744,28-11-2011 13:06,19-06-2011 15:13,7,1291.91,798,11,161,184.5585714,1388.8188,Medium Value
16745,14-09-2011 11:58,01-02-2011 11:31,17,7180.7,6719,87,225,422.3941176,7171.8604,High Value
16746,05-12-2011 12:33,04-12-2009 13:00,42,18046.75,11900,5,730,429.6845238,18422.3,High Value
16747,02-11-2011 11:37,03-10-2011 10:18,2,836.06,583,38,30,418.03,866.9846,Low Value
16748,22-11-2011 10:17,10-12-2009 12:28,14,3637.33,2127,18,711,259.8092857,3612.6226,Medium Value
16749,27-04-2010 13:06,15-12-2009 14:05,2,4157.88,1910,591,132,2078.94,3995.1643,Medium Value
16750,26-10-2011 12:48,21-04-2011 16:53,5,623.93,214,45,187,124.786,582.7913,Low Value
16751,09-11-2011 10:48,09-11-2011 10:48,1,1764.72,1031,31,0,1764.72,1756.9531,Medium Value
16752,02-12-2010 12:18,02-12-2010 12:18,1,207.5,54,373,0,207.5,213.2137,Low Value
16753,12-10-2011 13:14,12-10-2011 13:14,1,223.92,189,58,0,223.92,234.4651,Low Value
16754,02-12-2010 17:38,08-03-2010 11:32,29,65500.07,63551,372,269,2258.623103,65863.06,High Value
16755,17-08-2011 13:21,09-12-2009 14:25,7,2864.68,1985,114,615,409.24,2920.084,Medium Value
16756,09-05-2011 09:33,09-03-2010 15:56,7,1312.37,707,215,425,187.4814286,1348.0371,Medium Value
16757,25-01-2011 11:59,26-10-2010 15:09,2,270.48,180,319,90,135.24,253.57635,Low Value
16758,05-10-2011 14:47,05-10-2011 14:47,1,369.34,203,65,0,369.34,364.93,Low Value
16759,02-12-2011 12:42,09-11-2011 09:06,3,789.79,609,8,23,263.2633333,848.52216,Low Value
16760,05-10-2010 15:55,05-10-2010 15:55,1,228,168,430,0,228,244.20036,Low Value
16761,04-09-2011 11:15,04-09-2011 11:15,1,316.62,341,97,0,316.62,402.86157,Low Value
16762,20-11-2011 11:43,18-07-2011 12:52,3,1207.24,480,20,124,402.4133333,1065.2754,Medium Value
16763,25-05-2011 11:52,01-12-2009 15:26,2,964.7,492,199,539,482.35,955.4068,Medium Value
16764,06-12-2011 11:41,19-07-2011 17:17,13,2790.95,1253,4,139,214.6884615,2724.911,Medium Value
16765,18-02-2011 15:41,22-11-2010 13:42,2,454.75,311,294,88,227.375,521.9068,Low Value
16766,11-03-2011 15:22,11-03-2011 13:34,2,1145.6,536,273,0,572.8,1123.6134,Medium Value
16767,09-11-2011 09:42,28-04-2010 16:49,15,8056.76,7102,31,559,537.1173333,8881.601,High Value
16768,23-10-2011 10:38,07-12-2009 11:47,9,1698.57,774,48,684,188.73,1568.0509,Medium Value
16769,24-03-2011 13:41,14-12-2009 11:10,4,1117.05,295,260,465,279.2625,870.2349,Low Value
16770,13-10-2011 12:21,22-08-2010 16:08,9,1778.93,1052,58,416,197.6588889,1803.6188,Medium Value
16771,06-11-2011 13:28,09-12-2009 11:52,10,3949.6,2308,33,697,394.96,4017.2795,Medium Value
16772,12-10-2010 13:19,18-12-2009 10:50,3,3698.05,687,423,298,1232.683333,2884.6353,Medium Value
16773,13-10-2011 14:37,06-12-2009 15:01,3,421.24,252,57,675,140.4133333,432.6913,Low Value
16774,03-10-2011 12:41,16-02-2010 16:53,8,1567.48,774,68,593,195.935,1468.4302,Medium Value
16775,29-11-2011 15:22,23-09-2010 17:34,16,2820.84,957,10,431,176.3025,2646.6987,Medium Value
16776,10-10-2011 13:04,20-10-2010 12:13,2,592.51,435,60,355,296.255,664.4154,Low Value
16777,20-09-2011 13:41,17-03-2010 12:42,5,1292.18,470,80,552,258.436,1091.7323,Medium Value
16778,26-09-2011 13:48,10-03-2011 15:21,2,245.94,194,74,199,122.97,236.21922,Low Value
16779,07-12-2011 14:54,03-12-2009 13:03,53,32809.03,19411,2,734,619.0383019,32413.422,High Value
16780,31-08-2011 16:09,28-10-2010 19:41,3,596.4,352,100,306,198.8,599.5732,Low Value
16781,02-12-2010 14:26,08-02-2010 13:56,2,623,192,372,297,311.5,503.79074,Low Value
16782,29-11-2011 13:20,09-12-2009 11:58,38,9636.12,4027,10,720,253.5821053,9600.323,High Value
16783,29-09-2010 11:53,29-09-2010 11:53,1,391.95,163,437,0,391.95,369.72076,Low Value
16784,20-11-2011 12:20,28-03-2010 12:55,5,892.33,494,20,601,178.466,915.49976,Medium Value
16785,26-10-2010 10:36,26-10-2010 10:36,1,533.78,313,410,0,533.78,562.8477,Low Value
16786,11-11-2010 08:25,11-11-2010 08:25,1,51.84,72,394,0,51.84,63.282875,Low Value
16787,07-11-2010 11:01,10-01-2010 11:12,4,1017.53,472,398,300,254.3825,989.539,Medium Value
16788,08-08-2011 14:53,07-02-2010 12:40,5,1928.93,965,123,547,385.786,1934.1792,Medium Value
16789,01-12-2011 15:12,01-12-2011 15:12,1,80.8,32,8,0,80.8,78.87771,Low Value
16790,06-12-2011 11:53,02-11-2011 11:23,6,1545.62,898,4,34,257.6033333,1664.0659,Medium Value
16791,10-11-2011 19:12,03-12-2009 18:08,15,3957.63,1854,29,707,263.842,3771.285,Medium Value
16792,02-03-2011 14:41,04-01-2010 13:47,5,623.46,324,282,422,124.692,701.7954,Low Value
16793,13-10-2011 15:08,13-10-2011 15:08,1,243.84,146,57,0,243.84,266.51257,Low Value
16794,08-12-2011 17:54,25-03-2010 15:17,15,2052.7,1576,1,623,136.8466667,2332.7803,Medium Value
16795,09-12-2010 14:08,25-01-2010 13:14,3,2062.41,1214,365,318,687.47,2036.1827,Medium Value
16796,11-09-2011 14:01,11-09-2011 14:01,1,305.62,186,89,0,305.62,309.68695,Low Value
16797,11-11-2010 19:14,02-12-2009 13:33,5,1802.02,898,393,344,360.404,1703.4333,Medium Value
16798,03-06-2010 19:01,10-12-2009 19:35,3,841.16,205,554,174,280.3866667,603.9121,Low Value
16799,03-10-2010 14:28,12-09-2010 12:46,2,452.78,162,432,21,226.39,381.65845,Low Value
16800,28-11-2011 14:06,28-11-2011 14:06,1,1162.65,524,11,0,1162.65,1095.0148,Medium Value
16801,29-06-2011 15:33,11-03-2011 13:56,4,1594.23,493,163,110,398.5575,1338.6846,Medium Value
16802,29-01-2010 13:44,09-12-2009 13:00,2,582.61,369,679,51,291.305,617.4766,Low Value
16803,05-10-2011 14:28,05-10-2011 14:28,1,332.3,245,65,0,332.3,357.1111,Low Value
16804,16-11-2011 16:43,14-03-2011 15:48,3,536.99,246,23,247,178.9966667,491.55746,Low Value
16805,19-06-2011 11:23,08-12-2009 14:29,5,1091.34,1120,174,557,218.268,1232.4895,Medium Value
16806,28-08-2011 15:27,14-04-2011 19:59,4,762.16,356,103,135,190.54,716.5011,Low Value
16807,20-07-2011 12:00,26-03-2010 14:38,6,2123.88,1433,143,480,353.98,2035.3177,Medium Value
16808,01-09-2011 19:34,10-03-2011 19:05,2,288.42,196,99,175,144.21,264.7851,Low Value
16809,16-11-2011 15:45,13-04-2010 15:34,9,1727.43,1093,23,582,191.9366667,1792.4332,Medium Value
16810,31-05-2011 15:32,15-10-2010 15:32,2,842.04,372,192,228,421.02,802.3109,Low Value
16811,05-12-2011 11:39,22-11-2011 17:19,2,547.07,477,5,12,273.535,678.6427,Low Value
16812,14-12-2010 12:35,22-11-2010 14:36,4,2392,1116,361,21,598,2192.3428,Medium Value
16813,01-12-2011 14:03,19-05-2011 13:28,10,1652.18,1501,8,196,165.218,1637.3914,Medium Value
16814,25-11-2011 13:27,11-04-2010 12:45,36,11924.85,4844,14,593,331.2458333,12042.395,High Value
16815,12-09-2010 10:59,21-06-2010 12:05,2,406.02,237,454,82,203.01,385.58514,Low Value
16816,28-08-2011 14:16,16-12-2010 17:01,4,417.06,274,103,254,104.265,437.5837,Low Value
16817,07-12-2011 11:03,04-10-2010 09:06,13,2560.7,1401,3,429,196.9769231,2587.9792,Medium Value
16818,29-11-2011 10:41,18-05-2011 11:42,11,3349.57,2164,11,194,304.5063636,3671.1885,Medium Value
16819,31-08-2010 17:37,31-08-2010 17:31,2,182.59,253,465,0,91.295,208.84184,Low Value
16820,05-09-2011 12:06,05-09-2011 12:06,1,497.61,307,96,0,497.61,565.3909,Low Value
16821,23-11-2010 10:04,23-11-2010 10:04,1,113.35,13,382,0,113.35,110.33144,Low Value
16822,22-01-2010 14:22,22-01-2010 14:22,1,181.39,171,686,0,181.39,190.86253,Low Value
16823,26-04-2011 15:00,02-12-2009 09:57,7,2243.09,1166,227,510,320.4414286,2182.084,Medium Value
16824,24-11-2011 12:38,11-11-2010 12:21,3,686.24,390,16,378,228.7466667,654.8996,Low Value
16825,01-11-2011 11:51,23-06-2010 13:14,5,1826.89,1297,39,495,365.378,1867.454,Medium Value
16826,19-10-2011 14:05,19-10-2011 14:05,1,341.7,158,51,0,341.7,350.98447,Low Value
16827,11-11-2010 14:04,29-04-2010 19:07,5,392.13,125,393,195,78.426,487.37164,Low Value
16828,07-09-2011 15:10,19-08-2011 13:24,2,128.5,59,93,19,64.25,182.62694,Low Value
16829,06-07-2011 10:48,16-11-2010 18:11,2,513.32,215,157,231,256.66,454.55136,Low Value
16830,01-11-2011 11:35,13-12-2009 12:11,4,1207.5,699,39,687,301.875,1180.107,Medium Value
16831,24-05-2010 09:08,24-05-2010 09:08,1,91.8,48,565,0,91.8,82.6925,Low Value
16832,08-06-2011 15:36,07-09-2010 12:35,5,417.61,179,184,274,83.522,509.83768,Low Value
16833,08-12-2011 14:39,26-03-2010 15:31,6,2409.04,878,1,621,401.5066667,2095.1606,Medium Value
16834,26-04-2011 09:37,03-02-2010 14:24,2,898.96,760,228,446,449.48,957.8264,Medium Value
16835,03-08-2011 13:50,19-05-2010 08:41,6,1456.66,496,128,441,242.7766667,1205.6947,Medium Value
16836,31-10-2011 10:05,14-05-2010 12:52,4,782.37,539,40,534,195.5925,850.03064,Low Value
16837,08-11-2011 14:27,08-04-2011 08:48,11,3170.98,1563,31,214,288.2709091,3321.9365,Medium Value
16838,26-05-2011 13:13,14-02-2010 15:27,4,1159.61,509,197,465,289.9025,1035.7927,Medium Value
16839,01-12-2011 09:03,11-02-2010 15:02,44,21758.25,11295,9,657,494.5056818,24316.754,High Value
16840,15-04-2010 15:48,03-02-2010 12:42,2,139.85,117,603,71,69.925,186.9454,Low Value
16841,03-11-2011 11:51,12-01-2010 11:32,12,4006.06,3478,37,660,333.8383333,3986.697,Medium Value
16842,31-08-2011 10:42,10-02-2011 14:51,3,1264.19,693,101,201,421.3966667,1244.8529,Medium Value
16843,28-10-2011 09:06,10-12-2009 11:40,35,19571.43,18502,43,686,559.1837143,19729.213,High Value
16844,26-05-2010 10:29,06-05-2010 09:16,2,614.34,281,563,20,307.17,538.70404,Low Value
16845,31-03-2010 13:09,31-03-2010 13:09,1,253.88,167,618,0,253.88,317.09323,Low Value
16846,20-10-2011 13:55,10-03-2010 12:03,3,842.41,517,50,589,280.8033333,927.0251,Medium Value
16847,27-10-2011 13:29,31-03-2010 13:32,2,614.89,255,43,574,307.445,538.70404,Low Value
16848,18-10-2011 08:42,03-10-2010 11:01,4,1411.62,780,53,379,352.905,1340.5977,Medium Value
16849,06-06-2011 09:16,06-06-2011 09:16,1,124.57,33,187,0,124.57,110.33144,Low Value
16850,10-01-2011 11:09,10-01-2011 11:09,1,332.41,249,334,0,332.41,357.1111,Low Value
16851,05-12-2011 13:32,19-10-2011 09:48,3,342.45,271,4,47,114.15,399.63434,Low Value
16852,29-11-2011 13:22,16-06-2011 15:49,2,144.91,56,10,165,72.455,183.77835,Low Value
16854,18-10-2010 16:31,09-03-2010 14:32,2,1408.96,997,417,223,704.48,1539.2623,Medium Value
16855,16-11-2011 12:03,27-10-2011 16:31,2,328.4,164,24,19,164.2,290.26126,Low Value
16856,25-11-2011 08:59,23-09-2010 13:11,3,358.49,171,15,427,119.4966667,364.721,Low Value
16857,23-09-2010 10:49,23-09-2010 10:49,1,352.8,168,443,0,352.8,350.98447,Low Value
16858,06-12-2010 09:52,15-12-2009 11:09,10,4292.59,1423,369,355,429.259,3863.7603,Medium Value
16859,18-07-2011 12:19,04-03-2010 12:37,7,1932.41,1899,145,500,276.0585714,2040.4338,Medium Value
16860,13-09-2010 10:05,15-02-2010 13:46,3,1610.62,625,453,209,536.8733333,1470.3434,Medium Value
16861,11-10-2011 09:05,19-07-2010 11:44,5,946.59,616,60,448,189.318,1012.9894,Medium Value
16862,10-06-2010 13:05,07-01-2010 12:57,4,662.33,513,547,154,165.5825,805.5097,Low Value
16863,08-11-2011 15:26,26-10-2010 10:03,3,834.27,640,31,378,278.09,928.4057,Medium Value
16864,01-10-2010 16:16,20-04-2010 11:56,2,409.25,283,434,164,204.625,385.58514,Low Value
16865,03-11-2010 11:34,03-11-2010 11:34,1,130.95,157,402,0,130.95,125.89756,Low Value
16866,22-07-2011 10:06,01-07-2011 12:34,3,207.74,60,141,20,69.24666667,298.10046,Low Value
16867,19-01-2010 09:11,19-01-2010 09:11,1,76.74,58,690,0,76.74,78.87771,Low Value
16868,10-11-2010 13:17,25-04-2010 11:31,3,384.56,112,394,199,128.1866667,371.4976,Low Value
16869,17-11-2011 12:02,17-06-2011 13:01,4,817.12,583,23,152,204.28,888.7516,Medium Value
16870,27-08-2010 13:53,27-08-2010 13:53,1,450.16,278,469,0,450.16,453.65872,Low Value
16871,17-11-2011 19:27,14-03-2011 10:31,6,2812.34,1253,22,248,468.7233333,2633.1895,Medium Value
16872,23-09-2011 16:05,02-09-2010 17:36,6,1213.13,1079,77,385,202.1883333,1350.3931,Medium Value
16873,05-12-2011 12:05,09-02-2010 14:17,12,14617.39,8601,5,663,1218.115833,14845.018,High Value
16874,25-11-2010 13:08,25-11-2010 13:08,1,209.89,78,379,0,209.89,213.2137,Low Value
16875,03-10-2011 13:39,05-01-2010 09:16,11,4234.53,2099,67,636,384.9572727,4261.9478,Medium Value
16876,01-11-2010 11:59,01-11-2010 11:59,1,136.01,181,404,0,136.01,127.68856,Low Value
16877,27-11-2011 13:47,15-05-2011 16:13,6,846.62,458,12,195,141.1033333,892.2136,Medium Value
16878,16-09-2011 17:39,16-09-2011 17:39,1,13.3,12,84,0,13.3,63.282875,Low Value
16880,09-11-2011 11:33,03-08-2010 13:54,8,1813.21,904,31,462,226.65125,1877.875,Medium Value
16881,04-10-2011 10:33,04-10-2011 10:33,1,432,600,67,0,432,589.8889,Low Value
16882,04-10-2011 10:42,26-01-2011 17:43,3,705.12,424,67,250,235.04,710.4228,Low Value
16883,05-06-2011 12:51,04-12-2009 12:07,19,2246.06,1016,187,548,118.2136842,2277.7292,Medium Value
16884,02-11-2011 11:52,18-05-2010 12:00,4,1070.97,520,38,532,267.7425,1078.1019,Medium Value
16885,24-11-2011 13:40,19-11-2010 12:51,4,684.6,358,15,370,171.15,686.4666,Low Value
16886,09-09-2010 15:08,09-09-2010 15:08,1,134,48,456,0,134,127.68856,Low Value
16887,04-11-2011 14:07,01-12-2009 13:41,3,658.17,423,35,703,219.39,700.68756,Low Value
16888,04-11-2010 12:39,07-01-2010 13:07,3,434.2,145,401,300,144.7333333,397.77798,Low Value
16889,29-05-2011 11:05,23-05-2010 10:46,6,2526.65,1611,195,371,421.1083333,2652.8113,Medium Value
16890,20-08-2010 11:23,06-05-2010 16:27,3,285.41,243,477,105,95.13666667,362.73083,Low Value
16891,08-12-2011 11:15,04-12-2009 12:37,11,1727.94,652,2,733,157.0854545,1636.43,Medium Value
16892,08-12-2011 13:18,08-12-2009 14:20,7,754.75,367,1,729,107.8214286,807.48865,Low Value
16893,08-12-2010 12:06,28-11-2010 15:14,2,249.89,117,367,9,124.945,236.21922,Low Value
16894,25-07-2010 15:43,22-06-2010 14:21,3,1306.96,503,502,33,435.6533333,1123.2919,Medium Value
16895,06-10-2011 12:15,12-02-2010 11:07,5,1102.9,421,65,601,220.58,972.9294,Medium Value
16896,02-06-2010 15:40,02-06-2010 15:40,1,103.95,18,555,0,103.95,89.24505,Low Value
16897,13-02-2011 15:02,30-01-2011 11:52,2,289.78,73,299,14,144.89,264.7851,Low Value
16898,13-11-2011 15:44,12-05-2010 12:18,5,885.21,695,26,550,177.042,1096.3322,Medium Value
16899,02-12-2011 12:03,07-11-2010 15:00,8,1695.77,811,8,389,211.97125,1569.1844,Medium Value
16900,23-11-2011 10:32,07-10-2011 13:17,3,887.11,833,17,46,295.7033333,1029.003,Medium Value
16901,10-12-2009 16:30,10-12-2009 16:30,1,204.26,42,729,0,204.26,213.2137,Low Value
16902,15-08-2011 14:17,15-08-2011 14:17,1,1706.88,629,116,0,1706.88,1531.2834,Medium Value
16903,10-11-2011 15:32,20-10-2010 14:42,3,1041.75,717,29,386,347.25,1083.1998,Medium Value
16904,05-12-2011 13:10,24-10-2010 16:03,21,4675.36,2607,4,406,222.6361905,5149.268,Medium Value
16905,04-12-2011 14:01,10-12-2009 20:04,17,4706.77,1913,5,723,276.8688235,4415.653,Medium Value
16906,19-09-2011 11:49,13-05-2010 13:23,7,1410.92,590,82,493,201.56,1277.5823,Medium Value
16907,10-11-2011 18:04,01-07-2010 17:30,9,1470.89,451,29,497,163.4322222,1295.2845,Medium Value
16908,17-12-2009 13:35,17-12-2009 13:35,1,252.59,61,722,0,252.59,317.09323,Low Value
16909,28-09-2011 16:45,28-09-2011 16:45,1,379.14,436,72,0,379.14,439.5905,Low Value
16910,05-12-2011 12:51,09-09-2011 14:14,8,1508.96,884,4,86,188.62,1484.7819,Medium Value
16911,14-03-2010 12:18,16-02-2010 16:12,2,255.25,161,636,25,127.625,242.99582,Low Value
16912,11-11-2011 12:18,09-12-2009 12:32,15,4460.51,1689,29,701,297.3673333,4062.026,Medium Value
16913,22-02-2011 12:56,26-02-2010 12:06,3,423.91,229,290,361,141.3033333,397.77798,Low Value
16914,03-11-2011 15:27,03-11-2011 15:27,1,183.76,112,36,0,183.76,188.87389,Low Value
16915,30-11-2011 16:39,19-05-2010 13:32,11,1543.18,190,9,560,140.2890909,1091.882,Medium Value
16916,16-11-2011 12:08,20-10-2010 12:56,4,902.02,649,24,391,225.505,1055.2,Medium Value
16917,08-03-2011 11:55,17-03-2010 15:24,2,1851.88,792,277,355,925.94,1634.1847,Medium Value
16918,21-10-2011 12:50,03-12-2009 12:27,16,3206.54,2066,50,687,200.40875,3159.2126,Medium Value
16919,06-07-2011 13:35,19-08-2010 15:28,24,4909.66,2333,156,320,204.5691667,4861.704,Medium Value
16920,24-10-2010 14:07,24-10-2010 14:07,1,355.45,81,411,0,355.45,346.5927,Low Value
16921,09-10-2011 16:22,18-04-2010 15:34,3,409.21,275,61,539,136.4033333,421.48248,Low Value
16922,16-05-2010 11:24,16-05-2010 11:24,1,611.08,281,573,0,611.08,618.1754,Low Value
16923,27-11-2011 13:00,31-01-2010 11:14,32,13157.13,6190,12,665,411.1603125,13349.0205,High Value
16924,18-11-2011 12:53,16-09-2011 12:54,3,829.89,467,21,62,276.63,832.1419,Low Value
16925,17-06-2010 15:03,17-06-2010 15:03,1,125.65,123,540,0,125.65,110.33144,Low Value
16926,03-12-2010 13:42,01-07-2010 12:57,5,1169.61,197,371,155,233.922,836.1063,Low Value
16927,16-08-2011 11:10,13-12-2010 11:57,3,543.05,993,116,245,181.0166667,809.36615,Low Value
16928,20-09-2011 15:10,03-02-2010 12:30,29,3897.53,2587,80,594,134.3975862,4669.202,Medium Value
16929,06-12-2011 08:37,07-07-2011 12:39,7,1295.39,929,4,151,185.0557143,1582.8232,Medium Value
16930,13-11-2011 16:13,02-10-2011 14:25,3,378.89,339,26,42,126.2966667,483.72528,Low Value
16931,04-12-2011 13:15,07-11-2010 13:24,23,5032.22,3357,5,391,218.7921739,5332.844,Medium Value
16932,17-10-2011 14:12,17-05-2010 14:15,3,412.55,217,53,517,137.5166667,386.56915,Low Value
16933,08-12-2011 12:54,09-12-2009 15:03,9,3099.3,1533,1,728,344.3666667,3065.9983,Medium Value
16934,16-10-2011 12:40,28-03-2010 12:43,6,2083.14,936,55,566,347.19,2030.7493,Medium Value
16935,23-11-2010 09:16,14-10-2010 13:09,3,530.86,273,382,39,176.9533333,491.55746,Low Value
16936,14-11-2011 11:04,19-11-2010 11:54,2,548.29,339,26,359,274.145,606.4716,Low Value
16937,28-07-2010 17:56,28-07-2010 17:56,1,196.25,123,499,0,196.25,188.87389,Low Value
16938,01-12-2011 10:20,17-02-2010 14:47,9,6995.36,5041,9,651,777.2622222,7216.057,High Value
16939,08-08-2010 12:24,28-02-2010 13:33,3,433.85,229,489,160,144.6166667,397.77798,Low Value
16940,18-10-2011 13:15,08-12-2009 13:08,8,6427.66,4503,52,679,803.4575,6869.9404,High Value
16941,07-04-2010 11:13,07-04-2010 11:13,1,33,12,612,0,33,63.282875,Low Value
16942,27-11-2011 12:40,26-04-2011 11:59,9,1904.99,805,13,215,211.6655556,1748.8851,Medium Value
16943,12-05-2011 11:57,25-03-2010 13:34,5,1299.49,147,212,412,259.898,895.6045,Medium Value
16944,09-04-2010 11:03,09-04-2010 11:03,1,101.36,27,610,0,101.36,89.24505,Low Value
16945,18-11-2011 11:39,09-12-2009 11:33,33,8548.16,5889,22,709,259.0351515,9266.712,High Value
16946,21-11-2010 14:06,02-03-2010 10:49,5,1222.04,509,383,264,244.408,1051.7424,Medium Value
16947,18-04-2011 09:38,03-03-2010 10:54,5,955.21,655,236,410,191.042,1119.3303,Medium Value
16948,24-07-2011 12:46,21-02-2010 13:48,7,868.77,2091,139,517,124.11,1110.4954,Medium Value
16949,06-12-2011 11:07,27-01-2011 12:11,6,1286.27,791,4,312,214.3783333,1363.2207,Medium Value
16950,14-10-2011 09:06,24-01-2010 11:26,10,3541.77,2432,57,627,354.177,3582.257,Medium Value
16951,28-07-2011 12:05,08-02-2011 14:58,3,1277.75,1318,135,169,425.9166667,1478.0815,Medium Value
16952,22-08-2011 13:03,11-12-2009 13:52,5,795.83,343,109,618,159.166,775.13776,Low Value
16953,09-11-2011 15:54,09-11-2011 15:54,1,20.8,10,30,0,20.8,63.282875,Low Value
16954,09-12-2011 09:46,18-01-2010 14:49,20,6081.88,4086,1,689,304.094,6068.298,High Value
16955,08-06-2011 10:36,31-01-2010 11:38,6,1120.31,723,185,492,186.7183333,1239.1262,Medium Value
16956,22-11-2011 08:56,22-11-2011 08:56,1,308.74,114,18,0,308.74,309.68695,Low Value
16957,14-04-2011 13:56,03-03-2011 09:25,2,416.64,172,239,42,208.32,350.6718,Low Value
16958,30-09-2010 14:25,30-09-2010 14:25,1,778.49,514,435,0,778.49,941.2327,Medium Value
16959,13-09-2011 15:03,13-09-2011 15:03,1,117.35,49,87,0,117.35,110.33144,Low Value
16960,01-11-2011 11:35,02-03-2010 13:36,8,1990.88,1492,39,608,248.86,1930.9613,Medium Value
16961,15-08-2011 13:46,25-06-2010 14:36,3,794.56,482,116,415,264.8533333,808.9469,Low Value
16962,26-10-2010 11:36,26-10-2010 11:36,1,251.04,158,410,0,251.04,295.84167,Low Value
16963,05-06-2011 13:48,05-06-2011 13:48,1,110.55,35,187,0,110.55,98.262115,Low Value
16964,06-12-2009 12:53,06-12-2009 12:51,2,207.85,49,733,0,103.925,180.48112,Low Value
16965,27-04-2011 12:08,27-04-2011 12:08,1,201.19,291,227,0,201.19,274.03662,Low Value
16966,01-12-2011 13:40,13-04-2011 14:17,7,2154.97,1981,8,231,307.8528571,2261.2168,Medium Value
16967,03-06-2011 14:24,03-06-2011 14:24,1,319.02,333,189,0,319.02,402.86157,Low Value
16968,05-12-2011 15:02,24-08-2011 10:51,2,439.43,326,4,103,219.715,512.17145,Low Value
16969,31-10-2011 13:12,01-06-2011 12:10,3,650.41,816,39,152,216.8033333,876.3428,Low Value
16970,23-03-2010 13:50,23-03-2010 13:50,1,71.4,12,626,0,71.4,74.583725,Low Value
16971,01-11-2011 15:06,01-11-2011 15:06,1,357.21,72,38,0,357.21,346.5927,Low Value
16972,22-11-2010 10:59,09-09-2010 11:20,2,749,183,383,73,374.5,614.4444,Low Value
16973,18-11-2010 13:56,18-11-2010 13:56,1,127,60,386,0,127,110.33144,Low Value
16974,05-07-2010 10:18,24-05-2010 10:43,2,365.5,70,523,41,182.75,326.33203,Low Value
16975,12-10-2010 17:53,22-07-2010 11:38,3,926.12,586,423,82,308.7066667,908.2425,Medium Value
16976,17-03-2011 16:33,17-03-2011 16:33,1,251.52,88,267,0,251.52,295.84167,Low Value
16977,09-11-2010 13:17,18-03-2010 11:06,4,496,142,395,236,124,439.57394,Low Value
16978,23-09-2011 12:50,11-02-2010 16:27,3,768.88,285,78,588,256.2933333,672.9861,Low Value
16979,06-12-2011 12:21,15-09-2010 14:30,9,2859.74,1451,4,446,317.7488889,2829.6597,Medium Value
16980,29-03-2011 16:36,07-10-2010 14:05,3,1422.83,990,255,173,474.2766667,1503.8809,Medium Value
16982,10-10-2011 12:28,10-10-2011 12:28,1,384.06,182,61,0,384.06,364.04288,Low Value
16983,27-11-2011 12:10,19-09-2010 12:38,11,3490.53,2315,13,433,317.3209091,3643.6736,Medium Value
16984,12-09-2011 13:43,07-03-2010 15:34,9,10350.53,5127,88,553,1150.058889,9838.727,High Value
16985,22-11-2011 13:33,10-12-2009 13:34,23,10923.16,3103,17,711,474.92,10979.781,High Value
16986,10-11-2011 11:55,04-02-2010 14:46,11,4888.75,2539,30,643,444.4318182,4733.2446,Medium Value
16987,06-12-2011 17:26,02-12-2009 14:34,11,2521.4,671,3,734,229.2181818,2203.5442,Medium Value
16988,04-12-2011 16:02,25-11-2010 09:22,2,382.67,158,5,374,191.335,326.33203,Low Value
16989,02-12-2011 16:39,12-07-2011 09:11,6,1133.25,1233,7,143,188.875,1351.6094,Medium Value
16990,05-05-2011 08:30,13-10-2010 11:42,2,344,200,219,203,172,305.99704,Low Value
16991,14-10-2010 14:08,14-10-2010 14:08,1,1041.21,793,421,0,1041.21,1227.4569,Medium Value
16992,29-11-2011 11:50,11-02-2010 12:36,13,5476.5,2061,11,655,421.2692308,5136.8066,Medium Value
16993,02-09-2010 12:16,12-05-2010 13:55,2,1950.95,285,464,112,975.475,1552.0662,Medium Value
16996,09-11-2011 16:43,18-10-2010 12:24,9,2123.61,919,30,387,235.9566667,2179.165,Medium Value
16997,24-02-2011 17:28,18-01-2011 11:51,3,702,360,288,37,234,654.8996,Low Value
16998,13-07-2011 09:44,21-09-2010 14:39,5,402,104,150,294,80.4,487.37164,Low Value
16999,16-11-2011 13:53,26-09-2011 15:43,2,484.82,294,23,50,242.41,489.41238,Low Value
17000,08-11-2010 13:35,27-10-2010 14:16,2,406.3,305,396,11,203.15,490.9202,Low Value
17001,09-12-2011 09:38,25-03-2010 12:41,19,6640.8,3782,1,623,349.5157895,6359.081,High Value
17002,15-09-2011 12:40,08-03-2010 15:46,7,2571.55,1265,86,555,367.3642857,2586.2146,Medium Value
17003,02-11-2010 13:15,10-05-2010 11:20,4,828.21,494,402,176,207.0525,823.38367,Low Value
17004,24-10-2011 14:25,11-10-2010 15:43,4,2324.36,1233,46,377,581.09,2277.932,Medium Value
17005,26-08-2010 10:57,30-04-2010 10:55,2,622.36,691,471,118,311.18,738.4675,Low Value
17006,05-12-2011 12:09,05-03-2010 13:33,8,1635.27,572,5,639,204.40875,1374.6351,Medium Value
17007,20-10-2011 10:47,28-09-2010 13:51,7,1120.1,717,51,386,160.0142857,1253.5247,Medium Value
17008,06-10-2010 15:19,06-10-2010 15:19,1,81.36,24,429,0,81.36,78.87771,Low Value
17009,06-06-2010 16:01,06-06-2010 16:01,1,242.06,336,551,0,242.06,343.13998,Low Value
17010,21-11-2011 14:49,21-11-2011 14:49,1,195.36,118,18,0,195.36,188.87389,Low Value
17011,09-11-2011 13:30,26-02-2010 09:47,3,671.7,792,30,621,223.9,876.3428,Low Value
17012,14-12-2009 17:34,14-12-2009 17:34,1,360.61,251,725,0,360.61,381.50598,Low Value
17014,01-12-2011 14:09,04-10-2011 11:36,3,583.43,243,8,58,194.4766667,494.23828,Low Value
17015,11-11-2011 10:45,07-06-2011 13:19,3,1838.61,1978,29,156,612.87,2192.7458,Medium Value
17016,12-05-2010 12:32,12-05-2010 12:32,1,552.4,309,577,0,552.4,669.1274,Low Value
17017,07-12-2011 09:32,03-12-2009 13:22,29,12576.99,9397,3,733,433.6893103,13420.984,High Value
17018,30-10-2011 11:42,05-12-2009 10:27,6,2287.7,456,41,694,381.2833333,1816.5347,Medium Value
17019,28-11-2011 13:06,02-12-2009 11:52,11,3602.29,2396,11,726,327.4809091,3699.081,Medium Value
17020,15-06-2010 13:06,03-03-2010 12:27,2,935.62,860,542,104,467.81,1058.2024,Medium Value
17021,23-09-2010 20:01,29-04-2010 20:05,6,1182.22,992,442,146,197.0366667,1311.672,Medium Value
17022,08-11-2011 17:09,03-10-2010 10:27,2,260,180,31,401,130,251.78535,Low Value
17023,18-10-2010 15:37,11-01-2010 15:09,3,800.18,530,417,280,266.7266667,885.59674,Medium Value
17024,25-10-2011 13:47,05-07-2011 09:31,3,95.85,69,45,112,31.95,250.01768,Low Value
17025,10-10-2011 09:06,08-03-2010 13:37,5,1349.67,885,61,580,269.934,1473.0183,Medium Value
17026,07-06-2011 14:28,18-10-2010 15:22,3,175.83,107,185,231,58.61,282.57434,Low Value
17027,22-09-2011 12:24,10-12-2009 12:10,9,1310.63,645,79,651,145.6255556,1377.0443,Medium Value
17028,07-05-2010 15:33,18-12-2009 14:28,3,1593.83,856,581,140,531.2766667,1534.8843,Medium Value
17029,21-08-2011 11:06,14-02-2010 10:19,7,2137.3,1265,111,553,305.3285714,2212.8657,Medium Value
17030,07-10-2011 08:49,07-10-2011 08:49,1,146.87,146,64,0,146.87,138.89738,Low Value
17031,28-11-2011 10:23,07-05-2010 14:52,6,2773.85,1595,12,569,462.3083333,2728.111,Medium Value
17032,10-06-2010 12:16,10-12-2009 15:36,8,2984.32,1667,548,181,373.04,3139.817,Medium Value
17033,14-09-2011 14:34,07-11-2010 12:55,4,1332.79,871,86,311,333.1975,1371.3333,Medium Value
17034,23-11-2011 15:14,14-07-2010 12:55,5,1276.42,694,16,497,255.284,1272.5651,Medium Value
17035,08-04-2011 11:23,03-12-2009 10:37,4,613.59,327,246,491,153.3975,615.9306,Low Value
17036,21-11-2010 14:26,21-11-2010 14:26,1,176.9,76,383,0,176.9,191.44595,Low Value
17037,13-09-2011 12:49,13-09-2011 12:49,1,1267.32,656,88,0,1267.32,1335.3169,Medium Value
17038,09-11-2011 13:50,20-10-2010 16:04,2,743.17,535,30,384,371.585,826.18884,Low Value
17039,14-04-2010 12:56,14-04-2010 12:56,1,1954.99,689,604,0,1954.99,1729.553,Medium Value
17040,25-07-2011 10:19,07-06-2010 15:08,2,463.25,189,138,412,231.625,381.65845,Low Value
17041,13-11-2011 11:21,18-04-2010 14:25,6,1655.2,1303,27,573,275.8666667,1769.8855,Medium Value
17042,07-12-2011 12:26,06-04-2011 14:53,5,1036.58,990,3,244,207.316,1187.4446,Medium Value
17043,07-11-2011 15:33,09-12-2009 15:20,8,2593.65,1616,32,698,324.20625,2753.9414,Medium Value
17044,14-11-2011 14:28,07-12-2009 12:25,12,11962.3,5722,25,707,996.8583333,11968.506,High Value
17045,18-08-2011 17:09,06-10-2010 14:52,5,827.68,294,113,316,165.536,760.5741,Low Value
17046,05-07-2011 14:24,29-03-2010 13:46,5,1906.07,1636,157,463,381.214,2070.0037,Medium Value
17047,15-09-2011 13:27,08-12-2009 08:48,6,2289.23,1184,85,646,381.5383333,2296.836,Medium Value
17048,14-08-2011 11:49,18-01-2010 13:55,7,2071.68,1068,118,572,295.9542857,1921.2269,Medium Value
17049,07-12-2011 10:48,04-03-2010 10:23,19,9942.53,4273,3,643,523.2910526,9597.767,High Value
17050,04-09-2011 13:48,26-01-2010 14:54,11,4648.59,2432,96,585,422.5990909,4569.811,Medium Value
17051,29-05-2011 14:13,21-03-2010 14:55,4,706.49,507,194,433,176.6225,772.2824,Low Value
17052,11-11-2011 14:50,11-11-2011 14:50,1,399.09,251,28,0,399.09,404.63403,Low Value
17053,01-08-2011 10:23,01-08-2011 10:23,1,498.48,122,131,0,498.48,486.949,Low Value
17054,11-11-2011 12:56,08-04-2011 13:14,5,1356.33,804,28,216,271.266,1360.258,Medium Value
17055,20-09-2010 12:21,20-09-2010 12:21,1,232.85,83,446,0,232.85,244.20036,Low Value
17056,01-12-2009 12:55,01-12-2009 12:55,1,128.6,26,738,0,128.6,125.89756,Low Value
17057,22-04-2010 19:21,22-04-2010 19:21,1,294.74,129,596,0,294.74,313.40213,Low Value
17058,19-09-2011 10:13,14-04-2011 09:18,3,1179.89,592,82,158,393.2966667,1091.8683,Medium Value
17059,10-11-2011 12:27,26-01-2010 14:43,9,4864.57,3107,30,652,540.5077778,5037.09,Medium Value
17060,18-03-2011 13:27,18-03-2011 13:27,1,234.24,216,266,0,234.24,244.20036,Low Value
17061,27-09-2011 11:24,21-04-2011 13:29,11,5232.23,1526,74,158,475.6572727,4843.159,Medium Value
17062,30-01-2011 11:01,26-09-2010 11:57,6,889.75,644,314,125,148.2916667,1128.6238,Medium Value
17063,18-11-2011 16:19,01-12-2009 12:36,13,3638.53,1899,21,717,279.8869231,3791.8882,Medium Value
17064,12-10-2011 10:18,16-01-2011 16:10,3,855.45,316,59,268,285.15,774.4449,Low Value
17065,12-03-2010 11:41,12-03-2010 11:40,2,194.7,82,638,0,97.35,180.48112,Low Value
17066,13-12-2009 13:24,13-12-2009 13:24,1,228.34,93,726,0,228.34,244.20036,Low Value
17067,15-12-2009 08:39,08-12-2009 12:03,3,454.54,322,725,6,151.5133333,500.7741,Low Value
17068,27-11-2011 13:14,28-03-2010 14:26,47,8987.68,4351,12,608,191.227234,8439.023,High Value
17069,11-11-2011 17:13,03-12-2009 12:27,14,5517.23,3230,28,708,394.0878571,5736.904,High Value
17070,17-08-2011 17:01,25-10-2010 15:57,2,437.42,232,114,296,218.71,371.92322,Low Value
17071,11-11-2011 16:31,24-01-2010 13:05,13,3793.71,1934,28,656,291.8238462,3859.8938,Medium Value
17072,24-03-2010 16:33,24-03-2010 16:33,1,273.35,212,625,0,273.35,319.02124,Low Value
17073,22-11-2011 11:47,22-08-2011 14:37,4,1446.09,759,18,91,361.5225,1373.0448,Medium Value
17074,26-05-2010 12:04,26-05-2010 12:04,1,203.05,19,563,0,203.05,213.2137,Low Value
17075,22-11-2011 11:58,14-12-2009 11:24,10,2236.63,785,18,708,223.663,1983.611,Medium Value
17076,03-11-2011 17:53,04-12-2009 12:12,6,1242.75,514,36,699,207.125,1189.0631,Medium Value
17077,10-05-2010 16:36,10-05-2010 16:36,1,306,36,578,0,306,309.68695,Low Value
17078,03-11-2011 19:17,03-11-2011 18:49,2,378.2,788,36,0,189.1,630.97034,Low Value
17079,22-09-2011 15:34,22-09-2011 15:34,1,118.8,24,78,0,118.8,110.33144,Low Value
17080,17-11-2011 12:59,01-07-2010 16:03,7,957.53,569,22,503,136.79,1001.16437,Medium Value
17081,14-11-2011 12:56,22-02-2010 13:19,6,949.39,381,25,629,158.2316667,883.52563,Medium Value
17082,06-11-2011 15:17,15-12-2009 11:25,6,4732.03,2526,33,691,788.6716667,4426.876,Medium Value
17083,22-08-2011 15:43,09-02-2010 11:46,9,4049.79,1955,109,559,449.9766667,3881.566,Medium Value
17084,04-11-2011 14:54,08-11-2010 14:20,3,5001.21,3178,35,361,1667.07,4650.5386,Medium Value
17085,08-08-2011 14:15,06-12-2009 12:16,28,7847.67,3583,123,610,280.2739286,7536.005,High Value
17086,02-12-2011 13:54,07-10-2011 11:22,6,2050.08,1859,7,56,341.68,2182.1765,Medium Value
17087,02-12-2009 10:41,02-12-2009 10:41,1,221.53,113,738,0,221.53,234.4651,Low Value
17088,11-11-2011 14:23,31-03-2011 09:48,4,1991.01,868,28,225,497.7525,1861.6407,Medium Value
17089,18-11-2010 15:33,18-11-2010 15:33,1,128.45,35,386,0,128.45,117.10804,Low Value
17090,05-12-2011 13:44,19-07-2010 16:02,13,3080.18,1344,4,503,236.9369231,2933.2588,Medium Value
17091,07-12-2011 10:43,16-12-2009 15:45,19,7495.75,3732,3,720,394.5131579,7751.1143,High Value
17092,20-10-2011 19:51,02-02-2010 16:42,11,5511.41,3768,50,625,501.0372727,5692.2476,High Value
17093,26-04-2010 10:22,26-04-2010 10:22,1,235.88,114,593,0,235.88,244.20036,Low Value
17094,21-01-2011 13:09,12-10-2010 10:48,2,402.2,212,322,101,201.1,326.33203,Low Value
17095,17-11-2011 12:21,15-12-2009 12:32,7,2572.25,1695,23,701,367.4642857,2682.3364,Medium Value
17096,24-11-2011 15:01,02-06-2010 14:48,11,3697.93,1559,15,540,336.1754545,3538.8289,Medium Value
17097,07-12-2011 17:05,05-10-2010 14:09,9,1143.36,582,2,428,127.04,1185.6929,Medium Value
17098,23-11-2010 12:13,17-06-2010 10:30,3,591.07,125,382,159,197.0233333,459.32495,Low Value
17099,24-06-2010 16:25,24-06-2010 16:25,1,582.17,317,533,0,582.17,665.91266,Low Value
17100,21-11-2011 16:36,21-11-2011 16:36,2,971.74,800,18,0,485.87,1058.8832,Medium Value
17101,29-11-2011 13:57,07-06-2010 15:12,7,2507.05,1175,10,539,358.15,2454.1143,Medium Value
17102,23-03-2011 10:08,23-03-2011 10:08,1,25.5,2,262,0,25.5,63.282875,Low Value
17103,17-12-2009 14:08,17-12-2009 14:08,1,424.3,471,722,0,424.3,539.229,Low Value
17104,12-10-2010 12:21,12-10-2010 12:21,1,474.03,149,424,0,474.03,418.74536,Low Value
17105,03-07-2011 15:53,06-02-2011 14:46,2,665.78,693,159,147,332.89,792.05066,Low Value
17106,15-11-2010 14:11,15-11-2010 14:11,1,481.58,153,389,0,481.58,486.949,Low Value
17107,06-11-2011 14:14,31-01-2010 15:47,10,16052.72,7530,33,643,1605.272,16139.993,High Value
17108,14-02-2010 12:22,14-02-2010 12:22,1,174.95,31,664,0,174.95,173.79178,Low Value
17109,10-11-2011 16:59,30-07-2010 12:42,8,1291.71,788,29,468,161.46375,1348.8794,Medium Value
17110,27-06-2011 12:58,08-04-2010 13:32,3,499.9,136,165,444,166.6333333,423.25418,Low Value
17111,23-10-2011 15:59,10-10-2010 15:21,2,459.58,581,47,378,229.79,626.0434,Low Value
17112,25-07-2010 11:14,25-07-2010 11:14,1,197.57,130,503,0,197.57,188.87389,Low Value
17113,14-05-2010 13:59,11-01-2010 10:14,6,2305.59,913,574,123,384.265,2248.3083,Medium Value
17114,04-12-2011 12:17,09-01-2011 11:39,8,801.12,215,6,329,100.14,731.1097,Low Value
17115,01-12-2011 14:30,05-12-2009 12:13,7,2761.49,885,8,726,394.4985714,2607.8071,Medium Value
17116,01-03-2010 16:29,01-03-2010 16:29,1,389.78,392,648,0,389.78,440.69495,Low Value
17117,24-02-2011 13:54,24-02-2011 13:54,1,116.2,68,288,0,116.2,110.33144,Low Value
17118,26-01-2011 12:19,26-01-2011 12:19,1,157.02,154,318,0,157.02,158.05597,Low Value
17119,06-12-2011 14:40,11-10-2011 11:03,2,606.91,334,3,56,303.455,620.48114,Low Value
17120,20-04-2011 15:21,20-04-2011 15:21,1,307.46,120,233,0,307.46,309.68695,Low Value
17121,02-11-2010 11:47,02-11-2010 11:47,1,314.74,106,403,0,314.74,309.68695,Low Value
17122,12-08-2011 14:33,28-07-2010 09:34,4,570.5,368,119,380,142.625,597.1127,Low Value
17123,01-07-2011 10:47,16-05-2010 11:52,3,977.17,676,162,410,325.7233333,1038.5952,Medium Value
17124,07-06-2011 14:02,07-06-2011 14:02,1,294.24,129,185,0,294.24,313.40213,Low Value
17125,20-10-2011 14:41,20-10-2011 14:41,1,230.5,281,50,0,230.5,279.1136,Low Value
17126,10-07-2011 13:52,31-08-2010 13:41,9,2016.43,1426,152,313,224.0477778,2170.9854,Medium Value
17127,07-10-2010 09:54,04-12-2009 15:18,5,1155.03,340,429,306,231.006,983.58044,Medium Value
17128,09-01-2011 12:02,09-01-2011 12:02,1,157.09,76,335,0,157.09,158.05597,Low Value
17129,07-07-2010 13:46,07-07-2010 13:46,1,31.85,5,520,0,31.85,63.282875,Low Value
17131,04-12-2011 12:52,25-09-2011 12:42,5,2463.17,983,5,70,492.634,2325.3474,Medium Value
17132,13-09-2010 16:31,08-08-2010 13:49,2,1220.91,963,452,36,610.455,1379.4513,Medium Value
17133,24-11-2011 12:27,21-03-2010 12:31,12,14622.33,10107,16,612,1218.5275,15758.078,High Value
17134,25-08-2011 09:53,23-09-2010 18:32,3,625.3,144,107,335,208.4333333,483.66473,Low Value
17135,23-11-2011 16:48,09-05-2010 16:03,10,1722.18,1686,16,563,172.218,1802.3505,Medium Value
17136,15-02-2010 13:13,15-02-2010 13:13,1,231.68,256,662,0,231.68,279.1136,Low Value
17137,19-10-2010 14:51,31-01-2010 12:27,6,1099.81,680,416,261,183.3016667,1239.1262,Medium Value
17138,09-03-2011 11:54,04-02-2010 14:19,7,4417.27,2024,276,397,631.0385714,4004.0886,Medium Value
17139,24-11-2011 10:12,11-01-2010 11:31,25,19566.76,9853,16,681,782.6704,19153.502,High Value
17140,06-04-2011 13:33,06-04-2011 13:33,1,454.12,296,247,0,454.12,451.84476,Low Value
17141,17-10-2010 14:54,24-01-2010 14:19,4,727.58,423,418,266,181.895,759.1219,Low Value
17142,14-04-2011 18:22,24-01-2010 15:23,4,1275.25,322,239,445,318.8125,998.5429,Medium Value
17143,18-10-2010 15:27,12-07-2010 13:26,2,880.97,314,417,98,440.485,802.3109,Low Value
17144,08-12-2011 17:57,16-09-2011 12:50,2,984.57,483,1,83,492.285,955.4068,Medium Value
17145,15-07-2010 09:02,19-02-2010 12:07,4,3120.91,2591,513,145,780.2275,3587.594,Medium Value
17146,26-08-2011 12:44,02-02-2010 09:39,13,5852.64,2188,106,570,450.2030769,5443.9775,High Value
17147,17-11-2011 12:32,11-01-2010 09:38,9,3199.95,1308,23,675,355.55,3090.0554,Medium Value
17148,19-10-2011 09:59,19-10-2011 09:59,1,124.88,82,52,0,124.88,110.33144,Low Value
17149,14-09-2010 14:56,14-09-2010 14:56,1,143.1,18,451,0,143.1,138.89738,Low Value
17150,28-11-2010 11:27,06-12-2009 10:51,6,1357.95,397,377,357,226.325,1136.2504,Medium Value
17151,04-12-2009 14:56,04-12-2009 14:56,1,231.9,42,735,0,231.9,244.20036,Low Value
17152,29-05-2011 12:19,10-10-2010 12:40,4,2016.5,577,195,230,504.125,1691.8376,Medium Value
17153,15-11-2011 13:42,15-11-2011 13:42,1,213.78,104,24,0,213.78,234.4651,Low Value
17154,25-09-2011 13:42,25-09-2011 13:42,1,329.34,490,75,0,329.34,449.56055,Low Value
17155,22-11-2011 12:38,03-12-2009 11:34,7,892.46,987,18,719,127.4942857,1252.3943,Medium Value
17156,05-08-2010 11:30,05-08-2010 11:30,1,591.87,391,492,0,591.87,658.4448,Low Value
17157,02-12-2011 09:10,04-12-2009 13:00,19,5151.9,2092,8,727,271.1526316,4639.2456,Medium Value
17158,07-11-2011 15:15,07-03-2010 15:50,5,1980,1147,32,609,396,1961.3568,Medium Value
17159,18-11-2011 10:52,04-03-2010 14:53,5,2099.59,1348,22,623,419.918,2057.5315,Medium Value
17160,08-11-2011 14:05,04-12-2009 10:57,17,10209.16,8390,31,704,600.5388235,10336.086,High Value
17161,21-09-2010 16:44,21-09-2010 16:44,1,856.01,537,444,0,856.01,928.3553,Medium Value
17162,11-11-2011 11:34,07-02-2011 12:27,10,1715.46,1001,29,276,171.546,1664.8666,Medium Value
17163,18-11-2011 08:57,02-02-2010 10:39,4,699.78,531,22,653,174.945,819.99615,Low Value
17164,07-11-2011 09:14,11-03-2011 14:26,7,2467.35,1501,33,240,352.4785714,2362.9075,Medium Value
17165,28-02-2011 16:39,11-12-2009 09:18,6,1794.32,788,284,444,299.0533333,1701.3763,Medium Value
17166,01-11-2011 09:46,20-05-2011 08:18,2,206.34,78,39,165,103.17,208.0816,Low Value
17167,25-11-2010 10:05,20-09-2010 14:02,3,867.11,429,380,65,289.0366667,829.9682,Low Value
17168,29-07-2010 12:33,29-07-2010 12:33,1,400.2,220,499,0,400.2,369.72076,Low Value
17169,13-10-2011 10:25,10-05-2010 13:00,3,1156.73,671,58,520,385.5766667,1135.9688,Medium Value
17170,30-11-2010 15:55,15-11-2010 16:23,2,178.68,152,374,14,89.34,201.52905,Low Value
17171,23-02-2011 16:37,16-02-2010 12:02,2,384.59,225,289,372,192.295,326.33203,Low Value
17172,22-09-2011 09:36,13-12-2009 11:46,3,956.57,1215,79,647,318.8566667,1186.5308,Medium Value
17173,04-12-2011 14:40,31-07-2011 15:26,8,3766.6,1122,5,125,470.825,3249.3694,Medium Value
17174,06-05-2011 11:47,06-05-2011 11:47,1,59.9,41,218,0,59.9,70.265274,Low Value
17175,26-10-2011 15:31,16-02-2011 14:56,4,1443.69,866,44,252,360.9225,1432.5671,Medium Value
17176,22-05-2011 12:41,31-01-2010 15:49,3,902.32,576,202,475,300.7733333,894.7759,Medium Value
17177,22-07-2010 14:53,22-07-2010 14:53,1,119.5,40,505,0,119.5,110.33144,Low Value
17178,08-12-2009 16:20,08-12-2009 16:20,1,432.96,100,731,0,432.96,415.72037,Low Value
17179,14-06-2011 16:48,26-05-2010 11:22,6,1507.26,625,178,384,251.21,1476.3123,Medium Value
17180,14-10-2011 15:46,21-01-2010 17:43,11,2236.77,1809,56,630,203.3427273,2310.5232,Medium Value
17181,13-10-2011 14:48,23-04-2010 11:21,3,309.85,268,57,538,103.2833333,362.73083,Low Value
17182,13-10-2010 10:09,21-12-2009 15:22,2,321.3,54,423,295,160.65,283.94366,Low Value
17183,02-12-2011 10:07,26-08-2011 15:25,6,3347.31,1296,8,97,557.885,3018.2244,Medium Value
17184,19-05-2010 14:24,09-12-2009 14:17,2,198.41,73,569,161,99.205,208.0816,Low Value
17185,27-04-2010 12:15,20-04-2010 13:49,3,229.46,119,592,6,76.48666667,281.26886,Low Value
17186,24-10-2011 10:20,10-10-2011 12:52,2,144,200,47,13,72,186.9454,Low Value
17187,27-04-2011 12:39,01-07-2010 14:38,2,467.71,426,227,299,233.855,577.43005,Low Value
17188,28-11-2011 13:53,08-12-2009 19:16,13,4592.93,2569,11,719,353.3023077,4626.94,Medium Value
17189,25-08-2011 19:39,02-12-2009 11:45,5,953.63,601,106,631,190.726,1012.9894,Medium Value
17190,12-10-2011 11:33,05-03-2010 13:21,7,1726.57,2218,59,585,246.6528571,1998.2102,Medium Value
17191,11-11-2011 16:58,01-12-2009 16:34,15,4310.34,2208,28,710,287.356,4246.308,Medium Value
17192,21-06-2010 16:07,21-06-2010 16:07,1,75.28,45,536,0,75.28,74.583725,Low Value
17193,04-11-2011 12:47,02-12-2009 10:02,9,2310.04,1668,36,702,256.6711111,2450.7427,Medium Value
17194,11-03-2011 12:05,27-06-2010 13:16,3,812.5,420,274,256,270.8333333,806.9095,Low Value
17195,22-02-2010 13:05,22-02-2010 13:05,1,562.98,486,655,0,562.98,694.8914,Low Value
17196,08-10-2010 11:31,08-10-2010 11:31,1,327.75,154,428,0,327.75,323.5174,Low Value
17197,10-11-2011 10:32,10-11-2011 10:32,1,1013.01,191,30,0,1013.01,870.15466,Low Value
17198,16-11-2011 10:39,03-12-2010 14:54,3,692.22,357,24,347,230.74,654.8996,Low Value
17199,06-05-2010 13:53,06-05-2010 13:53,1,135.04,232,582,0,135.04,127.68856,Low Value
17200,17-11-2010 13:04,25-02-2010 13:23,4,356.71,367,387,264,89.1775,498.0202,Low Value
17201,17-10-2011 11:55,10-02-2010 12:26,4,1143.1,1004,54,613,285.775,1270.2484,Medium Value
17202,15-10-2010 11:25,15-10-2010 11:25,1,160.65,55,421,0,160.65,158.05597,Low Value
17203,04-11-2011 12:27,16-11-2010 12:52,10,5564.09,4597,36,352,556.409,5789.225,High Value
17204,17-06-2011 14:46,10-06-2010 11:37,9,5504.69,2651,175,372,611.6322222,5380.457,Medium Value
17205,17-10-2011 12:46,24-05-2010 15:36,3,999.35,2214,54,510,333.1166667,1506.0508,Medium Value
17206,17-10-2011 13:25,17-10-2011 13:25,1,204.24,76,53,0,204.24,213.2137,Low Value
17207,25-02-2010 19:08,25-02-2010 19:08,1,292.62,233,652,0,292.62,313.40213,Low Value
17208,09-11-2010 12:50,09-11-2010 12:50,1,111.15,101,396,0,111.15,103.77736,Low Value
17209,28-02-2010 16:01,03-12-2009 11:10,3,595.7,723,649,87,198.5666667,789.9697,Low Value
17210,12-11-2010 12:15,12-11-2010 12:15,1,251.72,242,393,0,251.72,330.755,Low Value
17211,13-11-2011 12:03,13-12-2009 13:17,13,3773.35,2141,27,699,290.2576923,3900.0415,Medium Value
17212,31-03-2011 19:42,10-08-2010 09:22,3,794.41,727,253,233,264.8033333,918.18933,Medium Value
17213,30-10-2011 14:53,15-12-2009 10:28,13,4869.4,2087,40,684,374.5692308,4683.925,Medium Value
17214,10-10-2011 13:17,15-12-2010 15:14,6,1059.12,272,60,298,176.52,835.7742,Low Value
17215,01-09-2010 13:39,01-09-2010 13:39,1,186.15,104,464,0,186.15,188.87389,Low Value
17216,03-06-2010 13:03,03-06-2010 13:03,1,63.6,21,554,0,63.6,70.265274,Low Value
17217,19-04-2011 17:19,30-03-2010 13:35,2,210.1,93,234,385,105.05,215.91003,Low Value
17218,05-12-2011 13:52,25-01-2010 16:12,18,3891.39,2066,4,678,216.1883333,3693.0403,Medium Value
17219,08-11-2011 11:25,19-10-2010 11:29,2,259.13,188,32,384,129.565,251.78535,Low Value
17220,15-11-2011 13:47,20-01-2010 11:57,21,4457.31,2663,24,664,212.2528571,4980.155,Medium Value
17221,02-12-2011 13:35,11-04-2010 15:34,5,976.62,713,7,599,195.324,1119.3303,Medium Value
17222,05-10-2011 13:58,10-01-2010 15:24,6,1579.51,857,65,632,263.2516667,1566.2443,Medium Value
17223,02-02-2011 15:57,29-11-2010 17:19,3,558.04,155,310,64,186.0133333,459.32495,Low Value
17224,26-07-2010 13:30,26-07-2010 13:30,1,100.86,65,501,0,100.86,89.24505,Low Value
17225,07-05-2010 11:38,07-05-2010 11:38,1,131.15,36,582,0,131.15,125.89756,Low Value
17226,04-02-2011 11:52,12-02-2010 14:31,3,895.47,853,309,356,298.49,1010.7226,Medium Value
17227,21-11-2011 10:51,15-01-2010 15:05,12,1878.93,1681,19,674,156.5775,2169.2405,Medium Value
17228,24-11-2011 10:24,12-03-2010 11:54,13,2820.03,2354,16,621,216.9253846,2935.7847,Medium Value
17229,04-09-2011 13:56,20-07-2011 12:38,2,318.76,185,96,46,159.38,283.94366,Low Value
17230,20-03-2011 16:12,08-12-2009 13:41,18,9388.49,3753,264,467,521.5827778,8668.674,High Value
17231,27-11-2011 15:18,07-12-2009 16:38,25,7064.8,3681,12,719,282.592,7018.4995,High Value
17232,07-12-2011 12:21,25-11-2011 12:24,2,417.77,202,3,11,208.885,350.6718,Low Value
17233,04-11-2011 14:06,15-12-2009 12:03,3,560.86,298,35,689,186.9533333,544.7664,Low Value
17234,10-06-2011 11:20,10-06-2011 11:20,1,149.89,55,183,0,149.89,157.71541,Low Value
17235,14-11-2011 15:51,04-06-2010 17:01,8,1562.98,845,25,527,195.3725,1558.3229,Medium Value
17236,27-11-2011 12:00,07-03-2010 13:00,12,1929.26,804,13,629,160.7716667,1776.47,Medium Value
17237,28-11-2011 15:02,23-11-2010 11:45,4,994.13,414,11,370,248.5325,936.9103,Medium Value
17238,07-12-2011 11:35,01-12-2009 10:59,32,7331.67,3555,3,736,229.1146875,7414.1016,High Value
17239,31-01-2011 09:41,01-07-2010 10:53,4,1189.45,515,313,213,297.3625,1130.676,Medium Value
17240,22-04-2010 15:44,22-04-2010 15:44,1,130.6,108,596,0,130.6,125.89756,Low Value
17241,19-11-2010 13:01,15-02-2010 14:47,12,2736.64,859,385,276,228.0533333,2493.3154,Medium Value
17242,23-08-2011 14:55,24-01-2010 10:27,5,2889.28,1459,108,576,577.856,2852.4702,Medium Value
17243,08-12-2011 13:26,01-12-2009 15:36,69,20203.58,7932,1,736,292.8055072,20245.277,High Value
17244,17-10-2011 15:19,06-12-2009 11:27,5,1826.04,1419,53,680,365.208,1857.4633,Medium Value
17245,19-05-2011 10:43,19-01-2010 15:39,2,371.63,307,205,484,185.815,466.58035,Low Value
17246,11-06-2010 12:36,01-12-2009 17:45,2,38.92,36,547,191,19.46,169.66547,Low Value
17247,24-11-2011 15:21,24-11-2011 15:21,1,280.09,105,15,0,280.09,319.02124,Low Value
17248,11-08-2011 13:34,15-08-2010 11:55,2,500.54,276,120,361,250.27,468.21313,Low Value
17249,07-10-2010 11:33,07-10-2010 11:33,1,68.03,79,429,0,68.03,70.265274,Low Value
17250,06-12-2011 12:15,23-03-2011 16:45,2,381.97,167,4,257,190.985,326.33203,Low Value
17251,12-12-2010 11:06,15-12-2009 10:36,3,798.98,377,363,362,266.3266667,746.8531,Low Value
17252,15-08-2011 09:45,06-06-2011 16:41,2,348.91,192,117,69,174.455,305.99704,Low Value
17253,21-11-2011 12:59,21-11-2011 12:59,1,178.26,43,18,0,178.26,191.44595,Low Value
17254,05-12-2011 12:46,03-11-2010 14:00,3,469.48,397,5,396,156.4933333,538.79443,Low Value
17255,30-10-2011 12:18,19-09-2010 15:53,4,781.7,583,41,405,195.425,850.03064,Low Value
17256,24-08-2011 13:30,18-04-2010 13:40,5,498.93,299,107,492,99.786,602.85944,Low Value
17257,29-09-2010 12:51,29-09-2010 12:49,2,189.78,187,436,0,94.89,180.48112,Low Value
17258,08-11-2010 12:37,12-02-2010 15:51,2,417.3,188,397,268,208.65,350.6718,Low Value
17259,14-07-2011 15:01,22-02-2010 13:38,6,1452.39,844,148,507,242.065,1461.8806,Medium Value
17260,24-10-2010 13:21,24-10-2010 13:21,1,120.95,23,411,0,120.95,110.33144,Low Value
17261,18-07-2010 11:49,18-07-2010 11:49,1,221.59,95,510,0,221.59,234.4651,Low Value
17262,18-10-2011 12:56,15-12-2009 11:26,11,2488.76,635,52,672,226.2509091,2132.1956,Medium Value
17263,15-05-2011 14:32,15-05-2011 14:32,1,63.44,36,208,0,63.44,70.265274,Low Value
17264,11-10-2010 12:52,11-10-2010 12:52,1,268.28,217,424,0,268.28,319.02124,Low Value
17265,24-07-2011 10:49,12-06-2011 12:00,2,550.01,389,139,41,275.005,606.4716,Low Value
17266,07-12-2011 14:12,09-03-2010 10:42,5,501.72,243,2,638,100.344,580.8011,Low Value
17267,04-08-2011 17:22,04-08-2011 17:19,2,317.2,158,127,0,158.6,256.34326,Low Value
17268,24-08-2011 10:06,08-12-2009 11:46,11,1733.89,1395,108,623,157.6263636,2021.2969,Medium Value
17269,19-11-2010 11:12,19-11-2010 11:12,1,491.81,314,386,0,491.81,565.3909,Low Value
17270,27-08-2010 14:09,07-12-2009 17:18,2,601.45,420,469,262,300.725,664.4154,Low Value
17271,03-12-2009 13:49,03-12-2009 13:49,1,204.3,113,736,0,204.3,213.2137,Low Value
17272,28-10-2011 16:37,22-03-2011 12:05,4,2148.63,1778,42,220,537.1575,2410.1184,Medium Value
17273,11-10-2010 15:57,11-10-2010 15:57,1,141.12,133,424,0,141.12,138.89738,Low Value
17274,04-11-2011 13:16,09-11-2010 12:06,2,573.22,271,35,360,286.61,514.97864,Low Value
17275,21-11-2010 13:26,21-11-2010 13:26,1,114.1,71,383,0,114.1,110.33144,Low Value
17276,02-11-2010 16:20,02-11-2010 16:20,1,502.49,187,402,0,502.49,486.949,Low Value
17277,26-04-2011 12:47,21-01-2011 12:37,2,1065.35,430,228,95,532.675,992.3564,Medium Value
17278,12-04-2011 13:10,23-05-2010 13:49,2,271.24,195,241,323,135.62,253.57635,Low Value
17279,13-10-2011 11:58,13-10-2011 11:58,1,187.83,48,58,0,187.83,188.87389,Low Value
17280,27-09-2010 16:46,27-09-2010 16:46,1,118.86,74,438,0,118.86,110.33144,Low Value
17281,30-11-2010 18:05,04-02-2010 13:00,6,797.85,295,374,299,132.975,778.16187,Low Value
17282,01-08-2011 14:29,09-06-2010 12:07,5,2308.54,2332,130,418,461.708,2704.8713,Medium Value
17283,26-11-2010 11:53,26-11-2010 11:53,1,188.46,179,379,0,188.46,188.87389,Low Value
17284,10-10-2011 14:38,20-09-2010 16:18,8,2788.06,2069,60,384,348.5075,2944.5251,Medium Value
17285,21-03-2010 13:38,14-02-2010 14:10,2,407.94,134,628,34,203.97,350.6718,Low Value
17286,18-11-2011 12:47,04-11-2010 13:43,3,389.18,368,22,378,129.7266667,499.29144,Low Value
17287,13-11-2011 13:27,03-12-2009 12:45,21,3826.86,1955,26,710,182.2314286,4021.5215,Medium Value
17288,30-11-2011 16:09,10-11-2010 14:44,11,2468.43,1699,9,385,224.4027273,2680.766,Medium Value
17289,08-11-2011 12:01,08-03-2010 12:52,9,2041.8,1237,32,609,226.8666667,2167.3755,Medium Value
17290,06-12-2011 12:38,13-12-2009 13:28,8,1487.96,1139,4,722,185.995,1585.8467,Medium Value
17291,04-02-2011 13:04,04-02-2011 13:04,1,550.8,72,308,0,550.8,484.40573,Low Value
17292,24-08-2010 17:14,09-05-2010 14:52,2,271.75,131,472,107,135.875,253.57635,Low Value
17293,01-12-2011 14:37,03-12-2009 15:09,17,3750.63,2228,8,727,220.6252941,3895.7253,Medium Value
17294,08-02-2010 16:12,08-02-2010 14:21,2,467.79,297,669,0,233.895,439.49957,Low Value
17295,11-11-2011 10:49,06-10-2011 12:22,3,547,293,29,35,182.3333333,544.7664,Low Value
17296,09-12-2009 14:01,09-12-2009 14:01,1,338.13,216,730,0,338.13,350.98447,Low Value
17297,22-11-2011 14:43,22-11-2011 14:43,1,128.18,65,17,0,128.18,117.10804,Low Value
17298,30-08-2011 16:43,08-03-2010 08:56,5,954.26,852,101,540,190.852,1173.4462,Medium Value
17299,28-11-2011 12:01,15-08-2010 16:00,6,993.23,919,12,469,165.5383333,1222.7876,Medium Value
17300,14-11-2010 10:56,15-08-2010 11:02,2,393.64,467,391,90,196.82,547.7343,Low Value
17301,18-11-2011 13:43,25-03-2010 13:16,2,294.39,216,21,603,147.195,264.7851,Low Value
17302,25-11-2011 09:36,07-02-2011 10:14,5,1135.63,575,15,290,227.126,1126.2335,Medium Value
17303,13-12-2010 13:32,13-12-2010 13:32,1,250.04,144,361,0,250.04,295.84167,Low Value
17304,23-06-2010 16:23,23-06-2010 16:23,1,111.5,73,534,0,111.5,103.77736,Low Value
17305,01-03-2010 12:47,01-03-2010 12:47,1,2135.46,1006,649,0,2135.46,1966.2472,Medium Value
17306,29-11-2011 12:14,01-11-2010 11:38,21,9782.35,13747,11,393,465.8261905,9606.335,High Value
17307,09-11-2010 13:40,19-01-2010 16:38,11,3999.89,3667,395,293,363.6263636,4152.053,Medium Value
17308,11-11-2010 13:19,13-09-2010 09:35,2,4511.76,5148,393,59,2255.88,4532.8853,Medium Value
17309,05-09-2011 15:20,04-02-2010 15:49,3,320.39,181,95,577,106.7966667,344.41183,Low Value
17310,17-11-2010 16:00,23-06-2010 11:38,2,1025.1,402,387,147,512.55,937.6385,Medium Value
17311,22-09-2011 14:11,03-02-2010 12:38,6,3566.56,2755,78,596,594.4266667,4015.279,Medium Value
17312,24-07-2011 11:52,03-07-2011 13:12,3,644.3,372,139,20,214.7666667,645.16437,Low Value
17313,08-11-2011 15:45,08-11-2011 15:45,1,2328.84,1402,31,0,2328.84,2337.622,Medium Value
17314,15-11-2011 09:41,03-12-2009 11:25,17,4904.43,3663,25,711,288.4958824,5210.722,Medium Value
17315,08-12-2011 12:15,27-09-2010 12:45,43,9599.58,5088,2,436,223.2460465,9472.599,High Value
17316,15-10-2010 14:35,15-10-2010 14:35,1,124.45,44,420,0,124.45,110.33144,Low Value
17317,24-10-2011 17:19,11-09-2011 12:45,3,2600.34,1146,46,43,866.78,2262.0454,Medium Value
17318,14-12-2009 13:11,14-12-2009 13:11,1,157.33,59,725,0,157.33,158.05597,Low Value
17319,08-02-2010 15:47,08-02-2010 15:47,1,29.1,14,669,0,29.1,63.282875,Low Value
17320,31-08-2011 13:31,21-01-2010 16:29,6,2444.85,1182,100,586,407.475,2377.9905,Medium Value
17321,01-12-2011 13:41,11-05-2010 12:10,6,1665.21,790,8,569,277.535,1578.3456,Medium Value
17322,28-11-2010 14:41,03-12-2009 11:46,5,922.59,631,376,360,184.518,1119.3303,Medium Value
17323,24-11-2011 17:29,10-01-2010 11:58,12,1551.04,1426,15,683,129.2533333,2114.1365,Medium Value
17324,22-11-2011 10:34,18-12-2009 15:29,12,2171.07,1485,18,703,180.9225,2301.4182,Medium Value
17325,04-03-2011 13:09,08-03-2010 11:31,3,609.57,465,280,361,203.19,705.067,Low Value
17326,27-10-2010 15:38,28-06-2010 14:05,2,312.35,136,408,121,156.175,283.94366,Low Value
17327,26-10-2010 09:54,26-05-2010 11:20,2,152.35,59,410,152,76.175,178.0624,Low Value
17328,04-02-2010 17:11,04-02-2010 17:11,1,104.7,86,673,0,104.7,90.02224,Low Value
17329,25-11-2011 14:24,03-12-2009 16:09,5,998.53,430,14,721,199.706,912.957,Medium Value
17330,17-11-2011 08:56,02-03-2010 09:20,4,423.8,122,23,624,105.95,419.26477,Low Value
17331,08-08-2011 11:55,08-08-2011 11:55,1,175.2,16,124,0,175.2,173.79178,Low Value
17332,29-06-2010 16:10,21-02-2010 14:41,5,838.27,794,528,128,167.654,1051.3855,Medium Value
17333,15-09-2011 10:11,15-09-2011 10:11,1,494.25,375,86,0,494.25,557.9231,Low Value
17334,10-02-2011 14:59,29-10-2010 12:16,3,635.15,566,302,104,211.7166667,765.8936,Low Value
17335,21-11-2010 10:17,24-01-2010 11:15,2,497.04,210,384,300,248.52,433.2998,Low Value
17336,24-08-2010 15:37,24-08-2010 15:37,1,81.12,48,472,0,81.12,78.87771,Low Value
17337,11-07-2011 14:55,02-02-2011 17:06,4,1981.06,1247,151,158,495.265,1995.9957,Medium Value
17338,22-11-2011 14:23,10-03-2010 16:09,17,11889.33,5780,17,621,699.3723529,11464.632,High Value
17339,06-09-2011 13:29,18-07-2010 13:08,3,302.36,172,94,415,100.7866667,327.8175,Low Value
17340,10-11-2011 10:45,14-02-2010 14:54,18,19617.95,9497,30,633,1089.886111,18570.822,High Value
17341,06-07-2011 12:33,17-06-2010 18:17,5,1272.21,831,157,383,254.442,1313.3467,Medium Value
17342,25-11-2010 11:07,08-02-2010 09:16,4,1227.54,521,380,290,306.885,1114.6272,Medium Value
17343,19-12-2010 15:07,03-12-2009 18:30,6,1259.94,454,355,380,209.99,1119.0106,Medium Value
17344,24-10-2011 12:56,11-12-2009 12:31,2,457.36,200,46,682,228.68,381.65845,Low Value
17345,24-11-2011 15:03,01-12-2009 16:17,10,1586.63,2008,15,722,158.663,1756.1693,Medium Value
17346,06-12-2011 12:18,18-04-2010 12:18,26,4998.61,3439,4,597,192.2542308,5246.7686,Medium Value
17347,14-09-2011 13:12,14-09-2011 13:12,1,228.96,216,86,0,228.96,244.20036,Low Value
17348,25-11-2011 11:25,10-03-2010 12:13,9,2442.29,2766,15,624,271.3655556,2511.0625,Medium Value
17349,13-06-2011 14:29,18-03-2010 14:26,5,772.41,772,179,452,154.482,956.4896,Medium Value
17350,01-12-2011 15:47,01-02-2010 15:38,7,1893.701,1178,8,668,270.5287143,2016.358,Medium Value
17351,03-11-2011 18:45,10-12-2009 18:43,12,1988.23,383,36,693,165.6858333,1547.5336,Medium Value
17352,12-01-2010 16:13,12-01-2010 16:13,1,36.25,15,696,0,36.25,63.282875,Low Value
17353,02-08-2011 17:19,25-03-2010 12:52,4,3242,2168,129,495,810.5,3545.683,Medium Value
17354,20-10-2011 10:34,07-10-2010 13:22,4,3133.96,2531,51,377,783.49,3451.3782,Medium Value
17355,18-11-2010 13:18,18-11-2010 13:18,1,273.31,249,386,0,273.31,353.9345,Low Value
17356,01-02-2011 11:07,20-01-2010 12:14,5,946.47,925,312,376,189.294,1176.0475,Medium Value
17357,15-11-2011 16:30,15-11-2011 16:29,2,384.39,152,24,0,192.195,298.73157,Low Value
17358,09-02-2011 16:57,24-02-2010 16:42,5,861.01,430,303,350,172.202,872.30475,Low Value
17359,28-11-2011 14:37,01-03-2010 14:48,2,284.46,237,11,636,142.23,299.6984,Low Value
17360,22-11-2011 13:11,01-10-2010 12:07,6,1200.51,624,17,417,200.085,1262.4664,Medium Value
17361,21-10-2011 15:43,01-02-2010 14:30,5,871.79,380,49,627,174.358,829.68384,Low Value
17362,14-04-2011 14:43,06-01-2010 10:53,7,1024.04,549,239,463,146.2914286,1028.4255,Medium Value
17363,09-11-2010 17:11,02-11-2010 17:25,3,920.46,499,395,6,306.82,841.0668,Low Value
17364,09-12-2011 09:00,07-12-2009 15:28,28,11972.92,7464,1,731,427.6042857,12016.751,High Value
17365,27-11-2011 12:13,01-02-2010 11:56,15,8184.49,8015,13,664,545.6326667,8899.777,High Value
17366,03-10-2010 16:04,09-09-2010 19:46,2,1077.24,504,432,23,538.62,1009.6407,Medium Value
17367,15-04-2011 14:21,15-04-2011 14:21,1,167.55,149,238,0,167.55,158.05597,Low Value
17368,16-11-2011 15:26,15-12-2009 17:45,14,2758.29,2319,23,700,197.0207143,2972.1394,Medium Value
17369,10-09-2010 09:49,10-09-2010 09:49,1,979.2,1152,456,0,979.2,1281.0121,Medium Value
17370,28-09-2011 10:14,23-06-2011 11:50,4,446.18,540,73,96,111.545,652.91473,Low Value
17371,22-11-2011 13:30,08-12-2009 12:25,6,655.37,281,17,714,109.2283333,659.1608,Low Value
17372,30-10-2011 11:37,03-12-2009 18:41,28,4347.31,1863,41,695,155.2610714,3876.537,Medium Value
17373,30-10-2011 15:28,28-02-2010 14:17,7,1167.5,738,40,609,166.7857143,1263.383,Medium Value
17374,05-05-2011 09:05,09-11-2010 17:14,3,727.11,155,219,176,242.37,536.9637,Low Value
17375,24-05-2011 15:45,04-10-2010 09:14,4,660.55,480,199,232,165.1375,710.6265,Low Value
17376,30-09-2011 12:36,05-07-2010 11:11,4,453.64,244,71,452,113.41,474.4872,Low Value
17377,16-11-2011 11:17,02-12-2009 12:39,78,17644.27,7335,24,713,226.2085897,17187.893,High Value
17378,30-11-2010 18:46,30-11-2010 18:46,1,10.95,1,374,0,10.95,63.282875,Low Value
17379,28-11-2011 13:56,28-11-2011 13:56,1,389.72,623,11,0,389.72,628.1426,Low Value
17380,01-10-2010 16:42,23-06-2010 11:24,3,645,252,434,100,215,539.8294,Low Value
17381,01-12-2011 11:59,09-06-2010 12:55,38,36398.65,42879,9,539,957.8592105,37143.29,High Value
17382,05-10-2011 13:05,19-05-2010 11:33,8,902.28,457,65,504,112.785,1004.25287,Medium Value
17383,05-12-2011 17:36,12-09-2010 14:54,2,304.09,160,4,449,152.045,283.6031,Low Value
17384,20-11-2011 15:48,29-08-2010 16:01,3,507.55,121,19,447,169.1833333,438.98996,Low Value
17385,25-11-2011 11:02,25-11-2011 11:02,1,256.11,197,15,0,256.11,317.09323,Low Value
17386,02-12-2011 11:28,19-11-2010 13:40,7,2812.77,1955,8,377,401.8242857,2839.92,Medium Value
17387,20-11-2011 11:00,06-11-2011 11:25,2,746.81,522,20,13,373.405,833.4143,Low Value
17388,23-09-2011 10:31,10-12-2009 11:45,11,2675.37,2555,78,651,243.2154545,2748.9941,Medium Value
17389,09-12-2011 09:38,04-12-2009 12:06,61,57215.33,17880,1,734,937.9562295,55373.156,High Value
17390,15-10-2010 11:29,15-10-2010 11:29,1,149.3,49,421,0,149.3,157.71541,Low Value
17391,29-06-2011 09:58,28-06-2011 12:21,2,508.8,480,164,0,254.4,648.35345,Low Value
17392,06-02-2011 12:48,15-09-2010 16:17,3,585.92,450,307,143,195.3066667,680.3287,Low Value
17393,25-10-2010 11:10,08-08-2010 15:53,2,381.15,238,411,77,190.575,361.24536,Low Value
17394,04-05-2011 13:22,04-05-2011 13:22,1,203.87,241,219,0,203.87,248.12703,Low Value
17395,19-07-2010 15:34,19-07-2010 15:34,1,97.5,66,508,0,97.5,89.24505,Low Value
17396,31-10-2011 14:12,24-09-2010 13:04,14,8409.6,2313,39,402,600.6857143,7902.4756,High Value
17397,17-11-2011 14:08,19-10-2010 13:20,3,1198.28,691,22,394,399.4266667,1162.7172,Medium Value
17398,17-08-2011 09:48,29-03-2011 13:04,3,653.38,310,115,140,217.7933333,645.16437,Low Value
17400,05-08-2011 15:38,17-12-2009 15:41,8,4623.28,2185,126,595,577.91,4360.2183,Medium Value
17401,16-06-2010 16:54,16-06-2010 16:54,1,114.85,34,541,0,114.85,110.33144,Low Value
17402,05-12-2011 10:15,16-12-2009 17:40,23,4635.56,1450,5,718,201.546087,3932.3525,Medium Value
17403,03-11-2011 15:18,15-09-2010 12:29,2,382.87,188,36,414,191.435,326.33203,Low Value
17404,05-12-2011 16:26,07-01-2010 11:31,23,47781.12,50679,4,697,2077.44,47945.023,High Value
17405,08-12-2011 17:12,12-07-2011 14:17,3,1031.41,726,1,149,343.8033333,1083.1998,Medium Value
17406,10-01-2011 15:07,06-12-2009 13:45,13,4186.95,1847,333,400,322.0730769,3997.5486,Medium Value
17407,24-10-2010 11:57,24-10-2010 11:57,1,552.9,426,412,0,552.9,646.41254,Low Value
17408,29-06-2011 12:53,13-07-2010 14:02,3,316.09,163,163,350,105.3633333,344.41183,Low Value
17409,08-06-2011 10:36,11-12-2009 12:17,10,7793.51,4089,185,543,779.351,7201.2705,High Value
17410,23-11-2011 15:46,08-05-2011 15:21,5,1214.72,616,16,199,242.944,1126.2335,Medium Value
17411,27-11-2011 14:25,03-12-2009 12:02,5,1425.38,608,12,724,285.076,1236.194,Medium Value
17412,07-12-2011 11:36,02-12-2009 13:51,16,4220.22,2554,3,734,263.76375,4468.631,Medium Value
17413,31-10-2010 12:33,19-05-2010 11:11,2,560.14,302,405,165,280.07,606.4716,Low Value
17414,27-10-2011 12:13,03-12-2009 16:49,6,2249.52,6256,44,692,374.92,1628.392,Medium Value
17415,21-09-2011 12:50,21-09-2011 12:50,1,507.84,114,80,0,507.84,486.949,Low Value
17416,10-11-2011 12:47,14-12-2009 16:29,22,17298.45,8769,30,695,786.2931818,17185.516,High Value
17417,09-06-2010 10:00,09-06-2010 10:00,1,164.18,76,549,0,164.18,158.05597,Low Value
17418,28-10-2011 13:00,17-11-2010 13:42,3,670.06,521,42,344,223.3533333,784.3063,Low Value
17419,28-11-2011 13:47,25-01-2010 13:19,18,6126.25,2884,11,672,340.3472222,5868.1436,High Value
17420,20-10-2011 14:52,03-11-2010 13:09,6,953.58,446,50,351,158.93,962.437,Medium Value
17421,18-11-2010 16:57,04-12-2009 15:43,3,1059.41,807,386,349,353.1366667,1123.9814,Medium Value
17422,23-11-2011 13:27,23-06-2010 10:19,11,3594.76,3538,16,518,326.7963636,3978.9941,Medium Value
17423,24-10-2011 13:36,11-11-2010 12:26,3,1118.95,790,46,347,372.9833333,1171.8342,Medium Value
17425,20-11-2011 15:30,10-10-2011 11:37,2,759.17,407,19,41,379.585,739.9715,Low Value
17426,01-12-2011 18:07,17-02-2010 13:39,13,8077.77,5187,8,652,621.3669231,8128.8037,High Value
17427,29-09-2011 11:29,29-09-2011 11:29,1,100.8,34,72,0,100.8,89.24505,Low Value
17428,09-12-2011 09:45,01-12-2009 17:28,45,31466.76,17356,1,737,699.2613333,31818.324,High Value
17429,03-08-2011 13:22,06-10-2010 12:30,5,1357.46,1286,128,301,271.492,1560.4016,Medium Value
17430,07-11-2011 09:24,17-08-2010 11:52,4,622.57,455,33,446,155.6425,697.02344,Low Value
17431,30-01-2011 14:36,30-01-2011 14:36,1,403.3,292,313,0,403.3,402.81998,Low Value
17432,21-11-2011 17:33,03-12-2009 19:13,9,1728.99,1008,18,717,192.11,1792.4332,Medium Value
17433,12-09-2011 14:24,19-11-2010 13:37,2,569.96,305,88,297,284.98,617.4766,Low Value
17434,07-12-2011 13:16,15-09-2011 13:54,7,2373.82,1693,2,82,339.1171429,2357.7063,Medium Value
17435,24-10-2010 13:55,24-10-2010 13:55,1,331.35,195,411,0,331.35,322.19785,Low Value
17436,08-12-2011 12:30,07-12-2009 12:31,5,534.06,178,2,730,106.812,562.4821,Low Value
17437,28-06-2010 11:11,28-06-2010 11:11,1,369.68,283,530,0,369.68,395.6346,Low Value
17438,31-03-2011 10:26,08-03-2010 16:53,5,1422.77,553,254,387,284.554,1213.1351,Medium Value
17439,22-02-2010 12:48,22-02-2010 12:48,1,325.74,370,656,0,325.74,416.692,Low Value
17440,06-07-2011 11:54,08-06-2010 14:40,4,323.58,282,157,392,80.895,379.06754,Low Value
17441,07-12-2009 13:32,07-12-2009 13:32,1,293.35,245,732,0,293.35,348.3154,Low Value
17442,03-11-2011 09:17,15-02-2010 15:54,15,4620.3,3134,37,625,308.02,4584.6934,Medium Value
17443,04-05-2011 10:47,04-05-2011 10:47,1,534.24,504,220,0,534.24,588.61176,Low Value
17444,15-07-2011 12:05,20-06-2011 09:04,3,2940.04,2119,148,25,980.0133333,3025.9146,Medium Value
17446,16-06-2011 10:42,02-02-2011 14:40,2,120.9,198,177,133,60.45,179.45988,Low Value
17447,30-10-2011 14:18,29-09-2011 10:10,2,541.53,443,40,31,270.765,678.6427,Low Value
17448,30-07-2010 14:07,04-03-2010 17:29,46,14523.67,11534,497,147,315.7319565,14073.348,High Value
17449,07-12-2011 16:56,09-12-2009 14:16,13,4868.15,2483,2,728,374.4730769,4837.3975,Medium Value
17450,01-12-2011 13:29,27-09-2010 16:59,51,244784.25,83914,8,429,4799.691176,242622.55,High Value
17451,08-12-2011 15:02,26-08-2011 11:54,7,1721.4,1203,1,104,245.9142857,1880.6241,Medium Value
17453,22-11-2011 09:42,06-10-2011 17:02,2,486.72,219,18,46,243.36,403.97076,Low Value
17454,31-05-2011 13:58,15-01-2010 15:40,10,1547.94,727,192,500,154.794,1478.4124,Medium Value
17455,20-05-2011 12:31,20-05-2011 12:31,1,131.7,66,204,0,131.7,125.89756,Low Value
17456,09-12-2010 15:23,09-09-2010 15:28,2,975.56,508,365,90,487.78,955.4068,Medium Value
17457,05-08-2011 12:48,07-12-2009 14:52,14,5984.81,2695,127,605,427.4864286,5914.767,High Value
17458,24-11-2011 13:01,23-11-2010 11:43,2,529.58,282,15,366,264.79,489.46472,Low Value
17459,27-10-2011 13:25,10-10-2011 17:00,2,657.3,537,43,16,328.65,729.1605,Low Value
17460,06-09-2011 15:04,22-01-2010 13:25,16,2157.97,954,94,592,134.873125,2155.7114,Medium Value
17461,17-11-2011 10:21,10-11-2011 12:01,3,735.82,770,23,6,245.2733333,840.0083,Low Value
17462,10-10-2011 13:56,28-02-2011 17:01,2,675.69,227,60,223,337.845,576.3543,Low Value
17463,23-11-2011 13:40,29-04-2010 17:57,7,2535.26,1480,16,572,362.18,2610.8845,Medium Value
17464,04-07-2011 13:19,30-03-2010 13:15,3,907.14,608,158,461,302.38,881.79724,Medium Value
17465,10-10-2010 11:56,03-12-2009 13:25,7,2542.79,1477,426,310,363.2557143,2610.8845,Medium Value
17466,29-11-2011 13:15,22-09-2011 09:16,2,763.28,306,10,68,381.64,750.6333,Low Value
17467,09-11-2010 12:58,09-11-2010 12:58,1,102.6,20,395,0,102.6,89.24505,Low Value
17468,29-11-2011 15:33,29-11-2010 17:25,3,194.8,184,10,364,64.93333333,298.10046,Low Value
17469,23-11-2011 13:15,16-12-2009 15:06,17,5051.25,2304,16,706,297.1323529,4916.102,Medium Value
17470,26-10-2011 12:42,19-07-2010 16:16,11,2626.47,2731,45,463,238.77,2757.807,Medium Value
17471,22-08-2010 11:53,22-08-2010 11:53,1,321.65,153,475,0,321.65,309.68695,Low Value
17472,01-06-2011 14:57,21-03-2010 13:27,4,922.35,551,191,437,230.5875,963.2751,Medium Value
17473,27-10-2010 11:45,09-09-2010 19:03,2,607,270,409,47,303.5,531.12317,Low Value
17474,19-04-2010 10:43,19-04-2010 10:43,1,1047,200,600,0,1047,860.5507,Low Value
17475,21-09-2011 14:55,21-09-2011 14:55,1,194.37,178,79,0,194.37,188.87389,Low Value
17476,09-11-2010 10:21,02-12-2009 12:09,2,489.86,224,396,341,244.93,403.97076,Low Value
17477,06-04-2010 10:06,02-03-2010 11:53,2,1144.3,225,613,34,572.15,967.7732,Medium Value
17478,27-10-2010 15:01,16-03-2010 14:19,2,1272.8,516,408,225,636.4,1213.7848,Medium Value
17479,17-03-2010 09:26,17-03-2010 09:26,1,389.26,266,633,0,389.26,404.63403,Low Value
17480,23-09-2011 11:39,21-09-2010 12:31,2,882.23,581,78,366,441.115,866.9846,Low Value
17481,06-12-2011 12:28,07-09-2011 09:57,4,1255.59,1061,4,90,313.8975,1319.6013,Medium Value
17482,09-08-2010 15:33,10-05-2010 14:10,2,775.64,240,487,91,387.82,666.9533,Low Value
17483,05-10-2011 13:10,21-10-2010 12:43,4,591.73,265,65,349,147.9325,531.8398,Low Value
17484,12-05-2010 15:41,25-03-2010 16:17,2,209.57,339,576,47,104.785,334.9143,Low Value
17486,23-03-2011 14:00,23-03-2011 14:00,1,396.87,191,261,0,396.87,369.72076,Low Value
17487,11-12-2009 15:06,11-12-2009 15:06,1,160.55,37,728,0,160.55,158.05597,Low Value
17488,08-03-2010 14:07,08-03-2010 14:07,1,336.5,136,641,0,336.5,350.98447,Low Value
17489,12-10-2011 08:56,11-05-2011 11:34,2,376.64,428,59,153,188.32,522.10364,Low Value
17490,09-12-2011 09:08,19-05-2010 12:40,9,2750.5,1531,1,568,305.6111111,2863.9646,Medium Value
17491,08-12-2011 16:18,28-04-2010 11:57,17,5653.67,3362,1,589,332.5688235,5390.366,Medium Value
17492,05-04-2011 15:21,09-07-2010 13:27,3,1122.42,450,248,270,374.14,1066.4805,Medium Value
17493,19-11-2010 16:57,19-11-2010 16:57,1,100.91,62,385,0,100.91,89.24505,Low Value
17494,26-07-2010 10:06,26-07-2010 10:06,1,54.7,26,502,0,54.7,70.265274,Low Value
17495,02-12-2011 12:08,14-11-2010 11:50,3,806.72,367,8,383,268.9066667,751.38617,Low Value
17496,16-12-2010 08:39,14-01-2010 13:36,4,1412.89,675,359,335,353.2225,1340.5977,Medium Value
17497,14-11-2010 14:17,08-04-2010 08:01,2,287.25,59,390,220,143.625,264.7851,Low Value
17498,25-09-2011 12:25,25-09-2011 12:25,1,272.22,394,76,0,272.22,425.18686,Low Value
17499,23-02-2011 09:14,27-05-2010 09:59,2,1341.39,1086,290,271,670.695,1539.2623,Medium Value
17500,22-11-2011 14:25,10-11-2011 09:08,3,1138,17,17,12,379.3333333,809.70105,Low Value
17501,03-05-2011 09:47,03-05-2011 09:46,2,288.6,160,221,0,144.3,237.1847,Low Value
17502,30-11-2011 13:13,10-11-2011 16:39,4,689.1,376,9,19,172.275,686.4666,Low Value
17503,07-12-2011 09:18,01-11-2011 11:12,2,558.96,486,3,35,279.48,678.6427,Low Value
17504,17-05-2011 12:59,08-02-2010 09:22,18,9490.17,5420,206,463,527.2316667,9392.967,High Value
17505,01-07-2011 12:50,13-04-2010 16:33,5,2435.48,1242,162,443,487.096,2320.9897,Medium Value
17506,25-09-2011 11:39,25-09-2011 11:39,1,302.2,139,76,0,302.2,313.40213,Low Value
17507,23-03-2011 11:48,03-02-2011 18:08,2,605.58,359,262,47,302.79,620.48114,Low Value
17508,04-03-2011 08:10,07-12-2009 11:46,8,4579.23,2891,281,451,572.40375,4802.134,Medium Value
17509,13-10-2011 10:26,07-10-2011 13:14,8,6083.64,3512,58,5,760.455,5904.5195,High Value
17510,15-11-2011 10:00,15-10-2010 10:20,2,514.56,422,25,395,257.28,650.3231,Low Value
17511,07-12-2011 10:12,02-12-2009 10:52,60,172132.87,117174,3,734,2868.881167,171804.95,High Value
17512,11-11-2011 12:11,10-12-2009 19:35,18,5467.82,5434,29,700,303.7677778,6240.9697,High Value
17513,28-09-2011 16:42,17-08-2010 15:08,3,1158.8,440,72,407,386.2666667,1018.3764,Medium Value
17514,03-08-2011 15:45,08-02-2010 14:00,2,522,284,128,541,261,539.99304,Low Value
17515,08-11-2011 14:04,07-06-2010 13:29,9,1602.51,527,31,519,178.0566667,1412.5366,Medium Value
17516,24-11-2011 16:51,26-11-2010 12:50,6,947.5,522,15,363,157.9166667,1012.09766,Medium Value
17517,04-02-2011 11:48,04-02-2011 11:48,1,153.94,102,309,0,153.94,157.71541,Low Value
17518,10-10-2010 12:40,28-03-2010 13:31,2,329.42,267,426,195,164.71,325.1746,Low Value
17519,22-11-2011 16:43,01-12-2009 09:57,15,4774.17,3230,17,721,318.278,4599.5425,Medium Value
17520,17-10-2011 12:04,17-10-2011 12:04,1,546.81,365,54,0,546.81,562.8477,Low Value
17521,10-11-2011 11:22,01-10-2010 11:49,5,1278.06,806,30,404,255.612,1313.3467,Medium Value
17522,08-12-2011 12:31,05-05-2011 16:31,5,1070.71,1034,2,216,214.142,1232.4895,Medium Value
17523,28-11-2011 13:20,20-11-2011 13:40,4,652.74,872,11,7,163.185,824.7088,Low Value
17524,13-12-2010 14:32,27-09-2010 16:20,3,539.14,362,361,76,179.7133333,588.2339,Low Value
17525,15-12-2010 12:05,07-10-2010 09:12,3,1161.9,338,360,69,387.3,962.8531,Medium Value
17526,05-12-2011 11:05,17-12-2009 16:18,12,3939.24,1442,5,717,328.27,3652.1885,Medium Value
17527,17-10-2011 12:32,05-05-2011 13:43,4,939.37,488,54,164,234.8425,897.90717,Medium Value
17528,08-12-2011 13:27,29-09-2011 13:04,8,3628.5,2138,1,70,453.5625,3692.7817,Medium Value
17529,08-04-2010 17:51,11-01-2010 12:29,2,1240.25,790,610,87,620.125,1236.7242,Medium Value
17530,08-12-2011 18:42,06-12-2009 16:17,12,2791.69,1741,1,732,232.6408333,2941.0176,Medium Value
17531,02-06-2011 19:17,31-03-2010 12:57,3,1266.82,472,190,428,422.2733333,1147.4113,Medium Value
17532,19-11-2010 08:13,19-11-2010 08:13,1,65.34,30,386,0,65.34,70.265274,Low Value
17533,01-10-2010 09:14,01-10-2010 09:14,1,34.8,24,435,0,34.8,63.282875,Low Value
17534,17-10-2011 12:47,25-02-2010 16:55,5,1668.83,860,54,598,333.766,1583.155,Medium Value
17535,04-03-2011 15:20,04-03-2011 15:20,1,164.4,136,280,0,164.4,158.05597,Low Value
17536,15-06-2011 13:23,26-01-2010 12:00,3,364.83,201,177,505,121.61,364.721,Low Value
17537,10-11-2011 10:56,09-02-2011 13:37,2,887.67,699,30,273,443.835,935.7079,Medium Value
17538,14-11-2011 12:12,14-11-2011 12:12,1,98.42,134,26,0,98.42,89.24505,Low Value
17539,01-04-2010 12:07,13-12-2009 12:36,4,1176.84,708,618,108,294.21,1180.107,Medium Value
17540,15-11-2011 11:56,19-04-2010 09:47,6,1590.6,588,25,575,265.1,1403.2944,Medium Value
17541,18-07-2010 11:36,18-07-2010 11:36,1,119.86,44,510,0,119.86,110.33144,Low Value
17542,15-03-2011 11:45,08-03-2010 12:08,3,340.85,323,270,371,113.6166667,483.72528,Low Value
17543,08-06-2010 12:41,08-06-2010 12:41,1,120.05,62,550,0,120.05,110.33144,Low Value
17544,14-11-2010 15:08,14-11-2010 14:47,3,944.82,410,390,0,314.94,830.67334,Low Value
17545,27-10-2011 14:04,11-05-2010 10:04,6,1409.86,682,43,534,234.9766667,1412.7024,Medium Value
17547,29-11-2010 09:41,12-02-2010 14:34,2,727.85,223,376,289,363.925,583.83417,Low Value
17548,20-04-2011 12:01,08-11-2010 16:19,4,731.26,494,234,162,182.815,784.6627,Low Value
17549,16-11-2011 09:59,19-10-2011 10:05,2,148.86,210,24,27,74.43,186.9454,Low Value
17550,26-05-2011 14:09,07-02-2010 15:07,9,2506.64,968,197,472,278.5155556,2529.8682,Medium Value
17551,15-12-2010 14:12,15-12-2010 14:12,1,290.34,142,359,0,290.34,313.40213,Low Value
17552,10-10-2011 17:00,22-03-2010 09:19,12,2786.77,1951,60,567,232.2308333,2997.801,Medium Value
17553,02-08-2011 10:00,08-04-2010 09:44,4,3757.6,2288,130,481,939.4,4144.8706,Medium Value
17554,08-12-2011 14:15,14-07-2011 20:01,5,1952.45,1763,1,146,390.49,2068.873,Medium Value
17555,20-11-2011 12:22,02-05-2010 16:02,5,1045.74,739,20,566,209.148,1158.0514,Medium Value
17556,18-05-2011 10:48,25-11-2010 17:00,2,300.67,184,206,173,150.335,283.6031,Low Value
17557,25-11-2011 12:57,07-12-2009 10:15,4,575.46,310,14,718,143.865,597.1127,Low Value
17558,11-11-2010 14:36,11-11-2010 14:36,1,259.17,54,393,0,259.17,317.09323,Low Value
17559,15-07-2010 12:02,15-07-2010 12:02,1,167.62,270,513,0,167.62,192.96927,Low Value
17560,06-09-2011 09:18,17-02-2010 12:11,8,1895.8,1588,95,565,236.975,2067.462,Medium Value
17561,20-11-2011 12:53,06-12-2009 13:29,4,703.02,381,19,713,175.755,704.1207,Low Value
17562,25-11-2011 14:21,19-06-2011 13:06,7,1122.38,817,14,159,160.34,1241.9681,Medium Value
17563,10-05-2010 14:54,07-04-2010 10:02,2,392.38,256,578,33,196.19,361.24536,Low Value
17564,15-11-2011 13:27,20-09-2011 14:00,3,454.01,146,24,55,151.3366667,416.596,Low Value
17565,02-05-2010 11:54,02-05-2010 11:54,1,131.83,67,587,0,131.83,127.68856,Low Value
17566,01-12-2011 19:54,14-11-2011 13:42,2,869.77,497,8,17,434.885,854.38965,Low Value
17567,02-12-2011 15:48,24-09-2010 10:48,9,4838.08,2908,7,434,537.5644444,4837.9795,Medium Value
17568,16-03-2010 16:45,16-03-2010 16:45,1,374.45,275,633,0,374.45,399.718,Low Value
17569,11-01-2011 14:15,11-01-2011 14:15,1,344.14,159,332,0,344.14,350.98447,Low Value
17570,23-11-2010 11:56,23-11-2010 11:56,1,100,1,382,0,100,89.24505,Low Value
17571,20-10-2011 15:57,15-06-2010 12:50,5,1630.91,991,50,492,326.182,1626.4902,Medium Value
17572,29-09-2011 17:53,15-12-2009 10:00,10,652.21,327,71,653,65.221,622.7913,Low Value
17573,10-11-2011 13:01,07-09-2011 10:36,3,380.6,308,29,64,126.8666667,483.72528,Low Value
17574,11-04-2011 09:47,11-04-2011 09:47,1,185.65,77,243,0,185.65,188.87389,Low Value
17575,10-02-2010 13:48,10-02-2010 13:48,1,171.7,72,667,0,171.7,173.79178,Low Value
17576,01-12-2011 17:56,03-12-2009 16:54,41,8711.95,4583,8,728,212.4865854,9001.145,High Value
17577,04-03-2010 13:01,09-02-2010 10:10,2,348.75,179,645,23,174.375,305.99704,Low Value
17578,05-05-2011 18:38,28-06-2010 11:55,7,1047.33,529,218,311,149.6185714,1105.0186,Medium Value
17579,05-12-2011 12:28,10-05-2010 14:28,4,753.28,375,5,573,188.32,716.5011,Low Value
17580,01-04-2011 12:41,13-10-2010 14:28,5,541.02,223,253,169,108.204,570.722,Low Value
17581,09-12-2011 12:21,03-12-2009 12:34,43,17951.17,9519,1,735,417.4690698,17395.668,High Value
17582,17-04-2011 13:18,26-03-2010 12:23,5,1446.95,603,236,387,289.39,1236.194,Medium Value
17583,28-05-2010 14:24,28-05-2010 14:24,1,135.95,55,560,0,135.95,127.68856,Low Value
17584,02-12-2011 17:12,25-01-2010 08:17,6,5309.42,2464,7,676,884.9033333,5224.6836,Medium Value
17585,22-08-2011 13:30,18-08-2010 16:39,7,2064.71,2510,109,368,294.9585714,2135.8242,Medium Value
17586,30-03-2010 13:12,30-03-2010 13:12,1,167.4,68,619,0,167.4,158.05597,Low Value
17587,21-03-2010 14:16,21-03-2010 14:16,1,176.71,67,628,0,176.71,191.44595,Low Value
17588,31-08-2011 13:37,12-03-2010 12:34,7,2939.55,1379,100,537,419.9357143,2755.757,Medium Value
17589,10-10-2011 16:58,07-03-2010 13:48,18,13837.94,8704,60,582,768.7744444,14058.856,High Value
17590,07-12-2011 12:55,30-10-2011 14:05,3,1468.02,822,2,37,489.34,1436.123,Medium Value
17591,27-09-2011 13:42,17-01-2010 16:09,8,2339.32,1028,73,617,292.415,2193.5288,Medium Value
17592,01-12-2009 10:49,01-12-2009 10:49,1,148.3,38,739,0,148.3,157.71541,Low Value
17593,06-12-2011 10:30,04-12-2009 14:35,11,8092.32,5595,4,731,735.6654545,8548.866,High Value
17594,15-09-2011 16:34,14-04-2010 08:53,4,2497.88,1368,85,519,624.47,2354.295,Medium Value
17595,27-11-2011 16:08,02-11-2011 16:19,2,386.69,228,12,24,193.345,326.33203,Low Value
17596,16-11-2011 14:11,15-12-2009 13:21,13,4491.46,7010,23,701,345.4969231,5102.461,Medium Value
17597,10-05-2011 11:54,05-05-2010 15:33,5,3484.09,2215,214,369,696.818,3632.9238,Medium Value
17598,23-11-2010 17:43,23-11-2010 17:43,1,409.98,126,381,0,409.98,415.72037,Low Value
17599,19-08-2010 12:50,19-08-2010 12:50,1,52.05,11,478,0,52.05,70.265274,Low Value
17600,22-11-2011 09:43,22-11-2011 09:43,1,161.67,144,18,0,161.67,158.05597,Low Value
17601,14-04-2011 18:02,24-11-2010 14:29,2,413.08,295,239,141,206.54,436.1134,Low Value
17602,07-12-2011 13:53,30-03-2010 17:25,14,7354.43,5880,2,616,525.3164286,7789.981,High Value
17603,22-09-2011 14:18,10-12-2009 09:44,4,1788.38,638,78,651,447.095,1655.165,Medium Value
17604,06-05-2011 13:43,27-01-2010 12:19,6,942.38,614,217,464,157.0633333,1012.09766,Medium Value
17605,28-04-2010 14:45,28-04-2010 14:45,1,160.75,71,590,0,160.75,158.05597,Low Value
17606,02-12-2009 13:32,02-12-2009 13:32,1,87.3,42,737,0,87.3,78.87771,Low Value
17607,28-11-2010 13:11,28-11-2010 13:11,1,333.81,269,376,0,333.81,357.1111,Low Value
17608,06-11-2011 13:06,11-04-2010 13:37,4,488.06,528,33,573,122.015,659.4688,Low Value
17609,30-10-2011 12:28,09-04-2010 16:54,11,1887.9,1321,41,568,171.6272727,2034.9792,Medium Value
17610,17-06-2010 16:34,06-12-2009 16:07,5,1511.94,893,540,193,302.388,1513.4116,Medium Value
17611,02-12-2011 13:29,01-12-2009 13:29,28,8337.53,5341,7,731,297.7689286,8245.784,High Value
17612,17-10-2011 14:59,17-12-2009 11:59,18,5394.86,3521,53,669,299.7144444,5327.8896,Medium Value
17613,17-11-2011 10:51,07-02-2011 11:20,14,4544.55,2490,23,282,324.6107143,4568.095,Medium Value
17614,13-10-2011 16:01,13-10-2011 16:01,1,386.32,235,57,0,386.32,369.72076,Low Value
17615,01-08-2011 14:06,11-08-2010 12:54,6,721.8,378,130,355,120.3,781.6049,Low Value
17616,19-06-2011 10:11,14-09-2010 10:43,4,734.4,288,174,277,183.6,654.4687,Low Value
17617,30-05-2010 12:48,30-05-2010 12:48,1,385.19,249,559,0,385.19,404.63403,Low Value
17618,04-12-2011 11:50,24-01-2010 11:03,11,4001.64,1798,6,679,363.7854545,3928.4556,Medium Value
17619,31-01-2011 14:18,31-01-2011 14:18,1,214.37,124,312,0,214.37,234.4651,Low Value
17620,11-10-2011 12:08,11-10-2011 12:08,1,81.44,60,60,0,81.44,78.87771,Low Value
17621,18-11-2011 17:11,04-10-2010 09:37,6,3175.12,1110,21,410,529.1866667,2742.8083,Medium Value
17622,21-04-2010 12:36,20-04-2010 13:38,2,1130.21,379,598,0,565.105,1067.6587,Medium Value
17623,07-11-2011 11:32,14-12-2009 14:36,7,2365.77,799,33,692,337.9671429,1958.8721,Medium Value
17624,25-11-2011 10:52,20-12-2009 12:35,4,1568.63,958,15,704,392.1575,1640.9901,Medium Value
17625,21-11-2011 13:36,15-12-2009 11:49,8,5978.9,3505,18,706,747.3625,6218.933,High Value
17626,16-04-2010 12:15,16-04-2010 12:15,1,254,202,603,0,254,317.09323,Low Value
17627,18-08-2010 11:27,18-08-2010 11:27,1,296.36,676,479,0,296.36,560.77246,Low Value
17628,19-09-2011 15:21,19-09-2011 15:21,1,75.75,79,81,0,75.75,74.583725,Low Value
17629,04-12-2011 10:56,14-10-2010 13:35,10,2455.52,1903,6,415,245.552,2605.7656,Medium Value
17630,23-06-2011 11:58,21-04-2011 14:03,2,503.6,158,170,62,251.8,433.2998,Low Value
17631,08-12-2011 09:47,09-12-2009 14:15,7,998.49,591,2,728,142.6414286,1012.3731,Medium Value
17633,08-11-2011 13:25,15-11-2010 14:55,7,2057.39,899,31,357,293.9128571,1994.185,Medium Value
17634,03-11-2011 13:09,06-01-2011 12:45,9,2358.59,838,36,301,262.0655556,2202.461,Medium Value
17635,11-10-2010 15:12,28-04-2010 10:51,3,1265.58,770,424,166,421.86,1244.8529,Medium Value
17636,20-11-2011 14:40,20-11-2011 14:40,1,285.56,182,19,0,285.56,313.40213,Low Value
17637,08-11-2011 12:51,16-08-2011 13:25,2,547.06,280,31,83,273.53,503.97366,Low Value
17638,02-03-2010 14:32,18-12-2009 09:58,2,842.4,432,647,74,421.2,827.06726,Low Value
17639,08-03-2011 15:22,13-08-2010 11:59,6,615.17,576,276,207,102.5283333,836.41693,Low Value
17640,14-09-2011 09:13,23-03-2010 09:15,6,3168.94,1692,87,539,528.1566667,3149.5952,Medium Value
17642,12-08-2011 09:11,05-12-2009 16:01,5,1824.49,1475,120,614,364.898,1891.4541,Medium Value
17643,01-12-2010 14:38,22-07-2010 13:07,2,439.7,226,373,132,219.85,371.92322,Low Value
17644,08-12-2011 13:43,16-02-2010 08:44,20,6028.6,3469,1,660,301.43,5620.987,High Value
17646,04-05-2011 13:17,16-12-2009 09:37,12,3898.79,1308,219,504,324.8991667,3503.3628,Medium Value
17647,05-10-2011 15:38,08-02-2010 14:39,3,331.66,82,65,604,110.5533333,352.6517,Low Value
17648,10-10-2011 09:41,19-11-2010 16:41,5,2216.37,954,61,324,443.274,2106.674,Medium Value
17649,24-07-2011 15:53,24-08-2010 13:01,3,1578.89,723,138,334,526.2966667,1442.9463,Medium Value
17650,18-11-2011 14:52,18-11-2011 14:52,1,166.08,150,21,0,166.08,158.05597,Low Value
17651,28-11-2011 10:29,01-07-2010 12:17,16,5703.52,4086,12,514,356.47,6537.2373,High Value
17652,14-11-2011 12:55,03-03-2011 14:05,12,4867.72,2509,25,255,405.6433333,4625.987,Medium Value
17653,03-11-2011 12:46,11-08-2011 15:24,4,1207.56,1409,37,83,301.89,1400.3314,Medium Value
17654,07-03-2011 13:17,07-03-2011 13:17,1,117.55,41,277,0,117.55,110.33144,Low Value
17655,29-11-2011 11:34,19-10-2010 10:20,9,2976.38,1268,11,406,330.7088889,2919.5383,Medium Value
17656,27-09-2011 13:04,03-08-2011 10:45,5,1674.69,1399,73,55,334.938,1726.7015,Medium Value
17657,05-10-2010 14:52,05-10-2010 14:52,1,126,60,430,0,126,110.33144,Low Value
17658,14-11-2011 12:07,12-05-2011 15:23,2,595.42,616,26,185,297.71,712.6305,Low Value
17659,22-11-2011 13:29,18-11-2010 14:20,14,3586.99,1752,17,368,256.2135714,3614.6033,Medium Value
17660,21-07-2011 13:37,02-12-2009 16:02,2,342.22,259,141,595,171.11,340.91037,Low Value
17662,16-02-2010 09:38,17-12-2009 09:54,2,412.92,184,662,60,206.46,350.6718,Low Value
17663,14-11-2011 08:56,04-03-2010 11:42,17,5175.83,2297,26,619,304.4605882,4954.705,Medium Value
17664,21-11-2011 11:29,29-03-2010 17:17,4,1166.23,1058,19,601,291.5575,1270.2484,Medium Value
17665,03-08-2010 13:12,03-08-2010 13:12,1,563.1,690,493,0,563.1,880.26117,Medium Value
17666,06-12-2011 09:06,30-06-2010 12:03,5,2047.8,1552,4,523,409.56,2222.4258,Medium Value
17667,04-10-2011 14:32,23-02-2010 09:57,9,3950.7,2192,66,588,438.9666667,3885.4397,Medium Value
17668,08-12-2011 13:25,01-11-2011 14:45,2,347.75,93,1,36,173.875,305.99704,Low Value
17669,28-10-2011 08:53,01-04-2010 18:48,10,6142.35,3505,43,574,614.235,5951.5415,High Value
17670,26-04-2011 09:12,26-04-2011 09:12,1,205.7,110,228,0,205.7,213.2137,Low Value
17671,24-11-2011 12:21,29-11-2010 11:53,5,2009.16,987,16,360,401.832,1916.307,Medium Value
17672,20-10-2011 14:18,26-01-2010 17:20,7,5778.63,2758,50,631,825.5185714,5585.9014,High Value
17673,08-12-2011 12:50,19-03-2010 14:02,13,4173.88,3284,2,628,321.0676923,4314.6597,Medium Value
17674,26-09-2011 13:35,06-12-2010 10:20,2,551.04,672,74,294,275.52,748.6979,Low Value
17675,08-12-2011 18:03,10-12-2009 16:10,70,37642.48,16180,1,728,537.7497143,37997.582,High Value
17676,05-12-2011 15:16,30-03-2010 10:49,10,2448.64,1764,4,615,244.864,2541.4175,Medium Value
17677,08-12-2011 09:56,16-12-2009 11:23,54,35058.46,20921,2,721,649.2307407,35279.664,High Value
17678,21-03-2011 11:52,15-04-2010 13:54,2,599.76,368,264,339,299.88,617.4766,Low Value
17679,18-10-2011 07:43,03-12-2009 17:32,7,3577.61,1755,53,683,511.0871429,3550.186,Medium Value
17680,16-11-2011 12:42,16-07-2010 16:07,3,497.45,155,24,487,165.8166667,423.25418,Low Value
17681,21-04-2010 17:22,15-01-2010 11:53,5,731.2,450,597,96,146.24,805.4329,Low Value
17682,29-11-2011 15:59,08-03-2010 09:49,11,4065.28,2281,10,631,369.5709091,4168.131,Medium Value
17683,19-11-2010 10:11,03-06-2010 17:15,3,819.01,781,386,168,273.0033333,928.4057,Medium Value
17684,27-10-2011 11:10,27-10-2011 11:10,1,239.41,145,44,0,239.41,244.20036,Low Value
17685,23-11-2011 11:36,11-02-2010 13:44,12,5454.95,3474,17,649,454.5791667,5751.7104,High Value
17686,02-12-2011 15:39,24-06-2010 09:49,9,8296.81,3583,7,526,921.8677778,7866.9443,High Value
17687,15-10-2010 12:30,15-10-2010 12:30,1,432.68,210,421,0,432.68,415.72037,Low Value
17688,11-11-2010 10:41,11-11-2010 10:41,1,304.2,114,394,0,304.2,311.2562,Low Value
17689,16-11-2010 13:22,22-08-2010 13:54,2,317.08,300,388,85,158.54,405.80157,Low Value
17690,09-11-2011 15:17,03-02-2010 14:26,20,6963.8,2939,30,644,348.19,6659.6543,High Value
17691,16-12-2010 17:20,11-06-2010 11:50,4,637.55,315,358,188,159.3875,631.92053,Low Value
17692,04-08-2011 14:01,17-06-2010 11:14,12,2975.8,2338,127,413,247.9833333,3024.5984,Medium Value
17693,25-07-2011 15:48,25-07-2011 15:48,1,200.47,231,137,0,200.47,188.87389,Low Value
17694,21-07-2011 12:00,26-05-2010 08:27,3,1695.97,1493,142,421,565.3233333,1844.3981,Medium Value
17695,31-07-2011 10:40,28-01-2010 09:27,5,1746.04,1809,132,549,349.208,1764.0778,Medium Value
17696,01-11-2011 13:43,10-12-2009 17:09,27,7679.59,5891,38,690,284.4292593,7603.9766,High Value
17697,17-04-2011 15:40,17-04-2011 15:40,1,338.95,93,236,0,338.95,350.98447,Low Value
17698,24-03-2011 11:34,24-03-2011 11:34,1,154.95,93,261,0,154.95,158.05597,Low Value
17699,20-08-2010 09:39,27-05-2010 11:53,2,442,208,477,84,221,371.92322,Low Value
17700,23-11-2011 11:51,01-12-2009 11:37,14,6679.97,3469,17,722,477.1407143,6868.9097,High Value
17701,01-04-2011 12:25,01-04-2011 12:25,1,417.95,109,253,0,417.95,415.72037,Low Value
17702,09-11-2011 16:03,04-11-2010 12:09,6,3144.04,2153,30,370,524.0066667,3365.7048,Medium Value
17703,04-11-2011 15:51,17-10-2010 16:16,4,1094.84,897,35,382,273.71,1270.8962,Medium Value
17704,24-06-2011 09:40,14-04-2011 09:28,2,885.19,343,169,71,442.595,802.3109,Low Value
17705,06-12-2011 13:45,12-05-2010 09:47,11,2083.9,1301,3,573,189.4454545,2229.2817,Medium Value
17706,05-12-2011 13:34,19-01-2010 12:13,31,20272.15,7824,4,685,653.9403226,18341.855,High Value
17707,07-06-2011 15:03,07-12-2009 12:19,8,609.3,546,185,547,76.1625,843.5089,Low Value
17708,05-06-2011 10:12,12-10-2010 12:13,4,884.18,387,188,235,221.045,776.4734,Low Value
17709,23-06-2011 11:55,15-04-2010 14:48,5,671.01,295,170,433,134.202,695.55853,Low Value
17710,12-10-2010 07:49,12-10-2010 07:49,1,293.5,158,424,0,293.5,313.40213,Low Value
17711,29-11-2011 11:40,23-02-2011 11:32,2,385.1,246,11,279,192.55,361.24536,Low Value
17712,26-10-2011 12:28,26-10-2011 12:28,1,522.91,215,45,0,522.91,484.40573,Low Value
17713,22-11-2010 16:50,09-06-2010 09:33,4,1198.09,989,382,166,299.5225,1270.2484,Medium Value
17714,23-01-2011 10:32,14-07-2010 10:41,5,1410.18,608,321,192,282.036,1213.1351,Medium Value
17715,23-05-2011 12:32,26-04-2010 12:17,2,489.6,576,201,392,244.8,648.3558,Low Value
17716,17-11-2011 12:00,02-12-2009 17:18,24,15956.97,8819,23,714,664.87375,15607.69,High Value
17717,14-10-2010 12:54,14-10-2010 12:54,1,376.92,344,421,0,376.92,443.2467,Low Value
17718,21-04-2011 13:39,05-03-2010 08:01,2,439.18,274,232,412,219.59,406.83655,Low Value
17719,02-11-2011 10:36,29-03-2011 11:29,15,5396.04,2466,38,217,359.736,5145.0874,Medium Value
17720,13-11-2011 15:04,10-05-2010 09:58,10,2666.91,1589,26,552,266.691,2678.1094,Medium Value
17721,18-02-2010 15:18,18-02-2010 15:18,1,307.21,107,659,0,307.21,309.68695,Low Value
17722,04-09-2011 15:22,29-11-2010 09:44,5,3520.22,2412,96,279,704.044,3690.1592,Medium Value
17723,04-08-2011 18:37,29-11-2010 10:35,7,3378.4,912,127,248,482.6285714,2956.2793,Medium Value
17724,29-09-2011 15:26,24-07-2011 13:26,3,1033,300,71,67,344.3333333,911.21295,Medium Value
17725,23-11-2011 16:34,17-03-2011 19:47,11,3439.08,2162,16,250,312.6436364,3697.5828,Medium Value
17726,09-11-2010 13:37,26-01-2010 14:58,7,1092.06,444,395,286,156.0085714,1060.1191,Medium Value
17727,24-11-2011 17:06,24-11-2011 17:06,1,1060.25,645,15,0,1060.25,1196.2793,Medium Value
17728,06-12-2011 08:52,12-09-2010 14:58,5,4238.76,2146,4,449,847.752,3935.2014,Medium Value
17729,22-04-2010 15:03,22-04-2010 15:03,1,438.65,247,596,0,438.65,450.63373,Low Value
17730,06-12-2011 15:43,29-04-2010 11:48,20,7773.8,5300,3,586,388.69,7885.8867,High Value
17731,21-09-2011 15:02,09-02-2010 12:37,6,1708.99,707,79,589,284.8316667,1593.9022,Medium Value
17732,02-12-2010 09:29,09-08-2010 08:41,8,2166.42,1058,373,115,270.8025,1958.593,Medium Value
17733,01-11-2011 08:16,23-03-2011 09:54,2,692.19,463,39,222,346.095,779.87915,Low Value
17734,17-10-2011 12:33,07-03-2010 13:55,6,1442.32,741,54,588,240.3866667,1412.7024,Medium Value
17735,07-12-2011 16:47,30-07-2010 13:25,26,16790.33,10683,2,495,645.7819231,15929.527,High Value
17736,30-11-2011 15:36,18-08-2011 14:33,3,377.44,238,9,104,125.8133333,399.63434,Low Value
17737,30-11-2011 15:16,12-10-2011 14:42,2,168.24,108,9,49,84.12,197.71426,Low Value
17738,20-11-2011 15:05,19-03-2010 10:07,13,4183.56,2776,19,611,321.8123077,4181.3003,Medium Value
17739,28-11-2011 09:12,07-12-2009 10:48,18,7730.59,2335,12,720,429.4772222,7233.593,High Value
17740,15-11-2010 16:33,11-01-2010 13:11,6,426.9,222,389,308,71.15,501.80383,Low Value
17741,29-10-2010 11:59,28-05-2010 12:11,2,101.1,114,407,153,50.55,169.66547,Low Value
17742,18-08-2011 15:28,01-12-2009 13:16,11,2098.48,653,113,625,190.7709091,1849.603,Medium Value
17743,17-09-2010 14:54,17-09-2010 14:54,1,229.2,96,448,0,229.2,244.20036,Low Value
17744,06-12-2011 12:11,24-11-2010 09:34,7,2649.14,3826,4,377,378.4485714,3021.3464,Medium Value
17745,19-08-2010 12:30,02-06-2010 09:03,2,600.34,164,478,78,300.17,480.0653,Low Value
17746,13-04-2011 14:31,08-04-2010 12:54,4,904.18,688,240,370,226.045,1055.2,Medium Value
17747,19-08-2011 08:13,19-08-2011 08:13,1,71.4,12,113,0,71.4,74.583725,Low Value
17748,30-06-2010 13:49,30-06-2010 13:49,1,358.15,111,527,0,358.15,346.5927,Low Value
17749,14-06-2011 15:45,11-06-2010 14:56,3,1026.18,446,178,368,342.06,1018.62744,Medium Value
17750,04-12-2011 14:09,28-06-2011 15:44,9,1710.45,3747,5,158,190.05,1847.1852,Medium Value
17751,14-10-2010 13:57,14-10-2010 13:57,1,157.86,147,421,0,157.86,158.05597,Low Value
17752,15-12-2010 16:19,15-12-2010 16:19,1,80.64,192,359,0,80.64,78.87771,Low Value
17753,01-09-2010 15:49,06-01-2010 14:20,4,382.06,124,464,238,95.515,402.67044,Low Value
17754,09-12-2011 11:20,11-12-2009 15:52,13,4451.22,4366,1,727,342.4015385,4461.599,Medium Value
17756,29-11-2010 12:20,10-11-2010 12:54,3,728.75,399,376,18,242.9166667,677.2119,Low Value
17757,08-12-2011 15:31,13-01-2010 15:56,56,9074.05,5011,1,693,162.0366071,10593.094,High Value
17758,20-11-2011 14:45,20-05-2010 13:18,12,4964.03,3199,19,549,413.6691667,4910.6094,Medium Value
17759,22-11-2011 16:02,05-05-2010 11:40,5,1261.88,965,17,566,252.376,1397.779,Medium Value
17760,18-11-2011 10:56,28-02-2010 12:15,6,746.39,531,22,627,124.3983333,905.42773,Medium Value
17761,07-11-2011 10:23,07-11-2011 10:23,1,712.78,398,33,0,712.78,688.60004,Low Value
17762,09-09-2010 17:40,09-09-2010 17:40,1,129.75,129,456,0,129.75,125.89756,Low Value
17763,21-03-2011 14:25,18-02-2010 14:32,4,86.15,41,263,395,21.5375,228.0141,Low Value
17764,20-10-2011 11:03,03-12-2009 14:28,5,1513.57,674,51,685,302.714,1342.5352,Medium Value
17765,04-07-2011 12:41,17-09-2010 12:45,4,524,195,159,289,131,455.14005,Low Value
17766,23-11-2010 14:29,23-11-2010 14:17,2,299.61,155,381,0,149.805,256.0027,Low Value
17767,24-11-2011 14:42,25-10-2010 16:22,2,413.05,198,15,394,206.525,350.6718,Low Value
17768,01-12-2011 13:22,02-12-2009 12:26,7,3292.73,2339,8,729,470.39,3631.7322,Medium Value
17769,27-11-2011 11:18,19-01-2010 11:33,17,7053.38,3157,13,676,414.9047059,6756.088,High Value
17770,25-05-2011 12:34,02-03-2011 13:35,5,1143.27,365,199,83,228.654,983.58044,Medium Value
17771,14-10-2011 11:43,29-04-2010 13:21,4,387.41,373,57,532,96.8525,521.6747,Low Value
17772,29-11-2011 11:05,12-11-2010 11:31,3,360.75,113,11,381,120.25,364.721,Low Value
17773,13-07-2010 14:07,18-01-2010 14:32,2,575.37,254,514,175,287.685,514.97864,Low Value
17774,04-09-2011 12:49,08-02-2010 16:06,9,3273.83,1585,97,572,363.7588889,3298.0625,Medium Value
17775,30-03-2011 10:50,30-03-2011 10:50,1,56.4,72,255,0,56.4,70.265274,Low Value
17776,18-11-2010 12:14,16-12-2009 14:59,2,330.56,273,387,336,165.28,325.1746,Low Value
17777,15-11-2011 12:02,31-08-2011 14:35,3,647.56,501,25,75,215.8533333,726.31836,Low Value
17778,16-02-2010 12:44,16-02-2010 12:44,1,197.7,214,662,0,197.7,188.87389,Low Value
17779,18-11-2011 14:15,19-07-2011 12:19,3,650.32,396,21,122,216.7733333,645.16437,Low Value
17780,10-02-2010 13:43,24-01-2010 11:21,3,346.56,156,667,17,115.52,364.721,Low Value
17781,03-07-2011 16:00,31-03-2011 19:54,2,188.02,34,159,93,94.01,208.0816,Low Value
17782,22-11-2010 11:15,22-11-2010 10:03,2,679.02,538,383,0,339.51,746.16455,Low Value
17783,28-09-2011 16:07,15-07-2010 12:50,3,376.96,438,72,440,125.6533333,539.24854,Low Value
17784,07-06-2010 16:08,07-06-2010 16:08,1,112.86,72,550,0,112.86,110.33144,Low Value
17785,17-10-2011 13:43,23-05-2010 13:01,3,403.38,227,53,512,134.46,386.56915,Low Value
17786,15-09-2011 12:51,26-01-2011 14:35,2,266.85,195,85,231,133.425,253.57635,Low Value
17787,10-07-2011 11:24,03-12-2010 13:43,4,1817.54,896,153,218,454.385,1846.7897,Medium Value
17788,27-09-2011 10:09,02-08-2011 10:38,2,1117.9,211,74,55,558.95,970.9879,Medium Value
17789,03-03-2011 13:14,16-02-2010 13:16,2,397.15,199,281,379,198.575,326.33203,Low Value
17790,13-11-2011 11:30,13-06-2010 13:30,20,2779.41,1387,27,517,138.9705,2680.7957,Medium Value
17791,10-11-2011 12:09,10-11-2011 12:09,1,106.1,46,30,0,106.1,90.02224,Low Value
17792,29-08-2010 14:30,18-08-2010 13:08,2,368.35,149,467,11,184.175,326.33203,Low Value
17793,14-11-2011 14:24,14-11-2011 14:24,1,300.34,226,25,0,300.34,313.40213,Low Value
17794,22-01-2010 10:18,20-01-2010 12:17,2,147.3,46,687,1,73.65,159.34492,Low Value
17795,13-06-2011 12:36,20-03-2011 12:02,2,342.83,305,180,85,171.415,437.58688,Low Value
17796,30-10-2011 15:38,14-10-2010 13:37,7,1236.39,347,40,381,176.6271429,1032.5936,Medium Value
17797,17-11-2011 13:21,15-12-2009 14:30,8,1971.87,1086,22,701,246.48375,1826.826,Medium Value
17798,07-05-2010 11:42,07-05-2010 11:42,1,178.07,138,582,0,178.07,191.44595,Low Value
17799,17-11-2011 15:16,13-12-2009 16:03,20,6246.93,3674,22,703,312.3465,5622.0244,High Value
17800,02-11-2011 12:57,09-01-2011 13:50,9,1187.21,732,37,296,131.9122222,1326.9985,Medium Value
17801,14-09-2010 14:32,17-01-2010 11:31,3,770.03,820,451,240,256.6766667,958.9707,Medium Value
17802,18-09-2011 14:56,13-12-2009 13:39,10,4946.22,2705,82,644,494.622,4914.318,Medium Value
17803,12-11-2010 13:53,12-11-2010 13:53,1,184.66,98,392,0,184.66,188.87389,Low Value
17804,28-11-2010 14:01,01-12-2009 12:22,3,383.78,194,376,362,127.9266667,371.4976,Low Value
17805,27-09-2011 11:49,08-04-2010 14:36,2,927.03,1126,74,536,463.515,1060.6572,Medium Value
17806,28-11-2011 14:12,28-11-2011 14:12,1,546.04,727,11,0,546.04,773.982,Low Value
17807,09-11-2010 16:21,04-01-2010 14:00,3,437.87,262,395,309,145.9566667,432.6913,Low Value
17808,09-06-2010 10:44,07-05-2010 16:26,4,262.64,143,549,32,65.66,309.87866,Low Value
17809,23-11-2011 12:59,02-12-2009 14:52,20,10085.89,2995,16,720,504.2945,8974.26,High Value
17810,09-02-2010 10:47,25-01-2010 10:26,2,373.16,118,669,15,186.58,326.33203,Low Value
17811,05-12-2011 13:46,20-09-2010 11:24,47,9519.8,5278,4,441,202.5489362,9481.681,High Value
17812,27-11-2011 11:47,27-06-2010 13:34,7,911.99,444,13,517,130.2842857,935.35266,Medium Value
17813,25-11-2011 16:13,29-09-2011 15:57,5,1698.07,752,14,57,339.614,1499.3392,Medium Value
17814,29-11-2010 14:21,13-10-2010 14:03,2,1609.37,1435,375,47,804.685,1820.0216,Medium Value
17815,11-11-2010 14:39,11-11-2010 14:39,1,591.96,612,393,0,591.96,765.1833,Low Value
17816,03-11-2011 11:34,15-12-2009 15:27,6,96.11,80,37,687,16.01833333,419.93945,Low Value
17817,05-12-2011 14:39,13-10-2010 15:07,6,788.15,353,4,417,131.3583333,797.1711,Low Value
17818,02-12-2009 11:34,02-12-2009 11:34,1,124.78,86,738,0,124.78,110.33144,Low Value
17819,29-09-2011 10:52,13-12-2009 15:24,12,6021.05,1610,72,654,501.7541667,5493.6133,High Value
17820,30-11-2010 17:43,30-11-2010 17:43,1,180.61,111,374,0,180.61,190.86253,Low Value
17821,29-10-2010 13:20,29-10-2010 13:20,1,334.62,162,406,0,334.62,350.98447,Low Value
17822,15-10-2010 13:47,28-05-2010 12:15,5,2162.93,1375,420,140,432.586,2072.992,Medium Value
17823,14-10-2010 16:24,14-10-2010 16:14,2,449.25,252,421,0,224.625,388.9713,Low Value
17824,19-10-2011 14:14,19-10-2011 14:14,1,298.4,408,51,0,298.4,419.56775,Low Value
17825,20-04-2010 12:01,14-12-2009 12:09,4,701.96,516,599,126,175.49,867.1656,Low Value
17826,30-11-2010 13:23,30-11-2010 13:23,1,133.34,84,374,0,133.34,127.68856,Low Value
17827,04-12-2011 15:00,28-03-2010 12:20,6,2376.17,1582,5,616,396.0283333,2460.811,Medium Value
17828,17-11-2011 08:41,08-06-2011 08:31,4,1820.09,667,23,162,455.0225,1653.0872,Medium Value
17829,14-02-2011 12:46,22-02-2010 15:39,5,4756.74,3009,299,356,951.348,4631.527,Medium Value
17830,08-12-2011 12:28,24-02-2011 10:15,3,398.7,92,2,287,132.9,386.56915,Low Value
17831,06-11-2011 15:09,06-11-2011 15:09,1,35.4,12,33,0,35.4,63.282875,Low Value
17832,21-10-2011 11:43,21-10-2011 11:43,1,155.37,208,50,0,155.37,158.05597,Low Value
17833,16-12-2009 13:40,16-12-2009 13:40,1,338.46,143,723,0,338.46,350.98447,Low Value
17834,21-10-2010 12:09,20-09-2010 15:32,2,689.67,639,415,30,344.835,820.8374,Low Value
17835,07-12-2011 11:48,16-11-2011 16:30,3,342.24,344,3,20,114.08,483.72528,Low Value
17836,23-10-2011 16:13,23-10-2011 16:13,1,110.21,88,47,0,110.21,98.262115,Low Value
17837,28-10-2011 16:13,29-06-2011 16:44,8,1541.23,510,42,120,192.65375,1321.737,Medium Value
17838,13-11-2011 11:20,19-03-2010 09:53,13,5604.64,3491,27,604,431.1261538,5638.181,High Value
17839,28-10-2011 17:27,28-10-2011 17:27,1,318.15,257,42,0,318.15,344.60022,Low Value
17840,22-09-2010 12:24,22-09-2010 12:24,1,175.9,128,444,0,175.9,191.44595,Low Value
17841,08-12-2011 12:07,02-12-2009 15:41,211,68545.25,36584,2,735,324.8590047,68491.66,High Value
17842,16-04-2010 14:23,16-04-2010 14:23,1,430.69,89,602,0,430.69,415.72037,Low Value
17843,09-02-2011 15:33,24-10-2010 10:56,2,320.4,251,303,108,160.2,318.857,Low Value
17844,25-08-2011 11:27,25-08-2011 11:27,1,51.56,52,107,0,51.56,63.282875,Low Value
17845,02-06-2010 15:20,12-05-2010 13:04,4,596.09,195,555,21,149.0225,496.9264,Low Value
17846,15-09-2011 15:20,15-09-2011 15:20,1,2033.1,1,85,0,2033.1,2604.2886,Medium Value
17847,12-07-2010 10:00,04-03-2010 12:57,2,129.69,29,516,129,64.845,173.74393,Low Value
17848,19-09-2011 16:49,06-12-2009 13:19,30,3559.11,1404,81,652,118.637,3411.7078,Medium Value
17849,05-05-2011 13:46,14-03-2010 15:17,8,1063.76,224,218,416,132.97,844.27814,Low Value
17850,02-12-2010 15:27,05-12-2009 12:28,155,51208.87,21052,372,362,330.3798065,51210.938,High Value
17851,13-10-2010 15:13,03-12-2009 17:46,6,1552.35,933,422,313,258.725,1664.0659,Medium Value
17852,28-11-2011 12:36,08-12-2009 12:51,5,657.81,372,12,719,131.562,717.3616,Low Value
17853,28-10-2010 15:29,03-12-2009 15:09,3,1596.29,625,407,329,532.0966667,1470.3434,Medium Value
17854,07-06-2011 16:21,08-12-2009 11:13,6,1068.5,607,185,546,178.0833333,1083.6119,Medium Value
17855,02-12-2010 09:44,02-12-2010 09:44,1,208.97,197,373,0,208.97,213.2137,Low Value
17856,08-12-2011 09:40,03-03-2011 11:40,4,1418.03,842,2,279,354.5075,1418.1362,Medium Value
17857,05-12-2011 13:13,08-03-2010 12:09,24,27347.04,19906,4,637,1139.46,27956.477,High Value
17858,04-12-2011 11:56,06-12-2009 15:41,30,12518.65,5383,6,727,417.2883333,12229.667,High Value
17859,08-02-2011 10:32,08-02-2011 10:32,1,141.92,102,305,0,141.92,138.89738,Low Value
17860,06-12-2010 12:41,11-12-2009 16:48,4,717.39,696,369,359,179.3475,929.57544,Medium Value
17861,06-12-2011 16:21,10-12-2009 11:27,18,5088.29,4541,3,726,282.6827778,5752.847,High Value
17862,20-01-2011 12:23,25-05-2010 17:22,4,1254.89,440,324,239,313.7225,1041.164,Medium Value
17863,11-10-2011 13:45,25-02-2010 12:01,12,5360.48,4676,59,593,446.7066667,5711.508,High Value
17864,27-11-2011 11:15,08-10-2010 11:49,5,876.57,1015,13,414,175.314,1054.2803,Medium Value
17865,09-11-2011 12:08,01-12-2009 10:49,46,26312.19,12950,31,708,572.0041304,26311.879,High Value
17866,20-07-2011 11:07,14-12-2009 16:01,3,1134.95,535,143,582,378.3166667,1104.6946,Medium Value
17867,09-11-2011 14:15,02-12-2009 13:39,15,1582.05,638,30,707,105.47,1710.2838,Medium Value
17868,18-11-2010 18:55,18-11-2010 18:55,1,227.15,85,386,0,227.15,244.20036,Low Value
17869,24-08-2011 16:16,10-06-2010 13:47,7,813.64,491,107,440,116.2342857,890.20636,Medium Value
17870,07-12-2011 15:07,23-11-2010 11:39,13,2753.29,1699,2,379,211.7915385,2766.8667,Medium Value
17871,19-05-2011 11:32,15-01-2010 14:48,5,1068.95,665,205,488,213.79,1179.3029,Medium Value
17872,23-11-2010 12:02,23-11-2010 12:02,1,235.87,176,382,0,235.87,244.20036,Low Value
17873,20-09-2011 16:41,16-12-2009 15:11,18,6265.33,4159,80,643,348.0738889,6131.611,High Value
17874,07-06-2011 12:54,29-03-2011 11:25,6,683.46,221,185,70,113.91,652.8689,Low Value
17875,20-01-2010 15:30,20-01-2010 15:30,1,167.1,98,688,0,167.1,158.05597,Low Value
17876,05-11-2010 10:52,02-02-2010 13:00,3,3424.02,1958,400,275,1141.34,3290.785,Medium Value
17877,22-06-2011 13:00,22-06-2011 13:00,1,237.61,98,170,0,237.61,244.20036,Low Value
17878,27-10-2011 11:24,09-11-2010 13:50,3,1378.93,1014,44,351,459.6433333,1477.6627,Medium Value
17879,19-06-2011 12:36,19-06-2011 12:36,1,178.52,45,174,0,178.52,191.44595,Low Value
17880,10-12-2010 10:21,09-12-2009 16:13,3,824.92,466,365,365,274.9733333,832.1419,Low Value
17881,08-02-2011 17:16,08-02-2011 17:16,1,133.35,32,304,0,133.35,127.68856,Low Value
17882,25-11-2010 14:40,25-11-2010 14:35,2,291.56,130,379,0,145.78,237.1847,Low Value
17883,06-12-2011 17:49,25-02-2010 20:07,7,988.42,476,3,648,141.2028571,926.6533,Medium Value
17884,06-12-2011 11:33,04-12-2009 16:23,20,2698.47,2749,4,731,134.9235,4034.547,Medium Value
17885,27-11-2011 14:40,27-11-2011 14:40,1,156.34,110,12,0,156.34,158.05597,Low Value
17886,08-11-2011 10:09,29-04-2010 11:10,6,1572.55,711,32,557,262.0916667,1535.8105,Medium Value
17887,02-08-2011 17:29,02-08-2011 17:29,1,111.35,30,129,0,111.35,103.77736,Low Value
17888,18-11-2011 13:45,21-12-2009 16:34,25,1807.44,1536,21,696,72.2976,2655.5847,Medium Value
17889,11-05-2011 16:26,31-03-2010 10:54,7,746.42,403,212,406,106.6314286,807.48865,Low Value
17890,21-01-2011 11:19,13-12-2010 15:12,2,586.89,402,323,38,293.445,617.4766,Low Value
17891,30-06-2011 20:08,30-06-2011 20:08,1,203.86,393,162,0,203.86,312.1534,Low Value
17892,14-10-2011 16:49,07-07-2011 12:56,3,244.1,109,56,99,81.36666667,308.86932,Low Value
17893,28-04-2011 13:50,28-04-2011 13:50,1,107.21,149,225,0,107.21,98.262115,Low Value
17894,29-09-2011 09:23,27-08-2010 14:13,18,2304.58,938,72,397,128.0322222,2268.0747,Medium Value
17895,26-10-2011 17:00,26-10-2011 17:00,1,95.45,127,44,0,95.45,89.24505,Low Value
17896,16-11-2011 13:59,16-11-2011 13:59,1,256.32,288,23,0,256.32,377.9161,Low Value
17897,20-06-2011 11:23,12-05-2010 16:03,9,2099.89,864,173,403,233.3211111,2031.9001,Medium Value
17898,15-09-2011 14:56,21-05-2010 17:22,4,299.18,251,85,481,74.795,344.79193,Low Value
17899,03-07-2011 14:58,03-07-2011 14:58,1,154.55,170,159,0,154.55,157.71541,Low Value
17900,02-06-2011 14:38,02-06-2011 14:28,2,112.2,73,190,0,56.1,161.50134,Low Value
17901,10-11-2011 17:29,06-07-2010 10:54,3,260.08,38,29,492,86.69333333,308.86932,Low Value
17902,11-06-2010 12:25,11-06-2010 12:25,1,216.4,526,547,0,216.4,436.40308,Low Value
17903,10-11-2010 15:39,10-11-2010 15:39,1,381.09,142,394,0,381.09,364.04288,Low Value
17904,18-11-2011 12:57,18-11-2011 12:57,1,181.07,59,21,0,181.07,190.86253,Low Value
17905,29-09-2011 17:33,28-01-2010 17:54,13,2178.87,1299,71,608,167.6053846,2254.5403,Medium Value
17906,06-04-2011 17:25,06-04-2011 17:25,1,72.9,26,247,0,72.9,74.583725,Low Value
17907,09-03-2010 12:33,09-03-2010 12:33,1,291.76,1046,641,0,291.76,693.24994,Low Value
17908,01-12-2010 11:45,14-12-2009 12:24,5,1142.47,670,374,351,228.494,1232.5748,Medium Value
17909,02-12-2009 13:10,02-12-2009 13:10,1,110.05,35,737,0,110.05,98.262115,Low Value
17910,13-12-2009 16:04,13-12-2009 16:04,1,261.7,121,726,0,261.7,317.09323,Low Value
17911,30-11-2011 14:52,30-11-2011 14:52,1,366.23,223,9,0,366.23,346.5927,Low Value
17912,02-02-2011 14:25,29-11-2010 13:53,6,374.55,215,310,65,62.425,501.80383,Low Value
17913,12-10-2011 10:45,03-12-2009 13:02,14,3429.29,1725,59,677,244.9492857,3340.8997,Medium Value
17914,06-12-2011 11:58,06-12-2011 11:58,1,329.36,457,4,0,329.36,449.56055,Low Value
17915,06-06-2010 13:22,06-06-2010 13:22,1,225.78,184,551,0,225.78,244.20036,Low Value
17916,21-03-2010 12:26,06-12-2009 14:10,2,43.87,90,629,104,21.935,169.66547,Low Value
17917,25-10-2011 13:20,12-12-2010 12:08,3,335.03,184,45,317,111.6766667,358.16693,Low Value
17918,27-07-2010 11:51,22-07-2010 14:20,3,396.39,352,501,4,132.13,470.74713,Low Value
17919,12-09-2011 13:41,27-09-2010 10:40,2,1840.32,1452,88,350,920.16,2068.784,Medium Value
17920,05-12-2011 14:29,06-12-2009 10:37,54,23581.78,12265,4,729,436.6996296,23530.18,High Value
17921,06-10-2011 18:56,15-07-2010 20:05,10,2394.36,991,64,447,239.436,2303.2063,Medium Value
17922,14-06-2010 16:32,14-06-2010 16:32,1,170.4,49,543,0,170.4,173.79178,Low Value
17923,02-03-2011 15:15,13-06-2010 13:58,3,497,140,282,262,165.6666667,423.25418,Low Value
17924,28-11-2011 09:11,21-10-2010 12:17,8,3257.7,1208,12,402,407.2125,2983.5754,Medium Value
17925,02-12-2010 10:10,02-12-2010 10:10,1,244.08,72,373,0,244.08,266.51257,Low Value
17926,29-07-2011 14:39,09-05-2010 14:07,5,1035.49,572,133,446,207.098,1051.7101,Medium Value
17927,18-12-2009 11:03,18-12-2009 11:03,1,294,108,722,0,294,313.40213,Low Value
17928,25-10-2011 13:52,17-05-2010 15:30,3,341.24,222,45,525,113.7466667,364.721,Low Value
17929,28-11-2011 16:01,09-12-2009 11:40,12,3082.1,434,11,719,256.8416667,2346.1128,Medium Value
17930,04-11-2011 10:23,04-03-2010 10:41,13,4275.22,3795,36,609,328.8630769,4302.806,Medium Value
17931,28-07-2011 18:33,16-02-2010 15:47,14,3402.24,1919,134,527,243.0171429,3415.8093,Medium Value
17932,10-11-2011 19:49,12-05-2011 13:58,3,1331.57,789,29,182,443.8566667,1301.0951,Medium Value
17933,17-03-2010 15:11,17-03-2010 15:11,1,114.69,63,632,0,114.69,110.33144,Low Value
17934,19-10-2011 11:16,29-10-2010 12:23,3,1049.15,628,52,354,349.7166667,1105.4576,Medium Value
17935,24-07-2011 13:18,04-12-2009 14:33,7,686.14,244,138,596,98.02,657.7286,Low Value
17936,04-12-2011 13:32,04-12-2011 13:32,1,380.13,257,5,0,380.13,398.95615,Low Value
17937,01-12-2011 11:45,12-12-2010 14:43,7,4301.22,1754,9,353,614.46,4050.2861,Medium Value
17938,15-10-2010 14:27,15-10-2010 14:27,1,144.29,53,420,0,144.29,138.89738,Low Value
17939,03-07-2011 12:27,03-07-2011 12:27,1,99.14,40,160,0,99.14,89.24505,Low Value
17940,21-10-2011 13:27,03-12-2009 12:31,16,30306.79,85148,49,687,1894.174375,30623.277,High Value
17941,01-08-2011 08:30,06-01-2010 15:37,4,1433.28,1108,131,571,358.32,1497.3921,Medium Value
17942,02-12-2011 10:45,02-12-2011 10:45,1,77.5,38,8,0,77.5,78.87771,Low Value
17944,12-10-2010 16:25,12-10-2010 16:25,1,74.99,84,423,0,74.99,74.583725,Low Value
17945,12-01-2010 11:40,12-01-2010 11:33,3,360.35,244,697,0,120.1166667,372.03387,Low Value
17946,20-04-2011 17:00,25-03-2011 14:34,2,149.58,75,233,26,74.79,186.9454,Low Value
17947,02-11-2011 13:05,02-11-2011 13:05,1,176.68,168,37,0,176.68,191.44595,Low Value
17948,15-07-2011 12:58,15-07-2011 12:58,1,358.56,144,147,0,358.56,346.5927,Low Value
17949,08-12-2011 18:46,02-12-2009 11:07,118,117314.08,60538,1,736,994.1871186,117011.83,High Value
17950,28-09-2011 15:18,04-01-2010 17:39,7,1166.29,659,72,631,166.6128571,1263.383,Medium Value
17951,31-10-2011 12:30,31-10-2010 15:15,4,1340.58,780,40,364,335.145,1340.5977,Medium Value
17952,26-11-2010 13:54,16-06-2010 11:54,4,788.46,477,378,163,197.115,784.6627,Low Value
17953,17-06-2010 15:08,17-06-2010 15:08,1,159.17,98,540,0,159.17,158.05597,Low Value
17954,04-12-2011 14:15,09-12-2009 13:22,19,3804.38,3180,5,725,200.2305263,4338.0264,Medium Value
17955,25-05-2011 12:00,12-02-2010 16:27,6,949.9,681,199,466,158.3166667,1144.6138,Medium Value
17956,04-04-2011 13:47,04-04-2011 13:47,1,12.75,1,249,0,12.75,63.282875,Low Value
17957,04-10-2011 14:58,04-10-2011 14:58,1,111.68,287,66,0,111.68,173.2482,Low Value
17958,15-08-2011 12:19,11-12-2009 15:37,2,973.88,284,117,611,486.94,864.4985,Low Value
17959,26-04-2010 14:12,26-04-2010 14:12,1,140.75,49,592,0,140.75,138.89738,Low Value
17960,21-06-2011 14:15,08-03-2010 12:22,3,135.08,60,171,470,45.02666667,278.04166,Low Value
17961,18-11-2011 16:55,01-12-2009 14:48,100,2866.74,1491,21,717,28.6674,3125.7751,Medium Value
17962,20-07-2011 14:16,13-01-2010 15:24,4,666.96,633,142,552,166.74,867.9195,Low Value
17963,25-08-2010 15:58,19-01-2010 17:25,4,643.16,341,471,217,160.79,631.92053,Low Value
17964,08-11-2011 10:44,02-12-2010 13:32,2,463.21,294,32,340,231.605,467.10004,Low Value
17965,02-11-2011 09:31,14-12-2009 13:19,29,7006.65,4383,38,687,241.6086207,7368.992,High Value
17966,02-11-2011 10:26,18-01-2010 13:24,10,1963.92,3918,38,652,196.392,2372.671,Medium Value
17967,03-12-2010 11:19,19-10-2010 13:19,2,223.42,111,372,44,111.71,229.66515,Low Value
17968,01-12-2010 12:23,15-07-2010 15:01,4,590.44,352,374,138,147.61,615.9306,Low Value
17969,26-06-2011 13:00,06-12-2009 13:53,20,2354.29,1014,166,566,117.7145,2306.2856,Medium Value
17970,12-05-2011 20:03,12-05-2011 20:03,1,562.79,513,211,0,562.79,782.1828,Low Value
17971,09-06-2010 14:04,09-06-2010 14:04,1,161.94,62,548,0,161.94,158.05597,Low Value
17972,12-04-2011 12:16,12-04-2011 12:16,1,135.19,36,242,0,135.19,127.68856,Low Value
17973,19-10-2011 10:34,19-10-2011 10:34,1,337.04,176,52,0,337.04,350.98447,Low Value
17974,15-11-2011 11:37,28-10-2010 20:03,6,1739.09,1189,25,382,289.8483333,1811.6019,Medium Value
17975,24-11-2011 13:27,06-08-2010 11:24,24,6696.33,2179,15,475,279.01375,6297.2993,High Value
17976,02-12-2010 13:49,02-12-2010 13:49,1,321.79,93,372,0,321.79,309.68695,Low Value
17977,10-11-2011 13:28,04-11-2010 14:26,2,1511.45,1948,29,370,755.725,2151.8525,Medium Value
17978,09-12-2010 14:05,08-12-2009 13:27,4,1159.99,1297,365,366,289.9975,1410.3219,Medium Value
17979,04-11-2011 12:05,25-03-2011 11:34,4,732.41,383,36,224,183.1025,716.5011,Low Value
17980,27-06-2011 12:01,11-11-2010 14:42,4,1012.72,771,166,227,253.18,1146.8318,Medium Value
17981,25-10-2010 10:40,25-10-2010 10:40,1,239.12,260,411,0,239.12,279.1136,Low Value
17982,28-01-2010 09:38,28-01-2010 09:38,1,138.18,117,681,0,138.18,127.68856,Low Value
17983,09-11-2010 13:24,09-11-2010 13:23,1,171.71,108,395,0,171.71,173.79178,Low Value
17984,17-07-2011 15:59,01-12-2009 11:51,5,1152.19,939,145,593,230.438,1335.8798,Medium Value
17985,17-11-2011 14:24,17-11-2011 14:24,1,631.35,171,22,0,631.35,587.47076,Low Value
17986,14-10-2011 14:22,14-10-2011 14:22,1,20.8,10,56,0,20.8,63.282875,Low Value
17987,07-06-2011 14:22,07-06-2010 11:23,5,965.44,981,185,365,193.088,1137.538,Medium Value
17988,28-11-2011 11:00,07-12-2009 13:35,14,489.54,186,12,720,34.96714286,706.2809,Low Value
17989,25-11-2010 13:49,25-11-2010 13:49,1,207.33,300,379,0,207.33,312.1534,Low Value
17990,17-04-2011 11:44,07-12-2009 15:19,6,1527.61,777,237,495,254.6016667,1490.6523,Medium Value
17991,28-04-2011 15:58,27-04-2010 12:46,3,300.3,93,225,366,100.1,327.8175,Low Value
17992,15-11-2010 13:04,15-11-2010 13:04,1,252.88,130,389,0,252.88,317.09323,Low Value
17993,01-04-2010 14:23,01-04-2010 14:23,1,225.99,108,617,0,225.99,244.20036,Low Value
17994,10-08-2011 11:41,29-03-2010 10:37,11,2270.03,2181,122,499,206.3663636,2371.7039,Medium Value
17995,03-03-2011 12:30,17-11-2010 17:01,3,495.48,263,282,105,165.16,458.1675,Low Value
17996,25-11-2010 11:00,11-06-2010 11:48,3,482.33,587,380,166,160.7766667,631.2578,Low Value
17997,26-09-2011 16:13,28-06-2011 17:28,8,1962.46,2273,74,89,245.3075,2210.4385,Medium Value
17998,24-11-2010 15:31,01-12-2009 13:07,3,639.24,561,380,358,213.08,765.8936,Low Value
17999,02-11-2011 15:56,26-11-2010 13:16,3,528.46,286,37,341,176.1533333,542.0857,Low Value
18000,24-05-2010 17:34,24-05-2010 17:34,1,124.25,109,564,0,124.25,110.33144,Low Value
18001,27-11-2011 16:02,02-12-2009 15:38,6,924.14,874,12,725,154.0233333,1085.6107,Medium Value
18002,29-11-2010 10:57,08-12-2009 11:07,4,244.37,71,376,355,61.0925,309.87866,Low Value
18003,28-11-2010 15:09,28-11-2010 15:09,1,353.51,297,376,0,353.51,386.2537,Low Value
18004,12-12-2010 13:47,12-12-2010 13:47,1,157.92,75,362,0,157.92,158.05597,Low Value
18005,06-12-2011 11:51,23-10-2011 14:40,2,226.47,86,4,43,113.235,236.21922,Low Value
18006,16-11-2011 16:52,17-12-2009 12:27,4,969.51,395,23,699,242.3775,852.0576,Low Value
18007,12-11-2010 11:08,12-11-2010 11:08,1,215.22,246,393,0,215.22,269.37836,Low Value
18008,30-09-2011 15:17,06-01-2010 12:35,23,19759.08,7825,70,632,859.0904348,18816.756,High Value
18009,18-04-2011 13:36,25-02-2010 11:49,8,2144.23,651,235,417,268.02875,1825.0188,Medium Value
18010,28-03-2011 12:27,28-03-2011 12:27,1,174.8,60,257,0,174.8,173.79178,Low Value
18011,01-12-2010 17:35,21-05-2010 13:28,2,410.79,125,373,194,205.395,350.6718,Low Value
18012,16-12-2009 13:16,16-12-2009 13:16,1,115.3,63,723,0,115.3,110.33144,Low Value
18013,07-07-2011 14:11,07-07-2011 14:08,2,187.29,285,155,0,93.645,265.92267,Low Value
18014,11-11-2011 15:28,11-11-2011 15:28,1,162.22,66,28,0,162.22,158.05597,Low Value
18015,05-12-2011 14:49,05-12-2011 14:49,1,120.03,157,4,0,120.03,110.33144,Low Value
18016,07-11-2011 13:25,27-01-2010 16:00,7,1954.56,1207,32,648,279.2228571,2016.358,Medium Value
18017,19-09-2011 16:15,04-10-2010 15:11,4,688,400,81,350,172,686.4666,Low Value
18018,23-08-2011 17:37,15-10-2010 11:05,4,297.99,186,108,312,74.4975,309.87866,Low Value
18019,19-10-2011 12:10,19-10-2011 12:10,1,38.45,7,52,0,38.45,63.282875,Low Value
18020,14-06-2010 12:31,14-06-2010 12:31,1,190.48,67,544,0,190.48,188.87389,Low Value
18021,18-07-2010 10:52,15-07-2010 18:47,2,216.41,168,510,2,108.205,196.54942,Low Value
18022,04-11-2011 12:45,11-06-2010 13:59,5,1507.25,1311,36,510,301.45,1623.1221,Medium Value
18024,10-07-2011 12:40,10-07-2011 12:28,2,389.78,184,153,0,194.89,298.73157,Low Value
18025,25-11-2010 12:37,30-03-2010 17:33,6,1177.72,1053,380,239,196.2866667,1311.672,Medium Value
18026,27-07-2010 10:37,22-07-2010 16:21,2,2074.07,530,501,4,1037.035,1619.5612,Medium Value
18027,02-09-2011 10:38,02-09-2011 10:38,1,115.31,78,99,0,115.31,110.33144,Low Value
18028,05-05-2010 13:28,05-05-2010 13:28,1,192.05,133,583,0,192.05,188.87389,Low Value
18029,07-03-2010 15:30,07-03-2010 15:30,1,433.77,253,642,0,433.77,450.63373,Low Value
18030,05-12-2011 16:37,28-10-2011 13:55,2,230.65,67,4,38,115.325,236.21922,Low Value
18031,26-11-2010 11:00,26-11-2010 11:00,1,451.3,298,379,0,451.3,451.84476,Low Value
18032,09-01-2011 15:32,09-01-2011 15:32,1,73.5,42,334,0,73.5,74.583725,Low Value
18033,05-10-2011 17:28,05-10-2011 17:28,1,93.82,252,65,0,93.82,124.15836,Low Value
18034,18-11-2011 12:22,29-11-2010 12:36,3,754.2,951,22,353,251.4,998.0226,Medium Value
18035,04-11-2011 12:39,19-11-2010 13:42,5,1260.23,1134,36,349,252.046,1336.057,Medium Value
18036,07-11-2011 14:40,18-12-2009 12:04,11,1545.49,741,32,689,140.4990909,1543.7845,Medium Value
18037,08-07-2011 13:39,01-12-2009 13:48,15,167.42,37,154,583,11.16133333,736.7171,Low Value
18038,01-06-2010 15:59,01-06-2010 15:59,1,141.48,80,556,0,141.48,138.89738,Low Value
18039,30-11-2010 13:07,09-03-2010 11:19,4,548.22,555,374,266,137.055,684.707,Low Value
18040,20-11-2011 14:20,08-04-2011 08:27,2,357.2,148,19,226,178.6,323.6512,Low Value
18041,28-11-2011 11:39,14-01-2010 10:04,38,8018.77,7316,12,683,211.0202632,8698.574,High Value
18042,17-10-2011 11:49,16-06-2010 10:53,2,281.15,69,54,488,140.575,264.7851,Low Value
18043,15-11-2011 12:48,08-12-2010 12:35,3,529.29,265,25,342,176.43,491.55746,Low Value
18044,05-12-2011 14:26,28-05-2010 15:31,18,3505.61,1598,4,555,194.7561111,3186.307,Medium Value
18045,25-10-2011 13:07,25-10-2011 13:07,1,178.34,138,45,0,178.34,191.44595,Low Value
18046,28-02-2010 11:36,28-02-2010 11:36,1,189.63,44,650,0,189.63,188.87389,Low Value
18047,23-11-2010 13:11,23-11-2010 12:57,2,326.09,130,381,0,163.045,262.66083,Low Value
18048,20-05-2011 14:58,03-08-2010 13:03,3,394.93,256,203,290,131.6433333,415.20044,Low Value
18049,28-09-2010 14:26,28-04-2010 13:24,2,500.92,402,437,153,250.46,573.5483,Low Value
18050,15-12-2010 14:25,11-11-2010 15:51,2,412.06,250,359,33,206.03,385.58514,Low Value
18051,15-03-2010 13:58,09-12-2009 12:17,7,2282.28,1661,634,96,326.04,2340.5342,Medium Value
18052,24-05-2010 11:11,24-05-2010 11:11,1,10877.18,17766,565,0,10877.18,11129.592,High Value
18053,30-09-2011 09:05,30-06-2010 12:36,3,571.07,409,71,456,190.3566667,599.5732,Low Value
18054,12-11-2010 08:18,12-11-2010 08:18,1,176.5,96,393,0,176.5,191.44595,Low Value
18055,02-12-2011 14:25,22-10-2010 13:27,14,10142.64,3534,7,406,724.4742857,9479.663,High Value
18056,24-02-2011 14:27,31-03-2010 12:29,2,554.6,334,288,330,277.3,606.4716,Low Value
18057,11-11-2010 16:55,18-01-2010 12:42,3,1188.46,970,393,297,396.1533333,1333.3353,Medium Value
18058,30-11-2011 08:38,10-02-2010 09:38,3,774.06,394,10,657,258.02,727.79266,Low Value
18059,16-11-2011 16:49,03-10-2011 09:30,3,306.46,258,23,44,102.1533333,362.73083,Low Value
18060,27-10-2010 16:41,24-05-2010 08:34,2,1185.46,902,408,156,592.73,1407.1722,Medium Value
18061,18-11-2011 11:20,04-12-2009 11:36,28,6083.81,3359,22,713,217.2789286,6080.052,High Value
18062,19-06-2011 14:47,21-04-2010 08:55,6,1632.67,831,173,424,272.1116667,1578.3456,Medium Value
18063,14-11-2010 10:46,16-03-2010 13:05,2,186.6,48,391,242,93.3,201.52905,Low Value
18064,29-07-2011 16:39,01-02-2010 15:01,11,4481.83,2685,133,543,407.4390909,4411.9897,Medium Value
18065,04-12-2011 10:30,09-12-2009 16:00,29,5866.63,2265,6,724,202.2975862,5429.24,High Value
18066,25-09-2011 15:30,20-10-2010 11:42,3,1440.4,535,75,340,480.1333333,1315.3805,Medium Value
18067,30-10-2011 15:58,30-10-2011 15:58,1,396.33,189,40,0,396.33,369.72076,Low Value
18068,23-02-2011 14:50,23-02-2011 14:50,1,101.7,6,289,0,101.7,89.24505,Low Value
18069,13-11-2011 16:03,28-02-2010 16:14,11,4464.92,3168,26,622,405.9018182,4385.037,Medium Value
18070,08-02-2010 13:28,08-02-2010 13:28,1,314.1,86,669,0,314.1,309.68695,Low Value
18071,27-03-2011 11:59,05-12-2009 10:31,6,1169.68,678,258,477,194.9466667,1239.1262,Medium Value
18072,07-06-2011 10:44,07-06-2011 10:44,1,247.44,288,186,0,247.44,356.66455,Low Value
18073,17-08-2011 14:02,26-05-2011 19:38,12,3859.82,3102,114,82,321.6516667,3934.9116,Medium Value
18074,01-12-2010 09:53,22-07-2010 10:31,2,1019.44,361,374,131,509.72,948.3003,Medium Value
18075,16-11-2011 15:21,29-07-2010 11:47,20,5783.29,3281,23,475,289.1645,5496.396,High Value
18076,24-11-2010 14:02,24-11-2010 14:02,1,151.49,164,380,0,151.49,157.71541,Low Value
18077,01-12-2011 13:32,07-12-2009 11:40,18,4078.79,3020,8,724,226.5994444,4225.4614,Medium Value
18078,06-05-2011 14:32,21-03-2010 15:50,4,725.53,370,217,410,181.3825,703.5373,Low Value
18079,25-10-2011 15:27,05-08-2010 12:19,5,4203.93,8730,45,446,840.786,4979.7993,Medium Value
18080,21-11-2011 08:02,11-04-2011 10:10,2,1231.5,642,19,223,615.75,1195.9425,Medium Value
18081,03-11-2011 16:30,29-07-2011 11:56,3,343.45,195,36,97,114.4833333,364.721,Low Value
18082,14-11-2011 12:45,14-11-2011 12:45,1,680.84,608,26,0,680.84,805.6215,Low Value
18083,07-11-2010 11:44,07-11-2010 11:44,1,463.53,268,398,0,463.53,453.65872,Low Value
18084,23-11-2011 13:57,16-11-2010 08:09,3,795.23,755,16,372,265.0766667,918.18933,Medium Value
18085,13-01-2011 15:17,21-03-2010 11:57,4,1341.85,507,330,298,335.4625,1185.0549,Medium Value
18086,10-03-2011 13:34,10-03-2011 13:34,1,101.34,106,274,0,101.34,89.24505,Low Value
18087,02-09-2011 15:12,01-12-2009 09:43,17,14761.52,7775,98,640,868.3247059,14897.923,High Value
18088,09-10-2011 13:41,09-10-2011 13:41,1,166.03,107,61,0,166.03,158.05597,Low Value
18089,19-09-2010 11:57,19-09-2010 11:57,1,428.45,95,447,0,428.45,415.72037,Low Value
18090,14-10-2010 12:32,14-10-2010 12:32,1,321.9,307,422,0,321.9,402.86157,Low Value
18091,25-04-2010 13:18,25-04-2010 13:18,1,360.85,539,593,0,360.85,521.5476,Low Value
18092,07-12-2011 13:14,04-12-2009 12:37,18,14693.72,8298,2,733,816.3177778,14548.216,High Value
18093,07-09-2011 15:43,31-03-2010 10:27,8,4452.71,3429,93,525,556.58875,5111.7373,Medium Value
18094,19-09-2011 09:28,07-01-2010 11:16,13,6391.52,4164,82,619,491.6553846,6288.3877,High Value
18095,31-01-2011 12:50,19-04-2010 14:09,5,2303.09,1623,313,286,460.618,2366.327,Medium Value
18096,28-11-2011 12:44,14-07-2010 14:30,6,1657.87,1409,12,501,276.3116667,1759.895,Medium Value
18097,02-12-2011 11:16,17-12-2009 11:06,11,4627.92,2716,8,715,420.72,4797.5117,Medium Value
18098,08-11-2010 16:31,08-11-2010 16:31,1,527.94,215,396,0,527.94,484.40573,Low Value
18099,04-08-2011 15:52,04-08-2011 15:52,1,168.31,149,127,0,168.31,158.05597,Low Value
18100,07-06-2010 14:19,07-06-2010 14:19,1,451.56,440,550,0,451.56,474.47247,Low Value
18101,28-11-2011 13:37,03-02-2010 13:52,5,622.01,247,11,662,124.402,617.7046,Low Value
18102,09-12-2011 11:50,01-12-2009 09:24,145,580987.04,181645,1,738,4006.807172,577378.25,High Value
18103,08-06-2010 13:36,08-06-2010 13:36,1,105.8,23,549,0,105.8,90.02224,Low Value
18104,02-11-2011 14:07,02-11-2011 14:07,1,754.64,362,37,0,754.64,828.1778,Low Value
18105,02-11-2011 12:04,02-11-2011 12:04,1,113.48,46,38,0,113.48,110.33144,Low Value
18106,14-01-2011 12:23,15-01-2010 11:36,6,1441.06,506,330,364,240.1766667,1205.6947,Medium Value
18107,23-09-2010 13:03,23-09-2010 13:03,1,165.88,65,442,0,165.88,158.05597,Low Value
18108,30-03-2011 13:56,02-12-2009 12:47,3,848.81,261,254,483,282.9366667,638.8255,Low Value
18109,08-12-2011 11:36,01-07-2010 12:13,38,9555.71,4822,2,524,251.4660526,9506.605,High Value
18110,20-11-2011 12:34,24-10-2010 14:21,2,392.28,169,20,391,196.14,326.33203,Low Value
18111,29-04-2010 12:58,29-04-2010 12:58,1,405.85,232,589,0,405.85,370.66904,Low Value
18112,27-11-2011 14:43,06-06-2010 12:40,4,773.36,443,12,539,193.34,796.96747,Low Value
18113,06-12-2010 12:31,06-12-2010 12:31,1,76.32,72,369,0,76.32,78.87771,Low Value
18114,22-02-2011 13:20,22-02-2011 13:20,1,220.1,55,290,0,220.1,234.4651,Low Value
18115,11-01-2010 11:57,11-01-2010 11:57,1,9.7,3,698,0,9.7,63.282875,Low Value
18116,03-10-2011 11:00,24-10-2010 15:29,13,2134.49,1267,68,343,164.1915385,2254.5403,Medium Value
18117,14-11-2011 12:47,14-11-2011 12:47,1,315.65,605,26,0,315.65,462.57367,Low Value
18118,29-11-2011 11:32,23-11-2010 13:36,29,6221.02,3184,11,370,214.517931,6086.8438,High Value
18119,07-12-2010 11:59,07-12-2010 11:59,1,180.7,124,368,0,180.7,190.86253,Low Value
18120,09-05-2011 13:45,09-05-2011 13:45,1,111.15,31,214,0,111.15,103.77736,Low Value
18121,13-07-2011 12:53,08-07-2011 12:14,2,653.3,438,149,5,326.65,673.93713,Low Value
18122,01-12-2011 13:08,12-07-2011 11:37,6,1793.06,1225,8,142,298.8433333,1881.1415,Medium Value
18123,15-11-2011 14:23,14-07-2010 12:47,3,666.64,616,24,489,222.2133333,765.8936,Low Value
18124,24-08-2010 17:21,24-08-2010 17:21,1,102.65,47,472,0,102.65,89.24505,Low Value
18125,10-11-2011 12:29,27-01-2011 15:02,4,1131.75,800,30,286,282.9375,1197.83,Medium Value
18126,10-10-2011 12:19,10-10-2011 12:19,1,200.92,135,61,0,200.92,188.87389,Low Value
18127,20-11-2011 14:05,01-11-2010 13:56,4,556.13,250,19,384,139.0325,501.8128,Low Value
18128,20-06-2010 13:19,20-06-2010 13:19,1,399.29,216,537,0,399.29,369.72076,Low Value
18129,10-04-2011 14:16,10-04-2011 14:16,1,112.55,48,243,0,112.55,110.33144,Low Value
18130,24-11-2011 14:40,13-10-2011 15:58,3,1059.39,824,15,41,353.13,1123.9814,Medium Value
18131,18-03-2010 08:48,18-03-2010 08:48,1,222.96,552,632,0,222.96,426.37598,Low Value
18132,23-07-2010 16:54,23-07-2010 16:54,1,220.13,212,504,0,220.13,234.4651,Low Value
18133,11-05-2011 14:14,11-05-2011 14:14,1,931.5,1350,212,0,931.5,1421.9843,Medium Value
18134,20-04-2010 14:02,14-01-2010 11:59,2,445,128,598,96,222.5,371.92322,Low Value
18135,10-11-2011 19:32,15-03-2010 13:55,10,1249.62,753,29,605,124.962,1326.9315,Medium Value
18136,07-10-2011 15:40,14-09-2010 15:50,5,1631.36,860,63,387,326.272,1569.7621,Medium Value
18137,06-06-2010 14:18,06-06-2010 13:45,2,145.99,59,551,0,72.995,165.81981,Low Value
18138,17-02-2011 14:51,17-02-2011 14:51,1,152.65,38,295,0,152.65,157.71541,Low Value
18139,22-11-2011 10:44,21-11-2011 14:06,6,8438.34,5557,18,0,1406.39,8340.627,High Value
18140,23-08-2010 11:58,23-08-2010 11:58,1,536.41,395,474,0,536.41,555.3799,Low Value
18141,03-11-2010 11:44,29-04-2010 15:32,2,882.47,433,402,187,441.235,827.06726,Low Value
18142,05-07-2011 13:19,08-05-2011 12:31,2,1019.52,1276,157,58,509.76,1269.8971,Medium Value
18143,15-08-2011 12:07,21-07-2011 10:44,2,1000.16,570,117,25,500.08,993.52057,Medium Value
18144,02-12-2011 12:46,16-12-2009 15:57,19,4892.95,2144,8,715,257.5236842,5120.5312,Medium Value
18145,27-11-2011 11:22,08-12-2009 12:30,11,5609.74,5104,13,718,509.9763636,5864.392,High Value
18146,22-07-2011 12:08,03-05-2011 16:35,2,160.35,153,141,79,80.175,197.71426,Low Value
18147,25-10-2011 11:46,23-08-2011 12:22,2,179.34,203,46,62,89.67,201.52905,Low Value
18148,03-03-2010 11:40,03-03-2010 11:40,1,112.85,63,647,0,112.85,110.33144,Low Value
18149,20-10-2011 12:04,14-03-2010 12:41,7,1553.96,869,51,584,221.9942857,1521.2426,Medium Value
18150,07-11-2011 16:49,22-05-2011 10:47,3,566.58,332,32,169,188.86,599.5732,Low Value
18151,28-07-2011 11:35,04-03-2010 10:47,6,1879.44,986,135,511,313.24,1850.686,Medium Value
18152,03-03-2010 15:26,03-03-2010 15:26,1,426.69,75,646,0,426.69,415.72037,Low Value
18153,18-02-2010 15:50,18-02-2010 15:50,1,246.22,200,659,0,246.22,266.51257,Low Value
18154,06-12-2011 16:41,06-08-2010 09:18,5,932.6,626,3,487,186.52,1119.3303,Medium Value
18155,25-09-2011 13:32,21-02-2011 10:36,3,371.62,266,75,216,123.8733333,399.63434,Low Value
18156,27-11-2011 12:24,05-12-2010 12:29,2,675.64,283,13,356,337.82,611.2675,Low Value
18157,17-05-2010 14:09,17-05-2010 14:09,1,213.9,145,571,0,213.9,234.4651,Low Value
18158,30-11-2011 16:19,12-09-2011 09:03,2,453.4,354,9,79,226.7,521.9068,Low Value
18159,11-02-2011 14:26,11-02-2011 14:26,1,530.15,139,301,0,530.15,484.40573,Low Value
18160,13-10-2011 15:50,18-11-2010 16:33,3,1003.88,519,57,328,334.6266667,1044.9242,Medium Value
18161,24-11-2011 16:40,25-11-2010 15:55,6,1803.1,965,15,364,300.5166667,1851.343,Medium Value
18162,07-12-2009 13:24,07-12-2009 13:24,1,371.51,332,732,0,371.51,443.37198,Low Value
18163,04-05-2010 14:51,04-05-2010 14:51,1,728.84,452,584,0,728.84,811.65704,Low Value
18164,02-11-2011 12:56,02-11-2011 12:56,1,399.65,184,37,0,399.65,369.72076,Low Value
18165,15-06-2011 13:23,15-06-2011 13:23,1,302.46,254,177,0,302.46,348.3154,Low Value
18166,26-03-2010 12:26,26-03-2010 12:26,1,175.5,90,624,0,175.5,191.44595,Low Value
18167,16-11-2011 15:56,26-08-2011 11:40,3,1384.86,382,23,82,461.62,1066.0594,Medium Value
18168,16-06-2011 19:21,03-12-2009 17:29,16,3435.5,1995,176,560,214.71875,3448.9146,Medium Value
18169,10-10-2011 12:18,10-10-2011 12:18,1,202.65,61,61,0,202.65,213.2137,Low Value
18170,06-11-2011 14:35,08-01-2010 14:10,9,2878,1184,33,667,319.7777778,2775.9724,Medium Value
18171,12-10-2011 09:13,05-01-2010 10:46,9,2437.31,991,59,644,270.8122222,2250.4688,Medium Value
18172,25-11-2011 11:12,11-12-2009 09:58,52,17467.24,7407,15,714,335.9084615,17486.941,High Value
18173,14-09-2011 11:26,06-04-2010 10:43,5,2696.36,1730,87,526,539.272,2684.468,Medium Value
18174,02-12-2011 16:56,15-04-2010 12:17,2,162.5,80,7,596,81.25,194.54721,Low Value
18175,02-02-2010 10:25,02-02-2010 10:25,1,176.1,70,676,0,176.1,191.44595,Low Value
18176,16-12-2010 15:45,16-12-2010 15:45,1,476.35,283,358,0,476.35,517.6537,Low Value
18177,08-11-2011 14:44,15-12-2009 18:57,9,2216.32,1238,31,692,246.2577778,2189.2844,Medium Value
18178,03-08-2011 09:30,18-02-2010 14:25,11,6103.74,3850,129,530,554.8854545,5884.9233,High Value
18179,30-11-2011 16:23,14-02-2010 15:51,8,2547.55,1811,9,654,318.44375,2644.9172,Medium Value
18180,05-12-2011 08:39,20-07-2011 08:59,6,1843.75,1721,5,137,307.2916667,2096.7834,Medium Value
18181,15-11-2011 15:08,04-12-2009 15:30,5,1188.34,510,24,710,237.668,1146.6252,Medium Value
18182,02-09-2010 14:25,02-09-2010 14:25,1,291.13,167,463,0,291.13,313.40213,Low Value
18183,26-04-2011 15:26,10-03-2011 10:08,2,632.07,371,227,47,316.035,628.062,Low Value
18184,24-11-2011 15:28,24-11-2011 15:28,1,49.8,60,15,0,49.8,63.282875,Low Value
18185,04-04-2011 13:42,04-04-2011 13:42,1,304.25,183,249,0,304.25,311.2562,Low Value
18186,17-12-2009 10:22,17-12-2009 10:22,1,329.58,338,723,0,329.58,416.692,Low Value
18187,18-03-2010 09:49,18-03-2010 09:49,1,724.89,310,632,0,724.89,785.89294,Low Value
18188,24-11-2011 16:46,26-03-2010 11:37,6,3280.59,1888,15,608,546.765,3221.835,Medium Value
18189,23-09-2011 12:40,24-03-2010 09:57,3,1403.73,836,78,548,467.91,1406.9203,Medium Value
18190,31-05-2011 14:48,22-12-2009 12:05,5,745.62,490,192,525,149.124,811.9461,Low Value
18191,23-03-2011 12:08,19-08-2010 17:42,2,529.4,332,262,215,264.7,594.79987,Low Value
18192,29-09-2011 09:53,29-09-2011 09:53,1,957.97,339,72,0,957.97,896.56854,Medium Value
18193,27-06-2011 13:58,23-09-2010 13:33,3,1207.35,926,165,277,402.45,1333.3353,Medium Value
18194,18-09-2011 13:29,28-01-2010 15:30,6,4162.04,1774,82,597,693.6733333,3846.1648,Medium Value
18195,17-11-2010 15:03,17-11-2010 15:03,1,101.16,60,387,0,101.16,89.24505,Low Value
18196,05-09-2011 16:22,17-03-2010 14:55,4,1457.19,1038,95,537,364.2975,1497.3921,Medium Value
18197,13-05-2010 10:46,13-05-2010 10:46,1,230.1,166,576,0,230.1,244.20036,Low Value
18198,05-12-2011 14:49,07-01-2011 13:39,17,5425.56,4074,4,332,319.1505882,5621.3047,High Value
18199,25-01-2010 11:32,25-01-2010 11:32,1,344.75,99,684,0,344.75,350.98447,Low Value
18200,25-08-2011 18:45,25-08-2011 18:45,1,150.35,104,106,0,150.35,157.71541,Low Value
18201,17-12-2009 08:55,17-12-2009 08:55,1,447.53,191,723,0,447.53,416.99185,Low Value
18202,24-05-2011 12:12,01-02-2011 13:36,3,1396.99,581,200,111,465.6633333,1202.4545,Medium Value
18203,05-07-2011 13:07,08-12-2009 13:19,4,492.52,111,157,573,123.13,439.57394,Low Value
18204,29-09-2011 16:44,31-05-2011 15:26,3,1975.35,1190,71,121,658.45,1876.2809,Medium Value
18205,03-11-2011 13:22,26-09-2011 12:02,2,517.36,192,36,38,258.68,454.55136,Low Value
18206,04-06-2010 13:47,04-06-2010 13:47,1,314.66,246,553,0,314.66,344.60022,Low Value
18207,28-07-2010 14:26,28-07-2010 14:26,1,544.47,325,499,0,544.47,562.8477,Low Value
18208,23-05-2010 11:54,23-05-2010 11:54,1,360.08,82,566,0,360.08,346.5927,Low Value
18209,11-11-2011 12:07,11-11-2011 12:07,1,139.1,58,29,0,139.1,127.68856,Low Value
18210,08-12-2011 11:02,22-11-2010 09:39,7,2768.83,1499,2,381,395.5471429,2728.2717,Medium Value
18211,14-11-2011 08:10,06-03-2011 12:09,5,600.07,359,26,252,120.014,701.7954,Low Value
18212,17-01-2011 16:14,31-01-2010 14:42,2,514.37,158,326,351,257.185,454.55136,Low Value
18213,17-04-2011 10:21,17-04-2011 10:21,1,232.48,232,237,0,232.48,244.20036,Low Value
18214,27-06-2010 11:21,03-06-2010 19:47,4,1780.34,989,531,23,445.085,1799.6274,Medium Value
18215,11-09-2011 16:05,26-03-2010 13:03,5,2232.49,1131,89,534,446.498,2118.0745,Medium Value
18216,08-11-2011 16:55,08-11-2011 16:55,1,481.75,200,31,0,481.75,486.949,Low Value
18217,10-11-2011 13:18,01-07-2010 15:39,4,945.04,740,29,496,236.26,1055.2,Medium Value
18218,12-05-2011 12:53,17-02-2010 15:11,4,1121.84,1028,211,448,280.46,1229.8551,Medium Value
18219,07-12-2011 11:43,07-12-2009 13:17,17,3352.7,1586,3,729,197.2176471,3187.3909,Medium Value
18220,27-04-2011 09:03,15-12-2009 11:42,6,1921.76,1352,227,497,320.2933333,1934.6453,Medium Value
18221,17-11-2011 14:40,14-11-2010 15:46,6,1424.94,1000,22,367,237.49,1493.4133,Medium Value
18222,08-09-2011 10:45,08-09-2011 10:45,1,443,335,93,0,443,494.16235,Low Value
18223,05-12-2011 09:11,04-12-2009 12:20,26,14000.85,6644,5,730,538.4942308,13677.728,High Value
18224,21-03-2011 10:30,21-03-2011 10:30,1,158.95,69,264,0,158.95,158.05597,Low Value
18225,06-12-2011 13:27,04-12-2009 16:52,26,13014.8,7282,3,731,500.5692308,13079.89,High Value
18226,26-10-2011 13:36,05-03-2010 10:05,26,11878.88,7883,44,600,456.88,12185.829,High Value
18227,06-05-2011 12:23,12-08-2010 16:45,2,388.75,22,218,266,194.375,326.33203,Low Value
18228,14-10-2011 09:21,21-09-2011 10:48,2,779.9,238,57,22,389.95,666.9533,Low Value
18229,28-11-2011 09:48,03-12-2009 14:42,28,10150.51,3071,12,724,362.5182143,10725.188,High Value
18230,30-11-2011 13:22,02-07-2010 10:01,9,4291.06,1996,9,516,476.7844444,4180.521,Medium Value
18231,31-05-2011 14:18,10-01-2010 12:13,28,6854.17,2915,192,506,244.7917857,6282.5405,High Value
18232,19-09-2011 11:49,26-05-2011 16:30,4,592.97,302,82,115,148.2425,615.9306,Low Value
18233,18-01-2011 08:44,18-01-2011 08:44,1,440,4,326,0,440,415.72037,Low Value
18234,06-06-2010 11:22,06-06-2010 11:22,1,179.6,80,552,0,179.6,191.44595,Low Value
18235,29-09-2011 08:27,06-05-2011 13:35,3,1796.48,1578,72,145,598.8266667,2065.972,Medium Value
18236,10-11-2011 08:06,15-04-2010 13:39,12,1795.35,696,30,573,149.6125,1756.7744,Medium Value
18237,07-12-2011 12:49,28-07-2011 13:05,5,987.1,622,3,131,197.42,1119.3303,Medium Value
18238,12-07-2010 12:51,12-07-2010 12:51,1,270.92,114,515,0,270.92,319.02124,Low Value
18239,05-05-2011 12:38,13-10-2010 10:11,6,1712.26,844,219,204,285.3766667,1624.3359,Medium Value
18240,24-10-2011 13:06,24-10-2011 13:06,1,422.58,126,46,0,422.58,415.72037,Low Value
18241,30-11-2011 12:10,01-04-2010 11:55,21,2986.99,1471,10,608,142.237619,2835.322,Medium Value
18242,28-09-2011 13:43,11-01-2010 08:49,8,3605.21,2021,72,625,450.65125,3610.1777,Medium Value
18243,21-10-2010 14:29,21-10-2010 14:29,1,515.78,221,414,0,515.78,484.40573,Low Value
18244,05-10-2010 11:15,25-07-2010 10:30,2,568.64,856,431,72,284.32,819.5912,Low Value
18245,02-12-2011 14:48,08-03-2010 15:26,20,6324.98,5098,7,633,316.249,6290.857,High Value
18246,16-11-2011 11:49,09-04-2010 10:19,3,758.82,214,24,586,252.94,587.5444,Low Value
18247,21-10-2010 09:49,18-03-2010 15:52,3,839.73,335,415,216,279.91,751.38617,Low Value
18248,09-08-2011 10:19,06-06-2011 13:18,2,804.02,511,123,63,402.01,893.2693,Medium Value
18249,22-11-2011 15:07,22-11-2011 15:07,1,95.34,128,17,0,95.34,89.24505,Low Value
18250,02-02-2011 13:16,02-02-2011 13:16,1,349.27,199,310,0,349.27,350.98447,Low Value
18251,13-09-2011 15:03,22-12-2009 12:01,9,26278.86,39639,87,630,2919.873333,26297.959,High Value
18252,20-10-2011 12:43,18-12-2009 16:13,7,1533.69,932,51,670,219.0985714,1666.5892,Medium Value
18253,07-03-2010 12:38,07-03-2010 12:38,1,317.88,128,643,0,317.88,309.68695,Low Value
18254,07-05-2010 14:37,07-05-2010 14:37,1,267.9,188,581,0,267.9,319.02124,Low Value
18255,11-09-2011 13:16,09-09-2010 16:31,2,303.15,201,89,366,151.575,283.6031,Low Value
18256,17-11-2010 08:53,17-11-2010 08:53,1,110.7,180,388,0,110.7,98.262115,Low Value
18257,31-10-2011 14:48,18-02-2010 16:20,12,4600.15,2369,39,619,383.3458333,4468.5005,Medium Value
18258,01-09-2010 14:20,16-05-2010 11:35,6,2059.67,1981,464,108,343.2783333,2234.923,Medium Value
18259,15-11-2011 12:34,08-12-2009 08:38,7,3941.9,1274,25,707,563.1285714,3493.1904,Medium Value
18260,20-06-2011 12:37,15-12-2009 13:50,23,9947.26,5244,173,551,432.4895652,10118.375,High Value
18261,27-10-2011 15:36,05-09-2011 09:34,2,324.24,146,43,52,162.12,283.94366,Low Value
18262,22-07-2011 16:04,16-04-2010 09:05,3,577.54,552,140,462,192.5133333,720.3024,Low Value
18263,14-11-2011 09:00,01-04-2011 11:48,3,1213.16,1468,26,226,404.3866667,1402.3938,Medium Value
18264,29-07-2010 10:02,29-07-2010 10:02,1,603.25,241,499,0,603.25,622.38403,Low Value
18265,28-09-2011 14:10,04-07-2011 15:26,2,801.51,311,72,85,400.755,756.31116,Low Value
18266,01-10-2010 15:33,01-10-2010 15:33,1,251.1,138,434,0,251.1,295.84167,Low Value
18267,05-02-2010 08:43,05-02-2010 08:43,1,269.37,135,673,0,269.37,319.02124,Low Value
18268,28-07-2011 19:13,11-12-2009 10:27,6,1490.23,711,134,594,248.3716667,1412.7024,Medium Value
18269,08-12-2010 13:53,08-12-2010 13:53,1,168.6,76,366,0,168.6,158.05597,Low Value
18270,01-11-2011 13:57,03-10-2010 10:49,3,444.55,209,38,394,148.1833333,416.596,Low Value
18271,09-04-2010 09:26,08-12-2009 11:27,2,680.85,319,610,121,340.425,700.6255,Low Value
18272,07-12-2011 12:43,04-03-2010 12:53,9,4385.98,2880,3,642,487.3311111,4642.425,Medium Value
18273,07-12-2011 13:16,28-04-2010 12:24,4,357,140,2,588,89.25,379.01593,Low Value
18274,09-11-2011 17:03,09-11-2011 17:03,1,175.92,88,30,0,175.92,191.44595,Low Value
18275,10-05-2010 15:46,08-12-2009 16:23,2,741.85,417,578,152,370.925,781.9658,Low Value
18276,27-10-2011 10:54,10-12-2009 17:14,6,1656.52,1246,44,685,276.0866667,1704.8364,Medium Value
18277,12-10-2011 15:22,02-08-2010 10:26,5,1180.05,449,58,436,236.01,1064.0472,Medium Value
18278,27-09-2011 11:58,31-10-2010 12:13,2,414.2,140,74,330,207.1,350.6718,Low Value
18279,08-07-2010 14:48,08-07-2010 14:48,1,231.34,630,519,0,231.34,521.4317,Low Value
18280,07-03-2011 09:52,10-11-2010 15:51,2,488.15,194,278,116,244.075,403.97076,Low Value
18281,12-06-2011 10:53,11-05-2010 10:49,2,201.14,146,181,397,100.57,208.0816,Low Value
18282,02-12-2011 11:43,05-08-2011 13:35,2,178.05,103,8,118,89.025,201.52905,Low Value
18283,06-12-2011 12:02,19-02-2010 17:16,22,2664.9,1679,4,654,121.1318182,2968.047,Medium Value
18284,04-10-2010 11:33,04-10-2010 11:33,1,461.68,494,432,0,461.68,522.95123,Low Value
18285,17-02-2010 10:24,17-02-2010 10:24,1,427,145,661,0,427,415.72037,Low Value
18286,20-08-2010 11:57,16-12-2009 10:45,2,1296.43,608,477,247,648.215,1201.7572,Medium Value
18287,28-10-2011 09:29,17-05-2010 11:55,7,4182.99,3013,43,528,597.57,4400.9155,Medium Value
